mpan,settlement_date,settlement_period,kwh,reading_type
1900011234567,2025-04-01,1,3.397,A
1900011234567,2025-04-01,2,3.363,A
1900011234567,2025-04-01,3,3.148,A
1900011234567,2025-04-01,4,3.068,A
1900011234567,2025-04-01,5,3.364,A
1900011234567,2025-04-01,6,3.293,A
1900011234567,2025-04-01,7,3.204,A
1900011234567,2025-04-01,8,3.138,A
1900011234567,2025-04-01,9,3.261,A
1900011234567,2025-04-01,10,3.219,A
1900011234567,2025-04-01,11,3.209,A
1900011234567,2025-04-01,12,3.259,A
1900011234567,2025-04-01,13,3.429,A
1900011234567,2025-04-01,14,8.553,A
1900011234567,2025-04-01,15,14.213,A
1900011234567,2025-04-01,16,18.928,A
1900011234567,2025-04-01,17,19.181,A
1900011234567,2025-04-01,18,19.155,A
1900011234567,2025-04-01,19,21.123,A
1900011234567,2025-04-01,20,19.283,A
1900011234567,2025-04-01,21,19.742,A
1900011234567,2025-04-01,22,19.313,A
1900011234567,2025-04-01,23,19.9,A
1900011234567,2025-04-01,24,19.658,A
1900011234567,2025-04-01,25,19.389,A
1900011234567,2025-04-01,26,20.762,A
1900011234567,2025-04-01,27,19.63,A
1900011234567,2025-04-01,28,21.194,A
1900011234567,2025-04-01,29,20.3,A
1900011234567,2025-04-01,30,19.38,A
1900011234567,2025-04-01,31,20.139,A
1900011234567,2025-04-01,32,20.057,A
1900011234567,2025-04-01,33,19.487,A
1900011234567,2025-04-01,34,19.914,A
1900011234567,2025-04-01,35,20.303,A
1900011234567,2025-04-01,36,19.589,A
1900011234567,2025-04-01,37,18.932,A
1900011234567,2025-04-01,38,19.55,A
1900011234567,2025-04-01,39,20.952,A
1900011234567,2025-04-01,40,19.264,A
1900011234567,2025-04-01,41,20.513,A
1900011234567,2025-04-01,42,19.348,A
1900011234567,2025-04-01,43,13.748,A
1900011234567,2025-04-01,44,8.721,A
1900011234567,2025-04-01,45,3.13,A
1900011234567,2025-04-01,46,3.057,A
1900011234567,2025-04-01,47,3.414,A
1900011234567,2025-04-01,48,3.395,A
1900011234567,2025-04-02,1,3.34,A
1900011234567,2025-04-02,2,3.413,A
1900011234567,2025-04-02,3,3.057,A
1900011234567,2025-04-02,4,3.339,A
1900011234567,2025-04-02,5,3.287,A
1900011234567,2025-04-02,6,3.124,A
1900011234567,2025-04-02,7,3.417,A
1900011234567,2025-04-02,8,3.15,A
1900011234567,2025-04-02,9,3.213,A
1900011234567,2025-04-02,10,3.325,A
1900011234567,2025-04-02,11,3.285,A
1900011234567,2025-04-02,12,3.183,A
1900011234567,2025-04-02,13,3.263,A
1900011234567,2025-04-02,14,8.446,A
1900011234567,2025-04-02,15,15.069,A
1900011234567,2025-04-02,16,18.943,A
1900011234567,2025-04-02,17,21.105,A
1900011234567,2025-04-02,18,19.238,A
1900011234567,2025-04-02,19,19.707,A
1900011234567,2025-04-02,20,19.738,A
1900011234567,2025-04-02,21,19.708,A
1900011234567,2025-04-02,22,18.938,A
1900011234567,2025-04-02,23,19.913,A
1900011234567,2025-04-02,24,20.683,A
1900011234567,2025-04-02,25,20.478,A
1900011234567,2025-04-02,26,20.793,A
1900011234567,2025-04-02,27,19.662,A
1900011234567,2025-04-02,28,20.618,A
1900011234567,2025-04-02,29,19.727,A
1900011234567,2025-04-02,30,20.3,A
1900011234567,2025-04-02,31,20.581,A
1900011234567,2025-04-02,32,20.546,A
1900011234567,2025-04-02,33,20.044,A
1900011234567,2025-04-02,34,19.747,A
1900011234567,2025-04-02,35,19.565,A
1900011234567,2025-04-02,36,19.987,A
1900011234567,2025-04-02,37,20.456,A
1900011234567,2025-04-02,38,20.587,A
1900011234567,2025-04-02,39,19.953,A
1900011234567,2025-04-02,40,20.574,A
1900011234567,2025-04-02,41,19.951,A
1900011234567,2025-04-02,42,19.067,A
1900011234567,2025-04-02,43,14.098,A
1900011234567,2025-04-02,44,8.753,A
1900011234567,2025-04-02,45,3.309,A
1900011234567,2025-04-02,46,3.193,A
1900011234567,2025-04-02,47,3.372,A
1900011234567,2025-04-02,48,3.111,A
1900011234567,2025-04-03,1,3.092,A
1900011234567,2025-04-03,2,3.261,A
1900011234567,2025-04-03,3,3.327,A
1900011234567,2025-04-03,4,3.164,A
1900011234567,2025-04-03,5,3.231,A
1900011234567,2025-04-03,6,3.061,A
1900011234567,2025-04-03,7,3.136,A
1900011234567,2025-04-03,8,3.439,A
1900011234567,2025-04-03,9,3.404,A
1900011234567,2025-04-03,10,3.166,A
1900011234567,2025-04-03,11,3.433,A
1900011234567,2025-04-03,12,3.323,A
1900011234567,2025-04-03,13,3.433,A
1900011234567,2025-04-03,14,9.361,A
1900011234567,2025-04-03,15,14.753,A
1900011234567,2025-04-03,16,20.391,A
1900011234567,2025-04-03,17,18.973,A
1900011234567,2025-04-03,18,19.305,A
1900011234567,2025-04-03,19,20.903,A
1900011234567,2025-04-03,20,19.538,A
1900011234567,2025-04-03,21,19.594,A
1900011234567,2025-04-03,22,18.867,A
1900011234567,2025-04-03,23,19.263,A
1900011234567,2025-04-03,24,19.909,A
1900011234567,2025-04-03,25,19.442,A
1900011234567,2025-04-03,26,20.933,A
1900011234567,2025-04-03,27,20.096,A
1900011234567,2025-04-03,28,21.04,A
1900011234567,2025-04-03,29,19.46,A
1900011234567,2025-04-03,30,20.314,A
1900011234567,2025-04-03,31,19.202,A
1900011234567,2025-04-03,32,20.885,A
1900011234567,2025-04-03,33,20.709,A
1900011234567,2025-04-03,34,20.892,A
1900011234567,2025-04-03,35,20.643,A
1900011234567,2025-04-03,36,20.0,A
1900011234567,2025-04-03,37,20.403,A
1900011234567,2025-04-03,38,19.418,A
1900011234567,2025-04-03,39,20.035,A
1900011234567,2025-04-03,40,19.795,A
1900011234567,2025-04-03,41,19.88,A
1900011234567,2025-04-03,42,19.604,A
1900011234567,2025-04-03,43,15.256,A
1900011234567,2025-04-03,44,9.085,A
1900011234567,2025-04-03,45,3.197,A
1900011234567,2025-04-03,46,3.34,A
1900011234567,2025-04-03,47,3.283,A
1900011234567,2025-04-03,48,3.103,A
1900011234567,2025-04-04,1,3.158,A
1900011234567,2025-04-04,2,3.117,A
1900011234567,2025-04-04,3,3.197,A
1900011234567,2025-04-04,4,3.139,A
1900011234567,2025-04-04,5,3.388,A
1900011234567,2025-04-04,6,3.068,A
1900011234567,2025-04-04,7,3.176,A
1900011234567,2025-04-04,8,3.22,A
1900011234567,2025-04-04,9,3.148,A
1900011234567,2025-04-04,10,3.289,A
1900011234567,2025-04-04,11,3.182,A
1900011234567,2025-04-04,12,3.363,A
1900011234567,2025-04-04,13,3.164,A
1900011234567,2025-04-04,14,8.66,A
1900011234567,2025-04-04,15,13.818,A
1900011234567,2025-04-04,16,20.443,A
1900011234567,2025-04-04,17,20.854,A
1900011234567,2025-04-04,18,20.096,A
1900011234567,2025-04-04,19,19.343,A
1900011234567,2025-04-04,20,19.306,A
1900011234567,2025-04-04,21,19.591,A
1900011234567,2025-04-04,22,20.663,A
1900011234567,2025-04-04,23,20.816,A
1900011234567,2025-04-04,24,20.651,A
1900011234567,2025-04-04,25,20.371,A
1900011234567,2025-04-04,26,19.444,A
1900011234567,2025-04-04,27,19.166,A
1900011234567,2025-04-04,28,20.501,A
1900011234567,2025-04-04,29,19.376,A
1900011234567,2025-04-04,30,18.821,A
1900011234567,2025-04-04,31,20.106,A
1900011234567,2025-04-04,32,21.025,A
1900011234567,2025-04-04,33,21.07,A
1900011234567,2025-04-04,34,19.09,A
1900011234567,2025-04-04,35,19.058,A
1900011234567,2025-04-04,36,20.245,A
1900011234567,2025-04-04,37,20.44,A
1900011234567,2025-04-04,38,19.589,A
1900011234567,2025-04-04,39,20.891,A
1900011234567,2025-04-04,40,20.667,A
1900011234567,2025-04-04,41,19.286,A
1900011234567,2025-04-04,42,19.031,A
1900011234567,2025-04-04,43,14.472,A
1900011234567,2025-04-04,44,8.532,A
1900011234567,2025-04-04,45,3.18,A
1900011234567,2025-04-04,46,3.073,A
1900011234567,2025-04-04,47,3.135,A
1900011234567,2025-04-04,48,3.344,A
1900011234567,2025-04-05,1,3.288,A
1900011234567,2025-04-05,2,3.177,A
1900011234567,2025-04-05,3,3.398,A
1900011234567,2025-04-05,4,3.088,A
1900011234567,2025-04-05,5,3.195,A
1900011234567,2025-04-05,6,3.364,A
1900011234567,2025-04-05,7,3.195,A
1900011234567,2025-04-05,8,3.271,A
1900011234567,2025-04-05,9,3.403,A
1900011234567,2025-04-05,10,3.371,A
1900011234567,2025-04-05,11,3.424,A
1900011234567,2025-04-05,12,3.369,A
1900011234567,2025-04-05,13,3.24,A
1900011234567,2025-04-05,14,3.376,A
1900011234567,2025-04-05,15,3.443,A
1900011234567,2025-04-05,16,3.438,A
1900011234567,2025-04-05,17,7.325,A
1900011234567,2025-04-05,18,7.283,A
1900011234567,2025-04-05,19,7.06,A
1900011234567,2025-04-05,20,7.013,A
1900011234567,2025-04-05,21,7.315,A
1900011234567,2025-04-05,22,7.197,A
1900011234567,2025-04-05,23,6.898,A
1900011234567,2025-04-05,24,6.752,A
1900011234567,2025-04-05,25,7.148,A
1900011234567,2025-04-05,26,7.351,A
1900011234567,2025-04-05,27,6.715,A
1900011234567,2025-04-05,28,7.245,A
1900011234567,2025-04-05,29,7.04,A
1900011234567,2025-04-05,30,7.104,A
1900011234567,2025-04-05,31,6.981,A
1900011234567,2025-04-05,32,7.209,A
1900011234567,2025-04-05,33,3.27,A
1900011234567,2025-04-05,34,3.111,A
1900011234567,2025-04-05,35,3.224,A
1900011234567,2025-04-05,36,3.189,A
1900011234567,2025-04-05,37,3.066,A
1900011234567,2025-04-05,38,3.19,A
1900011234567,2025-04-05,39,3.064,A
1900011234567,2025-04-05,40,3.092,A
1900011234567,2025-04-05,41,3.196,A
1900011234567,2025-04-05,42,3.136,A
1900011234567,2025-04-05,43,3.308,A
1900011234567,2025-04-05,44,3.257,A
1900011234567,2025-04-05,45,3.344,A
1900011234567,2025-04-05,46,3.116,A
1900011234567,2025-04-05,47,3.25,A
1900011234567,2025-04-05,48,3.406,A
1900011234567,2025-04-06,1,3.224,A
1900011234567,2025-04-06,2,3.351,A
1900011234567,2025-04-06,3,3.075,A
1900011234567,2025-04-06,4,3.073,A
1900011234567,2025-04-06,5,3.405,A
1900011234567,2025-04-06,6,3.383,A
1900011234567,2025-04-06,7,3.074,A
1900011234567,2025-04-06,8,3.204,A
1900011234567,2025-04-06,9,3.169,A
1900011234567,2025-04-06,10,3.129,A
1900011234567,2025-04-06,11,3.344,A
1900011234567,2025-04-06,12,3.144,A
1900011234567,2025-04-06,13,3.275,A
1900011234567,2025-04-06,14,3.443,A
1900011234567,2025-04-06,15,3.249,A
1900011234567,2025-04-06,16,3.438,A
1900011234567,2025-04-06,17,7.064,A
1900011234567,2025-04-06,18,6.849,A
1900011234567,2025-04-06,19,7.044,A
1900011234567,2025-04-06,20,6.537,A
1900011234567,2025-04-06,21,7.084,A
1900011234567,2025-04-06,22,6.546,A
1900011234567,2025-04-06,23,6.911,A
1900011234567,2025-04-06,24,6.802,A
1900011234567,2025-04-06,25,6.803,A
1900011234567,2025-04-06,26,6.947,A
1900011234567,2025-04-06,27,7.345,A
1900011234567,2025-04-06,28,6.966,A
1900011234567,2025-04-06,29,7.095,A
1900011234567,2025-04-06,30,6.564,A
1900011234567,2025-04-06,31,7.014,A
1900011234567,2025-04-06,32,7.009,A
1900011234567,2025-04-06,33,3.271,A
1900011234567,2025-04-06,34,3.195,A
1900011234567,2025-04-06,35,3.139,A
1900011234567,2025-04-06,36,3.233,A
1900011234567,2025-04-06,37,3.331,A
1900011234567,2025-04-06,38,3.127,A
1900011234567,2025-04-06,39,3.217,A
1900011234567,2025-04-06,40,3.133,A
1900011234567,2025-04-06,41,3.289,A
1900011234567,2025-04-06,42,3.287,A
1900011234567,2025-04-06,43,3.427,A
1900011234567,2025-04-06,44,3.221,A
1900011234567,2025-04-06,45,3.209,A
1900011234567,2025-04-06,46,3.345,A
1900011234567,2025-04-06,47,3.101,A
1900011234567,2025-04-06,48,3.284,A
1900011234567,2025-04-07,1,3.206,A
1900011234567,2025-04-07,2,3.32,A
1900011234567,2025-04-07,3,3.138,A
1900011234567,2025-04-07,4,3.075,A
1900011234567,2025-04-07,5,3.425,A
1900011234567,2025-04-07,6,3.135,A
1900011234567,2025-04-07,7,3.279,A
1900011234567,2025-04-07,8,3.258,A
1900011234567,2025-04-07,9,3.417,A
1900011234567,2025-04-07,10,3.082,A
1900011234567,2025-04-07,11,3.176,A
1900011234567,2025-04-07,12,3.114,A
1900011234567,2025-04-07,13,3.236,A
1900011234567,2025-04-07,14,8.931,A
1900011234567,2025-04-07,15,14.691,A
1900011234567,2025-04-07,16,19.065,A
1900011234567,2025-04-07,17,19.893,A
1900011234567,2025-04-07,18,19.768,A
1900011234567,2025-04-07,19,20.834,A
1900011234567,2025-04-07,20,20.795,A
1900011234567,2025-04-07,21,20.545,A
1900011234567,2025-04-07,22,20.124,A
1900011234567,2025-04-07,23,19.759,A
1900011234567,2025-04-07,24,20.792,A
1900011234567,2025-04-07,25,19.791,A
1900011234567,2025-04-07,26,20.334,A
1900011234567,2025-04-07,27,21.106,A
1900011234567,2025-04-07,28,19.818,A
1900011234567,2025-04-07,29,20.549,A
1900011234567,2025-04-07,30,19.691,A
1900011234567,2025-04-07,31,20.663,A
1900011234567,2025-04-07,32,21.186,A
1900011234567,2025-04-07,33,21.063,A
1900011234567,2025-04-07,34,21.111,A
1900011234567,2025-04-07,35,20.524,A
1900011234567,2025-04-07,36,19.026,A
1900011234567,2025-04-07,37,20.821,A
1900011234567,2025-04-07,38,19.012,A
1900011234567,2025-04-07,39,19.572,A
1900011234567,2025-04-07,40,20.904,A
1900011234567,2025-04-07,41,19.8,A
1900011234567,2025-04-07,42,20.687,A
1900011234567,2025-04-07,43,13.897,A
1900011234567,2025-04-07,44,9.277,A
1900011234567,2025-04-07,45,3.345,A
1900011234567,2025-04-07,46,3.443,A
1900011234567,2025-04-07,47,3.205,A
1900011234567,2025-04-07,48,3.385,A
1900011234567,2025-04-08,1,3.239,A
1900011234567,2025-04-08,2,3.323,A
1900011234567,2025-04-08,3,3.185,A
1900011234567,2025-04-08,4,3.074,A
1900011234567,2025-04-08,5,3.388,A
1900011234567,2025-04-08,6,3.101,A
1900011234567,2025-04-08,7,3.404,A
1900011234567,2025-04-08,8,3.259,A
1900011234567,2025-04-08,9,3.421,A
1900011234567,2025-04-08,10,3.169,A
1900011234567,2025-04-08,11,3.122,A
1900011234567,2025-04-08,12,3.319,A
1900011234567,2025-04-08,13,3.386,A
1900011234567,2025-04-08,14,9.043,A
1900011234567,2025-04-08,15,13.618,A
1900011234567,2025-04-08,16,20.283,A
1900011234567,2025-04-08,17,19.753,A
1900011234567,2025-04-08,18,19.115,A
1900011234567,2025-04-08,19,19.661,A
1900011234567,2025-04-08,20,20.516,A
1900011234567,2025-04-08,21,19.023,A
1900011234567,2025-04-08,22,20.463,A
1900011234567,2025-04-08,23,20.884,A
1900011234567,2025-04-08,24,19.301,A
1900011234567,2025-04-08,25,20.892,A
1900011234567,2025-04-08,26,19.51,A
1900011234567,2025-04-08,27,20.492,A
1900011234567,2025-04-08,28,19.62,A
1900011234567,2025-04-08,29,18.96,A
1900011234567,2025-04-08,30,20.115,A
1900011234567,2025-04-08,31,20.786,A
1900011234567,2025-04-08,32,19.848,A
1900011234567,2025-04-08,33,20.095,A
1900011234567,2025-04-08,34,20.947,A
1900011234567,2025-04-08,35,18.855,A
1900011234567,2025-04-08,36,20.701,A
1900011234567,2025-04-08,37,20.849,A
1900011234567,2025-04-08,38,20.053,A
1900011234567,2025-04-08,39,20.002,A
1900011234567,2025-04-08,40,18.872,A
1900011234567,2025-04-08,41,20.069,A
1900011234567,2025-04-08,42,19.517,A
1900011234567,2025-04-08,43,14.505,A
1900011234567,2025-04-08,44,8.35,A
1900011234567,2025-04-08,45,3.41,A
1900011234567,2025-04-08,46,3.215,A
1900011234567,2025-04-08,47,3.235,A
1900011234567,2025-04-08,48,3.438,A
1900011234567,2025-04-09,1,3.098,A
1900011234567,2025-04-09,2,3.379,A
1900011234567,2025-04-09,3,3.136,A
1900011234567,2025-04-09,4,3.419,A
1900011234567,2025-04-09,5,3.291,A
1900011234567,2025-04-09,6,3.103,A
1900011234567,2025-04-09,7,3.191,A
1900011234567,2025-04-09,8,3.291,A
1900011234567,2025-04-09,9,3.148,A
1900011234567,2025-04-09,10,3.39,A
1900011234567,2025-04-09,11,3.44,A
1900011234567,2025-04-09,12,3.059,A
1900011234567,2025-04-09,13,3.278,A
1900011234567,2025-04-09,14,8.92,A
1900011234567,2025-04-09,15,14.676,A
1900011234567,2025-04-09,16,20.814,A
1900011234567,2025-04-09,17,19.009,A
1900011234567,2025-04-09,18,19.689,A
1900011234567,2025-04-09,19,20.191,A
1900011234567,2025-04-09,20,21.084,A
1900011234567,2025-04-09,21,21.173,A
1900011234567,2025-04-09,22,18.883,A
1900011234567,2025-04-09,23,20.754,A
1900011234567,2025-04-09,24,20.917,A
1900011234567,2025-04-09,25,18.884,A
1900011234567,2025-04-09,26,20.996,A
1900011234567,2025-04-09,27,19.347,A
1900011234567,2025-04-09,28,21.035,A
1900011234567,2025-04-09,29,18.831,A
1900011234567,2025-04-09,30,20.148,A
1900011234567,2025-04-09,31,20.389,A
1900011234567,2025-04-09,32,20.393,A
1900011234567,2025-04-09,33,21.174,A
1900011234567,2025-04-09,34,20.299,A
1900011234567,2025-04-09,35,19.545,A
1900011234567,2025-04-09,36,21.104,A
1900011234567,2025-04-09,37,21.105,A
1900011234567,2025-04-09,38,20.133,A
1900011234567,2025-04-09,39,19.399,A
1900011234567,2025-04-09,40,19.475,A
1900011234567,2025-04-09,41,20.72,A
1900011234567,2025-04-09,42,19.662,A
1900011234567,2025-04-09,43,13.72,A
1900011234567,2025-04-09,44,8.618,A
1900011234567,2025-04-09,45,3.355,A
1900011234567,2025-04-09,46,3.2,A
1900011234567,2025-04-09,47,3.291,A
1900011234567,2025-04-09,48,3.062,A
1900011234567,2025-04-10,1,3.133,A
1900011234567,2025-04-10,2,3.153,A
1900011234567,2025-04-10,3,3.284,A
1900011234567,2025-04-10,4,3.193,A
1900011234567,2025-04-10,5,3.072,A
1900011234567,2025-04-10,6,3.281,A
1900011234567,2025-04-10,7,3.276,A
1900011234567,2025-04-10,8,3.094,A
1900011234567,2025-04-10,9,3.321,A
1900011234567,2025-04-10,10,3.244,A
1900011234567,2025-04-10,11,3.378,A
1900011234567,2025-04-10,12,3.397,A
1900011234567,2025-04-10,13,3.368,A
1900011234567,2025-04-10,14,8.684,A
1900011234567,2025-04-10,15,14.897,A
1900011234567,2025-04-10,16,18.831,A
1900011234567,2025-04-10,17,19.398,A
1900011234567,2025-04-10,18,20.343,A
1900011234567,2025-04-10,19,18.928,A
1900011234567,2025-04-10,20,18.835,A
1900011234567,2025-04-10,21,19.623,A
1900011234567,2025-04-10,22,18.842,A
1900011234567,2025-04-10,23,19.046,A
1900011234567,2025-04-10,24,19.263,A
1900011234567,2025-04-10,25,21.018,A
1900011234567,2025-04-10,26,20.365,A
1900011234567,2025-04-10,27,20.526,A
1900011234567,2025-04-10,28,20.93,A
1900011234567,2025-04-10,29,21.019,A
1900011234567,2025-04-10,30,20.407,A
1900011234567,2025-04-10,31,20.903,A
1900011234567,2025-04-10,32,19.402,A
1900011234567,2025-04-10,33,21.186,A
1900011234567,2025-04-10,34,19.003,A
1900011234567,2025-04-10,35,20.363,A
1900011234567,2025-04-10,36,20.999,A
1900011234567,2025-04-10,37,20.924,A
1900011234567,2025-04-10,38,18.87,A
1900011234567,2025-04-10,39,19.612,A
1900011234567,2025-04-10,40,19.843,A
1900011234567,2025-04-10,41,20.811,A
1900011234567,2025-04-10,42,19.659,A
1900011234567,2025-04-10,43,14.037,A
1900011234567,2025-04-10,44,8.36,A
1900011234567,2025-04-10,45,3.267,A
1900011234567,2025-04-10,46,3.143,A
1900011234567,2025-04-10,47,3.279,A
1900011234567,2025-04-10,48,3.387,A
1900011234567,2025-04-11,1,3.36,A
1900011234567,2025-04-11,2,3.342,A
1900011234567,2025-04-11,3,3.26,A
1900011234567,2025-04-11,4,3.241,A
1900011234567,2025-04-11,5,3.082,A
1900011234567,2025-04-11,6,3.215,A
1900011234567,2025-04-11,7,3.37,A
1900011234567,2025-04-11,8,3.368,A
1900011234567,2025-04-11,9,3.371,A
1900011234567,2025-04-11,10,3.172,A
1900011234567,2025-04-11,11,3.308,A
1900011234567,2025-04-11,12,3.071,A
1900011234567,2025-04-11,13,3.386,A
1900011234567,2025-04-11,14,9.336,A
1900011234567,2025-04-11,15,14.498,A
1900011234567,2025-04-11,16,21.199,A
1900011234567,2025-04-11,17,20.055,A
1900011234567,2025-04-11,18,20.901,A
1900011234567,2025-04-11,19,18.959,A
1900011234567,2025-04-11,20,19.942,A
1900011234567,2025-04-11,21,19.1,A
1900011234567,2025-04-11,22,18.955,A
1900011234567,2025-04-11,23,21.11,A
1900011234567,2025-04-11,24,19.273,A
1900011234567,2025-04-11,25,20.916,A
1900011234567,2025-04-11,26,19.585,A
1900011234567,2025-04-11,27,19.908,A
1900011234567,2025-04-11,28,18.911,A
1900011234567,2025-04-11,29,20.683,A
1900011234567,2025-04-11,30,20.939,A
1900011234567,2025-04-11,31,19.43,A
1900011234567,2025-04-11,32,20.275,A
1900011234567,2025-04-11,33,20.966,A
1900011234567,2025-04-11,34,20.613,A
1900011234567,2025-04-11,35,20.387,A
1900011234567,2025-04-11,36,19.629,A
1900011234567,2025-04-11,37,19.217,A
1900011234567,2025-04-11,38,20.527,A
1900011234567,2025-04-11,39,20.09,A
1900011234567,2025-04-11,40,20.367,A
1900011234567,2025-04-11,41,19.583,A
1900011234567,2025-04-11,42,19.096,A
1900011234567,2025-04-11,43,14.744,A
1900011234567,2025-04-11,44,8.889,A
1900011234567,2025-04-11,45,3.283,A
1900011234567,2025-04-11,46,3.125,A
1900011234567,2025-04-11,47,3.064,A
1900011234567,2025-04-11,48,3.371,A
1900011234567,2025-04-12,1,3.128,A
1900011234567,2025-04-12,2,3.267,A
1900011234567,2025-04-12,3,3.061,A
1900011234567,2025-04-12,4,3.116,A
1900011234567,2025-04-12,5,3.374,A
1900011234567,2025-04-12,6,3.188,A
1900011234567,2025-04-12,7,3.421,A
1900011234567,2025-04-12,8,3.31,A
1900011234567,2025-04-12,9,3.131,A
1900011234567,2025-04-12,10,3.413,A
1900011234567,2025-04-12,11,3.319,A
1900011234567,2025-04-12,12,3.203,A
1900011234567,2025-04-12,13,3.423,A
1900011234567,2025-04-12,14,3.303,A
1900011234567,2025-04-12,15,3.366,A
1900011234567,2025-04-12,16,3.231,A
1900011234567,2025-04-12,17,7.21,A
1900011234567,2025-04-12,18,7.219,A
1900011234567,2025-04-12,19,7.084,A
1900011234567,2025-04-12,20,7.152,A
1900011234567,2025-04-12,21,6.746,A
1900011234567,2025-04-12,22,6.763,A
1900011234567,2025-04-12,23,7.194,A
1900011234567,2025-04-12,24,6.829,A
1900011234567,2025-04-12,25,6.77,A
1900011234567,2025-04-12,26,7.302,A
1900011234567,2025-04-12,27,7.181,A
1900011234567,2025-04-12,28,6.837,A
1900011234567,2025-04-12,29,6.77,A
1900011234567,2025-04-12,30,6.993,A
1900011234567,2025-04-12,31,6.763,A
1900011234567,2025-04-12,32,6.539,A
1900011234567,2025-04-12,33,3.083,A
1900011234567,2025-04-12,34,3.298,A
1900011234567,2025-04-12,35,3.059,A
1900011234567,2025-04-12,36,3.196,A
1900011234567,2025-04-12,37,3.188,A
1900011234567,2025-04-12,38,3.384,A
1900011234567,2025-04-12,39,3.24,A
1900011234567,2025-04-12,40,3.388,A
1900011234567,2025-04-12,41,3.154,A
1900011234567,2025-04-12,42,3.143,A
1900011234567,2025-04-12,43,3.366,A
1900011234567,2025-04-12,44,3.327,A
1900011234567,2025-04-12,45,3.061,A
1900011234567,2025-04-12,46,3.312,A
1900011234567,2025-04-12,47,3.119,A
1900011234567,2025-04-12,48,3.217,A
1900011234567,2025-04-13,1,3.095,A
1900011234567,2025-04-13,2,3.366,A
1900011234567,2025-04-13,3,3.233,A
1900011234567,2025-04-13,4,3.082,A
1900011234567,2025-04-13,5,3.17,A
1900011234567,2025-04-13,6,3.304,A
1900011234567,2025-04-13,7,3.148,A
1900011234567,2025-04-13,8,3.202,A
1900011234567,2025-04-13,9,3.125,A
1900011234567,2025-04-13,10,3.176,A
1900011234567,2025-04-13,11,3.322,A
1900011234567,2025-04-13,12,3.207,A
1900011234567,2025-04-13,13,3.272,A
1900011234567,2025-04-13,14,3.429,A
1900011234567,2025-04-13,15,3.374,A
1900011234567,2025-04-13,16,3.155,A
1900011234567,2025-04-13,17,7.24,A
1900011234567,2025-04-13,18,6.663,A
1900011234567,2025-04-13,19,6.738,A
1900011234567,2025-04-13,20,6.893,A
1900011234567,2025-04-13,21,7.26,A
1900011234567,2025-04-13,22,6.609,A
1900011234567,2025-04-13,23,7.166,A
1900011234567,2025-04-13,24,7.311,A
1900011234567,2025-04-13,25,6.733,A
1900011234567,2025-04-13,26,6.667,A
1900011234567,2025-04-13,27,6.548,A
1900011234567,2025-04-13,28,7.276,A
1900011234567,2025-04-13,29,7.026,A
1900011234567,2025-04-13,30,6.706,A
1900011234567,2025-04-13,31,6.641,A
1900011234567,2025-04-13,32,6.737,A
1900011234567,2025-04-13,33,3.075,A
1900011234567,2025-04-13,34,3.439,A
1900011234567,2025-04-13,35,3.128,A
1900011234567,2025-04-13,36,3.093,A
1900011234567,2025-04-13,37,3.438,A
1900011234567,2025-04-13,38,3.385,A
1900011234567,2025-04-13,39,3.131,A
1900011234567,2025-04-13,40,3.246,A
1900011234567,2025-04-13,41,3.114,A
1900011234567,2025-04-13,42,3.371,A
1900011234567,2025-04-13,43,3.339,A
1900011234567,2025-04-13,44,3.308,A
1900011234567,2025-04-13,45,3.376,A
1900011234567,2025-04-13,46,3.243,A
1900011234567,2025-04-13,47,3.201,A
1900011234567,2025-04-13,48,3.067,A
1900011234567,2025-04-14,1,3.388,A
1900011234567,2025-04-14,2,3.181,A
1900011234567,2025-04-14,3,3.244,A
1900011234567,2025-04-14,4,3.416,A
1900011234567,2025-04-14,5,3.23,A
1900011234567,2025-04-14,6,3.397,A
1900011234567,2025-04-14,7,3.299,A
1900011234567,2025-04-14,8,3.324,A
1900011234567,2025-04-14,9,3.12,A
1900011234567,2025-04-14,10,3.411,A
1900011234567,2025-04-14,11,3.153,A
1900011234567,2025-04-14,12,3.326,A
1900011234567,2025-04-14,13,3.254,A
1900011234567,2025-04-14,14,9.345,A
1900011234567,2025-04-14,15,14.247,A
1900011234567,2025-04-14,16,20.796,A
1900011234567,2025-04-14,17,18.854,A
1900011234567,2025-04-14,18,19.435,A
1900011234567,2025-04-14,19,19.044,A
1900011234567,2025-04-14,20,20.023,A
1900011234567,2025-04-14,21,19.774,A
1900011234567,2025-04-14,22,19.584,A
1900011234567,2025-04-14,23,21.068,A
1900011234567,2025-04-14,24,20.473,A
1900011234567,2025-04-14,25,19.063,A
1900011234567,2025-04-14,26,20.779,A
1900011234567,2025-04-14,27,20.953,A
1900011234567,2025-04-14,28,20.808,A
1900011234567,2025-04-14,29,21.082,A
1900011234567,2025-04-14,30,19.099,A
1900011234567,2025-04-14,31,18.823,A
1900011234567,2025-04-14,32,20.982,A
1900011234567,2025-04-14,33,19.822,A
1900011234567,2025-04-14,34,19.152,A
1900011234567,2025-04-14,35,20.115,A
1900011234567,2025-04-14,36,20.7,A
1900011234567,2025-04-14,37,20.178,A
1900011234567,2025-04-14,38,21.095,A
1900011234567,2025-04-14,39,18.903,A
1900011234567,2025-04-14,40,20.587,A
1900011234567,2025-04-14,41,20.349,A
1900011234567,2025-04-14,42,18.933,A
1900011234567,2025-04-14,43,14.843,A
1900011234567,2025-04-14,44,8.605,A
1900011234567,2025-04-14,45,3.223,A
1900011234567,2025-04-14,46,3.28,A
1900011234567,2025-04-14,47,3.174,A
1900011234567,2025-04-14,48,3.338,A
1900011234567,2025-04-15,1,3.186,A
1900011234567,2025-04-15,2,3.125,A
1900011234567,2025-04-15,3,3.266,A
1900011234567,2025-04-15,4,3.273,A
1900011234567,2025-04-15,5,3.19,A
1900011234567,2025-04-15,6,3.099,A
1900011234567,2025-04-15,7,3.099,A
1900011234567,2025-04-15,8,3.216,A
1900011234567,2025-04-15,9,3.334,A
1900011234567,2025-04-15,10,3.298,A
1900011234567,2025-04-15,11,3.42,A
1900011234567,2025-04-15,12,3.402,A
1900011234567,2025-04-15,13,3.085,A
1900011234567,2025-04-15,14,8.705,A
1900011234567,2025-04-15,15,14.423,A
1900011234567,2025-04-15,16,19.586,A
1900011234567,2025-04-15,17,19.638,A
1900011234567,2025-04-15,18,19.889,A
1900011234567,2025-04-15,19,20.445,A
1900011234567,2025-04-15,20,21.002,A
1900011234567,2025-04-15,21,19.882,A
1900011234567,2025-04-15,22,19.482,A
1900011234567,2025-04-15,23,19.228,A
1900011234567,2025-04-15,24,21.004,A
1900011234567,2025-04-15,25,18.866,A
1900011234567,2025-04-15,26,20.506,A
1900011234567,2025-04-15,27,18.824,A
1900011234567,2025-04-15,28,19.912,A
1900011234567,2025-04-15,29,20.618,A
1900011234567,2025-04-15,30,19.789,A
1900011234567,2025-04-15,31,18.97,A
1900011234567,2025-04-15,32,20.281,A
1900011234567,2025-04-15,33,19.69,A
1900011234567,2025-04-15,34,18.897,A
1900011234567,2025-04-15,35,19.969,A
1900011234567,2025-04-15,36,18.891,A
1900011234567,2025-04-15,37,19.672,A
1900011234567,2025-04-15,38,20.967,A
1900011234567,2025-04-15,39,19.026,A
1900011234567,2025-04-15,40,20.466,A
1900011234567,2025-04-15,41,20.192,A
1900011234567,2025-04-15,42,19.85,A
1900011234567,2025-04-15,43,13.93,A
1900011234567,2025-04-15,44,8.665,A
1900011234567,2025-04-15,45,3.283,A
1900011234567,2025-04-15,46,3.294,A
1900011234567,2025-04-15,47,3.304,A
1900011234567,2025-04-15,48,3.27,A
1900011234567,2025-04-16,1,3.254,A
1900011234567,2025-04-16,2,3.323,A
1900011234567,2025-04-16,3,3.244,A
1900011234567,2025-04-16,4,3.315,A
1900011234567,2025-04-16,5,3.136,A
1900011234567,2025-04-16,6,3.199,A
1900011234567,2025-04-16,7,3.378,A
1900011234567,2025-04-16,8,3.27,A
1900011234567,2025-04-16,9,3.372,A
1900011234567,2025-04-16,10,3.067,A
1900011234567,2025-04-16,11,3.312,A
1900011234567,2025-04-16,12,3.203,A
1900011234567,2025-04-16,13,3.135,A
1900011234567,2025-04-16,14,8.858,A
1900011234567,2025-04-16,15,14.967,A
1900011234567,2025-04-16,16,21.088,A
1900011234567,2025-04-16,17,19.718,A
1900011234567,2025-04-16,18,20.117,A
1900011234567,2025-04-16,19,20.846,A
1900011234567,2025-04-16,20,19.396,A
1900011234567,2025-04-16,21,20.381,A
1900011234567,2025-04-16,22,20.057,A
1900011234567,2025-04-16,23,19.571,A
1900011234567,2025-04-16,24,19.834,A
1900011234567,2025-04-16,25,21.161,A
1900011234567,2025-04-16,26,20.48,A
1900011234567,2025-04-16,27,19.09,A
1900011234567,2025-04-16,28,19.735,A
1900011234567,2025-04-16,29,20.115,A
1900011234567,2025-04-16,30,19.989,A
1900011234567,2025-04-16,31,19.404,A
1900011234567,2025-04-16,32,20.439,A
1900011234567,2025-04-16,33,19.094,A
1900011234567,2025-04-16,34,19.878,A
1900011234567,2025-04-16,35,19.104,A
1900011234567,2025-04-16,36,20.854,A
1900011234567,2025-04-16,37,19.287,A
1900011234567,2025-04-16,38,20.945,A
1900011234567,2025-04-16,39,18.86,A
1900011234567,2025-04-16,40,20.306,A
1900011234567,2025-04-16,41,19.869,A
1900011234567,2025-04-16,42,19.31,A
1900011234567,2025-04-16,43,15.236,A
1900011234567,2025-04-16,44,9.005,A
1900011234567,2025-04-16,45,3.376,A
1900011234567,2025-04-16,46,3.162,A
1900011234567,2025-04-16,47,3.356,A
1900011234567,2025-04-16,48,3.404,A
1900011234567,2025-04-17,1,3.298,A
1900011234567,2025-04-17,2,3.276,A
1900011234567,2025-04-17,3,3.164,A
1900011234567,2025-04-17,4,3.365,A
1900011234567,2025-04-17,5,3.256,A
1900011234567,2025-04-17,6,3.146,A
1900011234567,2025-04-17,7,3.309,A
1900011234567,2025-04-17,8,3.055,A
1900011234567,2025-04-17,9,3.215,A
1900011234567,2025-04-17,10,3.436,A
1900011234567,2025-04-17,11,3.27,A
1900011234567,2025-04-17,12,3.061,A
1900011234567,2025-04-17,13,3.321,A
1900011234567,2025-04-17,14,8.331,A
1900011234567,2025-04-17,15,15.103,A
1900011234567,2025-04-17,16,20.911,A
1900011234567,2025-04-17,17,18.989,A
1900011234567,2025-04-17,18,19.156,A
1900011234567,2025-04-17,19,19.125,A
1900011234567,2025-04-17,20,19.741,A
1900011234567,2025-04-17,21,20.908,A
1900011234567,2025-04-17,22,19.116,A
1900011234567,2025-04-17,23,20.747,A
1900011234567,2025-04-17,24,19.54,A
1900011234567,2025-04-17,25,19.384,A
1900011234567,2025-04-17,26,19.546,A
1900011234567,2025-04-17,27,19.622,A
1900011234567,2025-04-17,28,19.629,A
1900011234567,2025-04-17,29,20.943,A
1900011234567,2025-04-17,30,20.974,A
1900011234567,2025-04-17,31,20.758,A
1900011234567,2025-04-17,32,20.001,A
1900011234567,2025-04-17,33,20.958,A
1900011234567,2025-04-17,34,19.43,A
1900011234567,2025-04-17,35,19.833,A
1900011234567,2025-04-17,36,19.561,A
1900011234567,2025-04-17,37,19.758,A
1900011234567,2025-04-17,38,19.011,A
1900011234567,2025-04-17,39,20.372,A
1900011234567,2025-04-17,40,19.438,A
1900011234567,2025-04-17,41,19.809,A
1900011234567,2025-04-17,42,20.644,A
1900011234567,2025-04-17,43,13.757,A
1900011234567,2025-04-17,44,8.62,A
1900011234567,2025-04-17,45,3.357,A
1900011234567,2025-04-17,46,3.064,A
1900011234567,2025-04-17,47,3.264,A
1900011234567,2025-04-17,48,3.172,A
1900011234567,2025-04-18,1,3.346,A
1900011234567,2025-04-18,2,3.186,A
1900011234567,2025-04-18,3,3.232,A
1900011234567,2025-04-18,4,3.087,A
1900011234567,2025-04-18,5,3.278,A
1900011234567,2025-04-18,6,3.11,A
1900011234567,2025-04-18,7,3.258,A
1900011234567,2025-04-18,8,3.08,A
1900011234567,2025-04-18,9,3.224,A
1900011234567,2025-04-18,10,3.324,A
1900011234567,2025-04-18,11,3.244,A
1900011234567,2025-04-18,12,3.315,A
1900011234567,2025-04-18,13,3.27,A
1900011234567,2025-04-18,14,8.468,A
1900011234567,2025-04-18,15,14.92,A
1900011234567,2025-04-18,16,19.527,A
1900011234567,2025-04-18,17,20.798,A
1900011234567,2025-04-18,18,19.985,A
1900011234567,2025-04-18,19,19.112,A
1900011234567,2025-04-18,20,19.512,A
1900011234567,2025-04-18,21,19.097,A
1900011234567,2025-04-18,22,20.942,A
1900011234567,2025-04-18,23,19.988,A
1900011234567,2025-04-18,24,20.571,A
1900011234567,2025-04-18,25,20.266,A
1900011234567,2025-04-18,26,20.004,A
1900011234567,2025-04-18,27,19.423,A
1900011234567,2025-04-18,28,19.271,A
1900011234567,2025-04-18,29,19.332,A
1900011234567,2025-04-18,30,20.988,A
1900011234567,2025-04-18,31,20.817,A
1900011234567,2025-04-18,32,18.824,A
1900011234567,2025-04-18,33,19.535,A
1900011234567,2025-04-18,34,19.936,A
1900011234567,2025-04-18,35,19.238,A
1900011234567,2025-04-18,36,20.699,A
1900011234567,2025-04-18,37,20.322,A
1900011234567,2025-04-18,38,20.112,A
1900011234567,2025-04-18,39,20.569,A
1900011234567,2025-04-18,40,20.516,A
1900011234567,2025-04-18,41,19.956,A
1900011234567,2025-04-18,42,19.047,A
1900011234567,2025-04-18,43,14.683,A
1900011234567,2025-04-18,44,8.681,A
1900011234567,2025-04-18,45,3.361,A
1900011234567,2025-04-18,46,3.376,A
1900011234567,2025-04-18,47,3.182,A
1900011234567,2025-04-18,48,3.365,A
1900011234567,2025-04-19,1,3.113,A
1900011234567,2025-04-19,2,3.097,A
1900011234567,2025-04-19,3,3.276,A
1900011234567,2025-04-19,4,3.19,A
1900011234567,2025-04-19,5,3.338,A
1900011234567,2025-04-19,6,3.442,A
1900011234567,2025-04-19,7,3.066,A
1900011234567,2025-04-19,8,3.109,A
1900011234567,2025-04-19,9,3.166,A
1900011234567,2025-04-19,10,3.309,A
1900011234567,2025-04-19,11,3.266,A
1900011234567,2025-04-19,12,3.154,A
1900011234567,2025-04-19,13,3.214,A
1900011234567,2025-04-19,14,3.332,A
1900011234567,2025-04-19,15,3.232,A
1900011234567,2025-04-19,16,3.385,A
1900011234567,2025-04-19,17,7.112,A
1900011234567,2025-04-19,18,6.671,A
1900011234567,2025-04-19,19,6.896,A
1900011234567,2025-04-19,20,7.166,A
1900011234567,2025-04-19,21,7.26,A
1900011234567,2025-04-19,22,7.086,A
1900011234567,2025-04-19,23,6.833,A
1900011234567,2025-04-19,24,7.33,A
1900011234567,2025-04-19,25,6.581,A
1900011234567,2025-04-19,26,7.291,A
1900011234567,2025-04-19,27,7.112,A
1900011234567,2025-04-19,28,6.637,A
1900011234567,2025-04-19,29,7.189,A
1900011234567,2025-04-19,30,6.877,A
1900011234567,2025-04-19,31,7.079,A
1900011234567,2025-04-19,32,6.884,A
1900011234567,2025-04-19,33,3.06,A
1900011234567,2025-04-19,34,3.188,A
1900011234567,2025-04-19,35,3.156,A
1900011234567,2025-04-19,36,3.197,A
1900011234567,2025-04-19,37,3.392,A
1900011234567,2025-04-19,38,3.098,A
1900011234567,2025-04-19,39,3.073,A
1900011234567,2025-04-19,40,3.188,A
1900011234567,2025-04-19,41,3.307,A
1900011234567,2025-04-19,42,3.104,A
1900011234567,2025-04-19,43,3.239,A
1900011234567,2025-04-19,44,3.195,A
1900011234567,2025-04-19,45,3.245,A
1900011234567,2025-04-19,46,3.217,A
1900011234567,2025-04-19,47,3.056,A
1900011234567,2025-04-19,48,3.36,A
1900011234567,2025-04-20,1,3.088,A
1900011234567,2025-04-20,2,3.269,A
1900011234567,2025-04-20,3,3.317,A
1900011234567,2025-04-20,4,3.258,A
1900011234567,2025-04-20,5,3.074,A
1900011234567,2025-04-20,6,3.317,A
1900011234567,2025-04-20,7,3.402,A
1900011234567,2025-04-20,8,3.2,A
1900011234567,2025-04-20,9,3.343,A
1900011234567,2025-04-20,10,3.292,A
1900011234567,2025-04-20,11,3.234,A
1900011234567,2025-04-20,12,3.216,A
1900011234567,2025-04-20,13,3.109,A
1900011234567,2025-04-20,14,3.211,A
1900011234567,2025-04-20,15,3.245,A
1900011234567,2025-04-20,16,3.332,A
1900011234567,2025-04-20,17,6.529,A
1900011234567,2025-04-20,18,7.176,A
1900011234567,2025-04-20,19,6.897,A
1900011234567,2025-04-20,20,7.072,A
1900011234567,2025-04-20,21,6.682,A
1900011234567,2025-04-20,22,6.915,A
1900011234567,2025-04-20,23,7.057,A
1900011234567,2025-04-20,24,6.722,A
1900011234567,2025-04-20,25,6.65,A
1900011234567,2025-04-20,26,6.834,A
1900011234567,2025-04-20,27,7.196,A
1900011234567,2025-04-20,28,7.341,A
1900011234567,2025-04-20,29,6.532,A
1900011234567,2025-04-20,30,6.701,A
1900011234567,2025-04-20,31,6.724,A
1900011234567,2025-04-20,32,6.861,A
1900011234567,2025-04-20,33,3.131,A
1900011234567,2025-04-20,34,3.246,A
1900011234567,2025-04-20,35,3.298,A
1900011234567,2025-04-20,36,3.156,A
1900011234567,2025-04-20,37,3.271,A
1900011234567,2025-04-20,38,3.395,A
1900011234567,2025-04-20,39,3.384,A
1900011234567,2025-04-20,40,3.214,A
1900011234567,2025-04-20,41,3.112,A
1900011234567,2025-04-20,42,3.391,A
1900011234567,2025-04-20,43,3.309,A
1900011234567,2025-04-20,44,3.412,A
1900011234567,2025-04-20,45,3.334,A
1900011234567,2025-04-20,46,3.339,A
1900011234567,2025-04-20,47,3.196,A
1900011234567,2025-04-20,48,3.442,A
1900011234567,2025-04-21,1,3.113,A
1900011234567,2025-04-21,2,3.143,A
1900011234567,2025-04-21,3,3.261,A
1900011234567,2025-04-21,4,3.234,A
1900011234567,2025-04-21,5,3.241,A
1900011234567,2025-04-21,6,3.357,A
1900011234567,2025-04-21,7,3.189,A
1900011234567,2025-04-21,8,3.101,A
1900011234567,2025-04-21,9,3.355,A
1900011234567,2025-04-21,10,3.13,A
1900011234567,2025-04-21,11,3.28,A
1900011234567,2025-04-21,12,3.111,A
1900011234567,2025-04-21,13,3.39,A
1900011234567,2025-04-21,14,8.816,A
1900011234567,2025-04-21,15,13.943,A
1900011234567,2025-04-21,16,20.99,A
1900011234567,2025-04-21,17,18.954,A
1900011234567,2025-04-21,18,19.907,A
1900011234567,2025-04-21,19,18.89,A
1900011234567,2025-04-21,20,19.634,A
1900011234567,2025-04-21,21,19.704,A
1900011234567,2025-04-21,22,21.144,A
1900011234567,2025-04-21,23,20.35,A
1900011234567,2025-04-21,24,20.507,A
1900011234567,2025-04-21,25,20.428,A
1900011234567,2025-04-21,26,18.849,A
1900011234567,2025-04-21,27,19.391,A
1900011234567,2025-04-21,28,20.903,A
1900011234567,2025-04-21,29,21.169,A
1900011234567,2025-04-21,30,20.056,A
1900011234567,2025-04-21,31,20.479,A
1900011234567,2025-04-21,32,19.556,A
1900011234567,2025-04-21,33,18.974,A
1900011234567,2025-04-21,34,18.813,A
1900011234567,2025-04-21,35,20.01,A
1900011234567,2025-04-21,36,19.974,A
1900011234567,2025-04-21,37,18.889,A
1900011234567,2025-04-21,38,19.804,A
1900011234567,2025-04-21,39,20.125,A
1900011234567,2025-04-21,40,20.14,A
1900011234567,2025-04-21,41,19.704,A
1900011234567,2025-04-21,42,19.412,A
1900011234567,2025-04-21,43,14.338,A
1900011234567,2025-04-21,44,8.59,A
1900011234567,2025-04-21,45,3.117,A
1900011234567,2025-04-21,46,3.338,A
1900011234567,2025-04-21,47,3.146,A
1900011234567,2025-04-21,48,3.113,A
1900011234567,2025-04-22,1,3.297,A
1900011234567,2025-04-22,2,3.18,A
1900011234567,2025-04-22,3,3.425,A
1900011234567,2025-04-22,4,3.133,A
1900011234567,2025-04-22,5,3.097,A
1900011234567,2025-04-22,6,3.11,A
1900011234567,2025-04-22,7,3.098,A
1900011234567,2025-04-22,8,3.434,A
1900011234567,2025-04-22,9,3.153,A
1900011234567,2025-04-22,10,3.329,A
1900011234567,2025-04-22,11,3.434,A
1900011234567,2025-04-22,12,3.307,A
1900011234567,2025-04-22,13,3.361,A
1900011234567,2025-04-22,14,8.66,A
1900011234567,2025-04-22,15,13.876,A
1900011234567,2025-04-22,16,20.004,A
1900011234567,2025-04-22,17,19.089,A
1900011234567,2025-04-22,18,20.827,A
1900011234567,2025-04-22,19,20.849,A
1900011234567,2025-04-22,20,20.264,A
1900011234567,2025-04-22,21,19.983,A
1900011234567,2025-04-22,22,19.876,A
1900011234567,2025-04-22,23,20.884,A
1900011234567,2025-04-22,24,21.143,A
1900011234567,2025-04-22,25,19.261,A
1900011234567,2025-04-22,26,19.818,A
1900011234567,2025-04-22,27,19.294,A
1900011234567,2025-04-22,28,19.326,A
1900011234567,2025-04-22,29,20.084,A
1900011234567,2025-04-22,30,20.291,A
1900011234567,2025-04-22,31,21.126,A
1900011234567,2025-04-22,32,19.491,A
1900011234567,2025-04-22,33,19.885,A
1900011234567,2025-04-22,34,20.838,A
1900011234567,2025-04-22,35,19.73,A
1900011234567,2025-04-22,36,19.486,A
1900011234567,2025-04-22,37,21.01,A
1900011234567,2025-04-22,38,18.805,A
1900011234567,2025-04-22,39,20.46,A
1900011234567,2025-04-22,40,18.918,A
1900011234567,2025-04-22,41,20.432,A
1900011234567,2025-04-22,42,19.902,A
1900011234567,2025-04-22,43,15.191,A
1900011234567,2025-04-22,44,8.547,A
1900011234567,2025-04-22,45,3.234,A
1900011234567,2025-04-22,46,3.185,A
1900011234567,2025-04-22,47,3.393,A
1900011234567,2025-04-22,48,3.112,A
1900011234567,2025-04-23,1,3.061,A
1900011234567,2025-04-23,2,3.059,A
1900011234567,2025-04-23,3,3.34,A
1900011234567,2025-04-23,4,3.341,A
1900011234567,2025-04-23,5,3.222,A
1900011234567,2025-04-23,6,3.338,A
1900011234567,2025-04-23,7,3.147,A
1900011234567,2025-04-23,8,3.264,A
1900011234567,2025-04-23,9,3.126,A
1900011234567,2025-04-23,10,3.165,A
1900011234567,2025-04-23,11,3.322,A
1900011234567,2025-04-23,12,3.178,A
1900011234567,2025-04-23,13,3.383,A
1900011234567,2025-04-23,14,9.249,A
1900011234567,2025-04-23,15,15.056,A
1900011234567,2025-04-23,16,19.308,A
1900011234567,2025-04-23,17,20.474,A
1900011234567,2025-04-23,18,19.848,A
1900011234567,2025-04-23,19,19.797,A
1900011234567,2025-04-23,20,19.004,A
1900011234567,2025-04-23,21,18.815,A
1900011234567,2025-04-23,22,19.15,A
1900011234567,2025-04-23,23,19.059,A
1900011234567,2025-04-23,24,20.2,A
1900011234567,2025-04-23,25,20.764,A
1900011234567,2025-04-23,26,18.906,A
1900011234567,2025-04-23,27,19.256,A
1900011234567,2025-04-23,28,20.83,A
1900011234567,2025-04-23,29,19.025,A
1900011234567,2025-04-23,30,19.532,A
1900011234567,2025-04-23,31,19.824,A
1900011234567,2025-04-23,32,20.33,A
1900011234567,2025-04-23,33,19.935,A
1900011234567,2025-04-23,34,19.266,A
1900011234567,2025-04-23,35,21.17,A
1900011234567,2025-04-23,36,20.481,A
1900011234567,2025-04-23,37,19.42,A
1900011234567,2025-04-23,38,18.84,A
1900011234567,2025-04-23,39,20.673,A
1900011234567,2025-04-23,40,19.099,A
1900011234567,2025-04-23,41,20.541,A
1900011234567,2025-04-23,42,18.889,A
1900011234567,2025-04-23,43,15.122,A
1900011234567,2025-04-23,44,9.324,A
1900011234567,2025-04-23,45,3.259,A
1900011234567,2025-04-23,46,3.248,A
1900011234567,2025-04-23,47,3.408,A
1900011234567,2025-04-23,48,3.294,A
1900011234567,2025-04-24,1,3.316,A
1900011234567,2025-04-24,2,3.395,A
1900011234567,2025-04-24,3,3.257,A
1900011234567,2025-04-24,4,3.344,A
1900011234567,2025-04-24,5,3.315,A
1900011234567,2025-04-24,6,3.168,A
1900011234567,2025-04-24,7,3.275,A
1900011234567,2025-04-24,8,3.443,A
1900011234567,2025-04-24,9,3.35,A
1900011234567,2025-04-24,10,3.324,A
1900011234567,2025-04-24,11,3.399,A
1900011234567,2025-04-24,12,3.328,A
1900011234567,2025-04-24,13,3.327,A
1900011234567,2025-04-24,14,8.697,A
1900011234567,2025-04-24,15,15.181,A
1900011234567,2025-04-24,16,19.217,A
1900011234567,2025-04-24,17,20.958,A
1900011234567,2025-04-24,18,18.871,A
1900011234567,2025-04-24,19,19.118,A
1900011234567,2025-04-24,20,19.604,A
1900011234567,2025-04-24,21,18.872,A
1900011234567,2025-04-24,22,20.814,A
1900011234567,2025-04-24,23,19.528,A
1900011234567,2025-04-24,24,21.045,A
1900011234567,2025-04-24,25,18.977,A
1900011234567,2025-04-24,26,18.951,A
1900011234567,2025-04-24,27,20.214,A
1900011234567,2025-04-24,28,20.506,A
1900011234567,2025-04-24,29,18.806,A
1900011234567,2025-04-24,30,20.323,A
1900011234567,2025-04-24,31,20.351,A
1900011234567,2025-04-24,32,20.068,A
1900011234567,2025-04-24,33,19.832,A
1900011234567,2025-04-24,34,19.714,A
1900011234567,2025-04-24,35,19.325,A
1900011234567,2025-04-24,36,19.86,A
1900011234567,2025-04-24,37,20.172,A
1900011234567,2025-04-24,38,18.858,A
1900011234567,2025-04-24,39,19.403,A
1900011234567,2025-04-24,40,20.871,A
1900011234567,2025-04-24,41,19.235,A
1900011234567,2025-04-24,42,19.945,A
1900011234567,2025-04-24,43,14.575,A
1900011234567,2025-04-24,44,9.069,A
1900011234567,2025-04-24,45,3.256,A
1900011234567,2025-04-24,46,3.085,A
1900011234567,2025-04-24,47,3.068,A
1900011234567,2025-04-24,48,3.332,A
1900011234567,2025-04-25,1,3.325,A
1900011234567,2025-04-25,2,3.116,A
1900011234567,2025-04-25,3,3.1,A
1900011234567,2025-04-25,4,3.07,A
1900011234567,2025-04-25,5,3.192,A
1900011234567,2025-04-25,6,3.279,A
1900011234567,2025-04-25,7,3.285,A
1900011234567,2025-04-25,8,3.234,A
1900011234567,2025-04-25,9,3.27,A
1900011234567,2025-04-25,10,3.44,A
1900011234567,2025-04-25,11,3.412,A
1900011234567,2025-04-25,12,3.079,A
1900011234567,2025-04-25,13,3.167,A
1900011234567,2025-04-25,14,8.516,A
1900011234567,2025-04-25,15,15.175,A
1900011234567,2025-04-25,16,19.021,A
1900011234567,2025-04-25,17,20.529,A
1900011234567,2025-04-25,18,19.376,A
1900011234567,2025-04-25,19,18.802,A
1900011234567,2025-04-25,20,19.534,A
1900011234567,2025-04-25,21,20.433,A
1900011234567,2025-04-25,22,20.055,A
1900011234567,2025-04-25,23,20.363,A
1900011234567,2025-04-25,24,20.987,A
1900011234567,2025-04-25,25,19.57,A
1900011234567,2025-04-25,26,19.812,A
1900011234567,2025-04-25,27,19.728,A
1900011234567,2025-04-25,28,18.953,A
1900011234567,2025-04-25,29,20.095,A
1900011234567,2025-04-25,30,20.161,A
1900011234567,2025-04-25,31,20.447,A
1900011234567,2025-04-25,32,19.517,A
1900011234567,2025-04-25,33,20.582,A
1900011234567,2025-04-25,34,19.368,A
1900011234567,2025-04-25,35,19.541,A
1900011234567,2025-04-25,36,19.278,A
1900011234567,2025-04-25,37,19.876,A
1900011234567,2025-04-25,38,19.482,A
1900011234567,2025-04-25,39,20.225,A
1900011234567,2025-04-25,40,20.531,A
1900011234567,2025-04-25,41,19.383,A
1900011234567,2025-04-25,42,18.867,A
1900011234567,2025-04-25,43,14.883,A
1900011234567,2025-04-25,44,8.44,A
1900011234567,2025-04-25,45,3.171,A
1900011234567,2025-04-25,46,3.195,A
1900011234567,2025-04-25,47,3.428,A
1900011234567,2025-04-25,48,3.325,A
1900011234567,2025-04-26,1,3.353,A
1900011234567,2025-04-26,2,3.182,A
1900011234567,2025-04-26,3,3.387,A
1900011234567,2025-04-26,4,3.169,A
1900011234567,2025-04-26,5,3.142,A
1900011234567,2025-04-26,6,3.145,A
1900011234567,2025-04-26,7,3.373,A
1900011234567,2025-04-26,8,3.163,A
1900011234567,2025-04-26,9,3.425,A
1900011234567,2025-04-26,10,3.239,A
1900011234567,2025-04-26,11,3.145,A
1900011234567,2025-04-26,12,3.313,A
1900011234567,2025-04-26,13,3.3,A
1900011234567,2025-04-26,14,3.168,A
1900011234567,2025-04-26,15,3.431,A
1900011234567,2025-04-26,16,3.395,A
1900011234567,2025-04-26,17,7.096,A
1900011234567,2025-04-26,18,6.781,A
1900011234567,2025-04-26,19,6.803,A
1900011234567,2025-04-26,20,7.177,A
1900011234567,2025-04-26,21,7.218,A
1900011234567,2025-04-26,22,6.889,A
1900011234567,2025-04-26,23,7.256,A
1900011234567,2025-04-26,24,6.797,A
1900011234567,2025-04-26,25,6.949,A
1900011234567,2025-04-26,26,6.879,A
1900011234567,2025-04-26,27,6.84,A
1900011234567,2025-04-26,28,6.793,A
1900011234567,2025-04-26,29,7.195,A
1900011234567,2025-04-26,30,7.143,A
1900011234567,2025-04-26,31,7.346,A
1900011234567,2025-04-26,32,6.713,A
1900011234567,2025-04-26,33,3.304,A
1900011234567,2025-04-26,34,3.091,A
1900011234567,2025-04-26,35,3.239,A
1900011234567,2025-04-26,36,3.061,A
1900011234567,2025-04-26,37,3.224,A
1900011234567,2025-04-26,38,3.086,A
1900011234567,2025-04-26,39,3.425,A
1900011234567,2025-04-26,40,3.082,A
1900011234567,2025-04-26,41,3.117,A
1900011234567,2025-04-26,42,3.076,A
1900011234567,2025-04-26,43,3.199,A
1900011234567,2025-04-26,44,3.254,A
1900011234567,2025-04-26,45,3.393,A
1900011234567,2025-04-26,46,3.098,A
1900011234567,2025-04-26,47,3.192,A
1900011234567,2025-04-26,48,3.076,A
1900011234567,2025-04-27,1,3.345,A
1900011234567,2025-04-27,2,3.124,A
1900011234567,2025-04-27,3,3.253,A
1900011234567,2025-04-27,4,3.334,A
1900011234567,2025-04-27,5,3.376,A
1900011234567,2025-04-27,6,3.129,A
1900011234567,2025-04-27,7,3.056,A
1900011234567,2025-04-27,8,3.208,A
1900011234567,2025-04-27,9,3.201,A
1900011234567,2025-04-27,10,3.133,A
1900011234567,2025-04-27,11,3.28,A
1900011234567,2025-04-27,12,3.16,A
1900011234567,2025-04-27,13,3.271,A
1900011234567,2025-04-27,14,3.306,A
1900011234567,2025-04-27,15,3.124,A
1900011234567,2025-04-27,16,3.42,A
1900011234567,2025-04-27,17,6.869,A
1900011234567,2025-04-27,18,6.803,A
1900011234567,2025-04-27,19,7.104,A
1900011234567,2025-04-27,20,7.131,A
1900011234567,2025-04-27,21,7.145,A
1900011234567,2025-04-27,22,6.936,A
1900011234567,2025-04-27,23,6.858,A
1900011234567,2025-04-27,24,6.693,A
1900011234567,2025-04-27,25,6.823,A
1900011234567,2025-04-27,26,6.604,A
1900011234567,2025-04-27,27,6.593,A
1900011234567,2025-04-27,28,7.26,A
1900011234567,2025-04-27,29,6.7,A
1900011234567,2025-04-27,30,6.739,A
1900011234567,2025-04-27,31,6.63,A
1900011234567,2025-04-27,32,6.952,A
1900011234567,2025-04-27,33,3.442,A
1900011234567,2025-04-27,34,3.264,A
1900011234567,2025-04-27,35,3.377,A
1900011234567,2025-04-27,36,3.362,A
1900011234567,2025-04-27,37,3.262,A
1900011234567,2025-04-27,38,3.24,A
1900011234567,2025-04-27,39,3.397,A
1900011234567,2025-04-27,40,3.41,A
1900011234567,2025-04-27,41,3.325,A
1900011234567,2025-04-27,42,3.316,A
1900011234567,2025-04-27,43,3.307,A
1900011234567,2025-04-27,44,3.095,A
1900011234567,2025-04-27,45,3.397,A
1900011234567,2025-04-27,46,3.305,A
1900011234567,2025-04-27,47,3.428,A
1900011234567,2025-04-27,48,3.221,A
1900011234567,2025-04-28,1,3.398,A
1900011234567,2025-04-28,2,3.406,A
1900011234567,2025-04-28,3,3.42,A
1900011234567,2025-04-28,4,3.281,A
1900011234567,2025-04-28,5,3.108,A
1900011234567,2025-04-28,6,3.13,A
1900011234567,2025-04-28,7,3.269,A
1900011234567,2025-04-28,8,3.405,A
1900011234567,2025-04-28,9,3.35,A
1900011234567,2025-04-28,10,3.271,A
1900011234567,2025-04-28,11,3.391,A
1900011234567,2025-04-28,12,3.27,A
1900011234567,2025-04-28,13,3.442,A
1900011234567,2025-04-28,14,8.528,A
1900011234567,2025-04-28,15,13.938,A
1900011234567,2025-04-28,16,20.44,A
1900011234567,2025-04-28,17,20.491,A
1900011234567,2025-04-28,18,19.527,A
1900011234567,2025-04-28,19,19.473,A
1900011234567,2025-04-28,20,21.149,A
1900011234567,2025-04-28,21,19.081,A
1900011234567,2025-04-28,22,20.368,A
1900011234567,2025-04-28,23,20.254,A
1900011234567,2025-04-28,24,20.617,A
1900011234567,2025-04-28,25,20.643,A
1900011234567,2025-04-28,26,20.853,A
1900011234567,2025-04-28,27,19.615,A
1900011234567,2025-04-28,28,20.853,A
1900011234567,2025-04-28,29,19.329,A
1900011234567,2025-04-28,30,19.969,A
1900011234567,2025-04-28,31,19.962,A
1900011234567,2025-04-28,32,18.981,A
1900011234567,2025-04-28,33,20.718,A
1900011234567,2025-04-28,34,20.344,A
1900011234567,2025-04-28,35,20.016,A
1900011234567,2025-04-28,36,18.961,A
1900011234567,2025-04-28,37,20.996,A
1900011234567,2025-04-28,38,19.322,A
1900011234567,2025-04-28,39,19.631,A
1900011234567,2025-04-28,40,18.994,A
1900011234567,2025-04-28,41,19.561,A
1900011234567,2025-04-28,42,19.728,A
1900011234567,2025-04-28,43,13.638,A
1900011234567,2025-04-28,44,8.58,A
1900011234567,2025-04-28,45,3.185,A
1900011234567,2025-04-28,46,3.241,A
1900011234567,2025-04-28,47,3.162,A
1900011234567,2025-04-28,48,3.149,A
1900011234567,2025-04-29,1,3.4,A
1900011234567,2025-04-29,2,3.146,A
1900011234567,2025-04-29,3,3.444,A
1900011234567,2025-04-29,4,3.14,A
1900011234567,2025-04-29,5,3.436,A
1900011234567,2025-04-29,6,3.383,A
1900011234567,2025-04-29,7,3.412,A
1900011234567,2025-04-29,8,3.088,A
1900011234567,2025-04-29,9,3.089,A
1900011234567,2025-04-29,10,3.23,A
1900011234567,2025-04-29,11,3.36,A
1900011234567,2025-04-29,12,3.173,A
1900011234567,2025-04-29,13,3.284,A
1900011234567,2025-04-29,14,8.611,A
1900011234567,2025-04-29,15,15.119,A
1900011234567,2025-04-29,16,20.296,A
1900011234567,2025-04-29,17,20.443,A
1900011234567,2025-04-29,18,20.808,A
1900011234567,2025-04-29,19,18.935,A
1900011234567,2025-04-29,20,19.111,A
1900011234567,2025-04-29,21,19.84,A
1900011234567,2025-04-29,22,20.956,A
1900011234567,2025-04-29,23,19.476,A
1900011234567,2025-04-29,24,19.171,A
1900011234567,2025-04-29,25,19.047,A
1900011234567,2025-04-29,26,19.449,A
1900011234567,2025-04-29,27,21.088,A
1900011234567,2025-04-29,28,21.1,A
1900011234567,2025-04-29,29,20.684,A
1900011234567,2025-04-29,30,20.323,A
1900011234567,2025-04-29,31,21.121,A
1900011234567,2025-04-29,32,18.846,A
1900011234567,2025-04-29,33,20.421,A
1900011234567,2025-04-29,34,19.572,A
1900011234567,2025-04-29,35,20.569,A
1900011234567,2025-04-29,36,20.888,A
1900011234567,2025-04-29,37,19.201,A
1900011234567,2025-04-29,38,20.176,A
1900011234567,2025-04-29,39,20.659,A
1900011234567,2025-04-29,40,20.344,A
1900011234567,2025-04-29,41,21.113,A
1900011234567,2025-04-29,42,19.531,A
1900011234567,2025-04-29,43,14.808,A
1900011234567,2025-04-29,44,8.547,A
1900011234567,2025-04-29,45,3.212,A
1900011234567,2025-04-29,46,3.171,A
1900011234567,2025-04-29,47,3.229,A
1900011234567,2025-04-29,48,3.145,A
1900011234567,2025-04-30,1,3.313,A
1900011234567,2025-04-30,2,3.384,A
1900011234567,2025-04-30,3,3.29,A
1900011234567,2025-04-30,4,3.276,A
1900011234567,2025-04-30,5,3.305,A
1900011234567,2025-04-30,6,3.377,A
1900011234567,2025-04-30,7,3.378,A
1900011234567,2025-04-30,8,3.153,A
1900011234567,2025-04-30,9,3.075,A
1900011234567,2025-04-30,10,3.121,A
1900011234567,2025-04-30,11,3.382,A
1900011234567,2025-04-30,12,3.118,A
1900011234567,2025-04-30,13,3.421,A
1900011234567,2025-04-30,14,8.699,A
1900011234567,2025-04-30,15,14.758,A
1900011234567,2025-04-30,16,20.926,A
1900011234567,2025-04-30,17,19.896,A
1900011234567,2025-04-30,18,19.714,A
1900011234567,2025-04-30,19,19.333,A
1900011234567,2025-04-30,20,19.354,A
1900011234567,2025-04-30,21,20.566,A
1900011234567,2025-04-30,22,19.446,A
1900011234567,2025-04-30,23,19.305,A
1900011234567,2025-04-30,24,19.355,A
1900011234567,2025-04-30,25,19.712,A
1900011234567,2025-04-30,26,20.131,A
1900011234567,2025-04-30,27,20.079,A
1900011234567,2025-04-30,28,20.537,A
1900011234567,2025-04-30,29,19.691,A
1900011234567,2025-04-30,30,20.566,A
1900011234567,2025-04-30,31,19.31,A
1900011234567,2025-04-30,32,19.861,A
1900011234567,2025-04-30,33,19.394,A
1900011234567,2025-04-30,34,21.041,A
1900011234567,2025-04-30,35,21.09,A
1900011234567,2025-04-30,36,19.658,A
1900011234567,2025-04-30,37,19.81,A
1900011234567,2025-04-30,38,18.84,A
1900011234567,2025-04-30,39,20.265,A
1900011234567,2025-04-30,40,20.355,A
1900011234567,2025-04-30,41,20.151,A
1900011234567,2025-04-30,42,20.22,A
1900011234567,2025-04-30,43,14.889,A
1900011234567,2025-04-30,44,9.188,A
1900011234567,2025-04-30,45,3.262,A
1900011234567,2025-04-30,46,3.082,A
1900011234567,2025-04-30,47,3.27,A
1900011234567,2025-04-30,48,3.415,A
1900011234567,2025-05-01,1,3.303,A
1900011234567,2025-05-01,2,3.148,A
1900011234567,2025-05-01,3,3.269,A
1900011234567,2025-05-01,4,3.383,A
1900011234567,2025-05-01,5,3.096,A
1900011234567,2025-05-01,6,3.207,A
1900011234567,2025-05-01,7,3.282,A
1900011234567,2025-05-01,8,3.09,A
1900011234567,2025-05-01,9,3.127,A
1900011234567,2025-05-01,10,3.308,A
1900011234567,2025-05-01,11,3.218,A
1900011234567,2025-05-01,12,3.076,A
1900011234567,2025-05-01,13,3.237,A
1900011234567,2025-05-01,14,8.377,A
1900011234567,2025-05-01,15,14.196,A
1900011234567,2025-05-01,16,18.859,A
1900011234567,2025-05-01,17,19.77,A
1900011234567,2025-05-01,18,20.409,A
1900011234567,2025-05-01,19,20.451,A
1900011234567,2025-05-01,20,18.885,A
1900011234567,2025-05-01,21,20.873,A
1900011234567,2025-05-01,22,20.481,A
1900011234567,2025-05-01,23,18.932,A
1900011234567,2025-05-01,24,20.264,A
1900011234567,2025-05-01,25,19.199,A
1900011234567,2025-05-01,26,19.043,A
1900011234567,2025-05-01,27,20.752,A
1900011234567,2025-05-01,28,21.166,A
1900011234567,2025-05-01,29,20.374,A
1900011234567,2025-05-01,30,20.357,A
1900011234567,2025-05-01,31,19.576,A
1900011234567,2025-05-01,32,19.097,A
1900011234567,2025-05-01,33,20.3,A
1900011234567,2025-05-01,34,20.98,A
1900011234567,2025-05-01,35,19.115,A
1900011234567,2025-05-01,36,21.054,A
1900011234567,2025-05-01,37,20.788,A
1900011234567,2025-05-01,38,19.456,A
1900011234567,2025-05-01,39,19.357,A
1900011234567,2025-05-01,40,19.64,A
1900011234567,2025-05-01,41,20.751,A
1900011234567,2025-05-01,42,19.467,A
1900011234567,2025-05-01,43,15.029,A
1900011234567,2025-05-01,44,8.793,A
1900011234567,2025-05-01,45,3.392,A
1900011234567,2025-05-01,46,3.232,A
1900011234567,2025-05-01,47,3.245,A
1900011234567,2025-05-01,48,3.195,A
1900011234567,2025-05-02,1,3.269,A
1900011234567,2025-05-02,2,3.153,A
1900011234567,2025-05-02,3,3.124,A
1900011234567,2025-05-02,4,3.44,A
1900011234567,2025-05-02,5,3.309,A
1900011234567,2025-05-02,6,3.336,A
1900011234567,2025-05-02,7,3.186,A
1900011234567,2025-05-02,8,3.192,A
1900011234567,2025-05-02,9,3.083,A
1900011234567,2025-05-02,10,3.373,A
1900011234567,2025-05-02,11,3.178,A
1900011234567,2025-05-02,12,3.111,A
1900011234567,2025-05-02,13,3.299,A
1900011234567,2025-05-02,14,8.662,A
1900011234567,2025-05-02,15,13.583,A
1900011234567,2025-05-02,16,19.412,A
1900011234567,2025-05-02,17,21.114,A
1900011234567,2025-05-02,18,19.091,A
1900011234567,2025-05-02,19,18.984,A
1900011234567,2025-05-02,20,20.181,A
1900011234567,2025-05-02,21,19.774,A
1900011234567,2025-05-02,22,19.25,A
1900011234567,2025-05-02,23,19.665,A
1900011234567,2025-05-02,24,19.809,A
1900011234567,2025-05-02,25,20.017,A
1900011234567,2025-05-02,26,18.964,A
1900011234567,2025-05-02,27,20.932,A
1900011234567,2025-05-02,28,19.112,A
1900011234567,2025-05-02,29,19.438,A
1900011234567,2025-05-02,30,19.882,A
1900011234567,2025-05-02,31,20.909,A
1900011234567,2025-05-02,32,20.386,A
1900011234567,2025-05-02,33,20.084,A
1900011234567,2025-05-02,34,21.168,A
1900011234567,2025-05-02,35,20.086,A
1900011234567,2025-05-02,36,19.988,A
1900011234567,2025-05-02,37,20.297,A
1900011234567,2025-05-02,38,20.157,A
1900011234567,2025-05-02,39,19.264,A
1900011234567,2025-05-02,40,21.035,A
1900011234567,2025-05-02,41,20.682,A
1900011234567,2025-05-02,42,18.985,A
1900011234567,2025-05-02,43,14.311,A
1900011234567,2025-05-02,44,8.702,A
1900011234567,2025-05-02,45,3.135,A
1900011234567,2025-05-02,46,3.158,A
1900011234567,2025-05-02,47,3.068,A
1900011234567,2025-05-02,48,3.422,A
1900011234567,2025-05-03,1,3.145,A
1900011234567,2025-05-03,2,3.437,A
1900011234567,2025-05-03,3,3.276,A
1900011234567,2025-05-03,4,3.435,A
1900011234567,2025-05-03,5,3.086,A
1900011234567,2025-05-03,6,3.29,A
1900011234567,2025-05-03,7,3.374,A
1900011234567,2025-05-03,8,3.193,A
1900011234567,2025-05-03,9,3.191,A
1900011234567,2025-05-03,10,3.284,A
1900011234567,2025-05-03,11,3.207,A
1900011234567,2025-05-03,12,3.123,A
1900011234567,2025-05-03,13,3.113,A
1900011234567,2025-05-03,14,3.283,A
1900011234567,2025-05-03,15,3.121,A
1900011234567,2025-05-03,16,3.322,A
1900011234567,2025-05-03,17,6.776,A
1900011234567,2025-05-03,18,6.561,A
1900011234567,2025-05-03,19,7.212,A
1900011234567,2025-05-03,20,7.183,A
1900011234567,2025-05-03,21,6.89,A
1900011234567,2025-05-03,22,6.971,A
1900011234567,2025-05-03,23,6.573,A
1900011234567,2025-05-03,24,6.527,A
1900011234567,2025-05-03,25,6.868,A
1900011234567,2025-05-03,26,6.947,A
1900011234567,2025-05-03,27,6.826,A
1900011234567,2025-05-03,28,7.004,A
1900011234567,2025-05-03,29,7.114,A
1900011234567,2025-05-03,30,7.298,A
1900011234567,2025-05-03,31,6.657,A
1900011234567,2025-05-03,32,6.65,A
1900011234567,2025-05-03,33,3.313,A
1900011234567,2025-05-03,34,3.23,A
1900011234567,2025-05-03,35,3.169,A
1900011234567,2025-05-03,36,3.123,A
1900011234567,2025-05-03,37,3.167,A
1900011234567,2025-05-03,38,3.33,A
1900011234567,2025-05-03,39,3.417,A
1900011234567,2025-05-03,40,3.246,A
1900011234567,2025-05-03,41,3.403,A
1900011234567,2025-05-03,42,3.443,A
1900011234567,2025-05-03,43,3.351,A
1900011234567,2025-05-03,44,3.204,A
1900011234567,2025-05-03,45,3.273,A
1900011234567,2025-05-03,46,3.281,A
1900011234567,2025-05-03,47,3.116,A
1900011234567,2025-05-03,48,3.306,A
1900011234567,2025-05-04,1,3.434,A
1900011234567,2025-05-04,2,3.254,A
1900011234567,2025-05-04,3,3.058,A
1900011234567,2025-05-04,4,3.365,A
1900011234567,2025-05-04,5,3.075,A
1900011234567,2025-05-04,6,3.265,A
1900011234567,2025-05-04,7,3.152,A
1900011234567,2025-05-04,8,3.142,A
1900011234567,2025-05-04,9,3.308,A
1900011234567,2025-05-04,10,3.392,A
1900011234567,2025-05-04,11,3.365,A
1900011234567,2025-05-04,12,3.137,A
1900011234567,2025-05-04,13,3.213,A
1900011234567,2025-05-04,14,3.318,A
1900011234567,2025-05-04,15,3.402,A
1900011234567,2025-05-04,16,3.122,A
1900011234567,2025-05-04,17,6.976,A
1900011234567,2025-05-04,18,6.553,A
1900011234567,2025-05-04,19,6.779,A
1900011234567,2025-05-04,20,6.697,A
1900011234567,2025-05-04,21,6.848,A
1900011234567,2025-05-04,22,6.744,A
1900011234567,2025-05-04,23,6.912,A
1900011234567,2025-05-04,24,6.654,A
1900011234567,2025-05-04,25,7.229,A
1900011234567,2025-05-04,26,6.855,A
1900011234567,2025-05-04,27,6.708,A
1900011234567,2025-05-04,28,7.144,A
1900011234567,2025-05-04,29,6.528,A
1900011234567,2025-05-04,30,6.533,A
1900011234567,2025-05-04,31,6.884,A
1900011234567,2025-05-04,32,7.03,A
1900011234567,2025-05-04,33,3.173,A
1900011234567,2025-05-04,34,3.124,A
1900011234567,2025-05-04,35,3.207,A
1900011234567,2025-05-04,36,3.424,A
1900011234567,2025-05-04,37,3.09,A
1900011234567,2025-05-04,38,3.145,A
1900011234567,2025-05-04,39,3.323,A
1900011234567,2025-05-04,40,3.15,A
1900011234567,2025-05-04,41,3.258,A
1900011234567,2025-05-04,42,3.193,A
1900011234567,2025-05-04,43,3.069,A
1900011234567,2025-05-04,44,3.386,A
1900011234567,2025-05-04,45,3.23,A
1900011234567,2025-05-04,46,3.154,A
1900011234567,2025-05-04,47,3.17,A
1900011234567,2025-05-04,48,3.108,A
1900011234567,2025-05-05,1,3.345,A
1900011234567,2025-05-05,2,3.114,A
1900011234567,2025-05-05,3,3.283,A
1900011234567,2025-05-05,4,3.252,A
1900011234567,2025-05-05,5,3.156,A
1900011234567,2025-05-05,6,3.097,A
1900011234567,2025-05-05,7,3.401,A
1900011234567,2025-05-05,8,3.386,A
1900011234567,2025-05-05,9,3.356,A
1900011234567,2025-05-05,10,3.309,A
1900011234567,2025-05-05,11,3.106,A
1900011234567,2025-05-05,12,3.265,A
1900011234567,2025-05-05,13,3.16,A
1900011234567,2025-05-05,14,8.344,A
1900011234567,2025-05-05,15,14.546,A
1900011234567,2025-05-05,16,19.235,A
1900011234567,2025-05-05,17,20.22,A
1900011234567,2025-05-05,18,20.094,A
1900011234567,2025-05-05,19,20.164,A
1900011234567,2025-05-05,20,19.505,A
1900011234567,2025-05-05,21,20.986,A
1900011234567,2025-05-05,22,21.19,A
1900011234567,2025-05-05,23,19.207,A
1900011234567,2025-05-05,24,20.902,A
1900011234567,2025-05-05,25,20.816,A
1900011234567,2025-05-05,26,19.995,A
1900011234567,2025-05-05,27,20.987,A
1900011234567,2025-05-05,28,19.412,A
1900011234567,2025-05-05,29,19.261,A
1900011234567,2025-05-05,30,20.698,A
1900011234567,2025-05-05,31,19.305,A
1900011234567,2025-05-05,32,19.345,A
1900011234567,2025-05-05,33,19.346,A
1900011234567,2025-05-05,34,20.407,A
1900011234567,2025-05-05,35,20.458,A
1900011234567,2025-05-05,36,20.813,A
1900011234567,2025-05-05,37,20.661,A
1900011234567,2025-05-05,38,19.956,A
1900011234567,2025-05-05,39,19.42,A
1900011234567,2025-05-05,40,19.932,A
1900011234567,2025-05-05,41,19.783,A
1900011234567,2025-05-05,42,19.408,A
1900011234567,2025-05-05,43,14.611,A
1900011234567,2025-05-05,44,8.959,A
1900011234567,2025-05-05,45,3.249,A
1900011234567,2025-05-05,46,3.152,A
1900011234567,2025-05-05,47,3.385,A
1900011234567,2025-05-05,48,3.149,A
1900011234567,2025-05-06,1,3.175,A
1900011234567,2025-05-06,2,3.242,A
1900011234567,2025-05-06,3,3.418,A
1900011234567,2025-05-06,4,3.216,A
1900011234567,2025-05-06,5,3.405,A
1900011234567,2025-05-06,6,3.342,A
1900011234567,2025-05-06,7,3.315,A
1900011234567,2025-05-06,8,3.193,A
1900011234567,2025-05-06,9,3.076,A
1900011234567,2025-05-06,10,3.156,A
1900011234567,2025-05-06,11,3.227,A
1900011234567,2025-05-06,12,3.441,A
1900011234567,2025-05-06,13,3.315,A
1900011234567,2025-05-06,14,8.911,A
1900011234567,2025-05-06,15,14.889,A
1900011234567,2025-05-06,16,18.867,A
1900011234567,2025-05-06,17,20.654,A
1900011234567,2025-05-06,18,20.716,A
1900011234567,2025-05-06,19,20.477,A
1900011234567,2025-05-06,20,20.538,A
1900011234567,2025-05-06,21,20.216,A
1900011234567,2025-05-06,22,20.77,A
1900011234567,2025-05-06,23,19.339,A
1900011234567,2025-05-06,24,21.082,A
1900011234567,2025-05-06,25,21.011,A
1900011234567,2025-05-06,26,20.692,A
1900011234567,2025-05-06,27,20.456,A
1900011234567,2025-05-06,28,20.129,A
1900011234567,2025-05-06,29,20.182,A
1900011234567,2025-05-06,30,19.063,A
1900011234567,2025-05-06,31,20.143,A
1900011234567,2025-05-06,32,19.168,A
1900011234567,2025-05-06,33,18.846,A
1900011234567,2025-05-06,34,19.03,A
1900011234567,2025-05-06,35,20.889,A
1900011234567,2025-05-06,36,19.858,A
1900011234567,2025-05-06,37,20.6,A
1900011234567,2025-05-06,38,20.002,A
1900011234567,2025-05-06,39,19.983,A
1900011234567,2025-05-06,40,20.446,A
1900011234567,2025-05-06,41,20.318,A
1900011234567,2025-05-06,42,20.514,A
1900011234567,2025-05-06,43,14.944,A
1900011234567,2025-05-06,44,8.357,A
1900011234567,2025-05-06,45,3.182,A
1900011234567,2025-05-06,46,3.359,A
1900011234567,2025-05-06,47,3.123,A
1900011234567,2025-05-06,48,3.153,A
1900011234567,2025-05-07,1,3.362,A
1900011234567,2025-05-07,2,3.408,A
1900011234567,2025-05-07,3,3.305,A
1900011234567,2025-05-07,4,3.137,A
1900011234567,2025-05-07,5,3.276,A
1900011234567,2025-05-07,6,3.116,A
1900011234567,2025-05-07,7,3.412,A
1900011234567,2025-05-07,8,3.38,A
1900011234567,2025-05-07,9,3.315,A
1900011234567,2025-05-07,10,3.252,A
1900011234567,2025-05-07,11,3.079,A
1900011234567,2025-05-07,12,3.411,A
1900011234567,2025-05-07,13,3.072,A
1900011234567,2025-05-07,14,9.065,A
1900011234567,2025-05-07,15,14.036,A
1900011234567,2025-05-07,16,20.431,A
1900011234567,2025-05-07,17,19.927,A
1900011234567,2025-05-07,18,19.366,A
1900011234567,2025-05-07,19,19.202,A
1900011234567,2025-05-07,20,20.275,A
1900011234567,2025-05-07,21,20.889,A
1900011234567,2025-05-07,22,18.969,A
1900011234567,2025-05-07,23,20.125,A
1900011234567,2025-05-07,24,19.915,A
1900011234567,2025-05-07,25,20.885,A
1900011234567,2025-05-07,26,20.518,A
1900011234567,2025-05-07,27,18.927,A
1900011234567,2025-05-07,28,19.036,A
1900011234567,2025-05-07,29,20.351,A
1900011234567,2025-05-07,30,18.801,A
1900011234567,2025-05-07,31,20.299,A
1900011234567,2025-05-07,32,20.6,A
1900011234567,2025-05-07,33,19.162,A
1900011234567,2025-05-07,34,19.628,A
1900011234567,2025-05-07,35,19.102,A
1900011234567,2025-05-07,36,19.795,A
1900011234567,2025-05-07,37,19.24,A
1900011234567,2025-05-07,38,20.904,A
1900011234567,2025-05-07,39,21.099,A
1900011234567,2025-05-07,40,20.532,A
1900011234567,2025-05-07,41,19.033,A
1900011234567,2025-05-07,42,18.891,A
1900011234567,2025-05-07,43,13.966,A
1900011234567,2025-05-07,44,8.938,A
1900011234567,2025-05-07,45,3.395,A
1900011234567,2025-05-07,46,3.355,A
1900011234567,2025-05-07,47,3.409,A
1900011234567,2025-05-07,48,3.211,A
1900011234567,2025-05-08,1,3.252,A
1900011234567,2025-05-08,2,3.126,A
1900011234567,2025-05-08,3,3.089,A
1900011234567,2025-05-08,4,3.415,A
1900011234567,2025-05-08,5,3.249,A
1900011234567,2025-05-08,6,3.115,A
1900011234567,2025-05-08,7,3.107,A
1900011234567,2025-05-08,8,3.315,A
1900011234567,2025-05-08,9,3.425,A
1900011234567,2025-05-08,10,3.252,A
1900011234567,2025-05-08,11,3.271,A
1900011234567,2025-05-08,12,3.21,A
1900011234567,2025-05-08,13,3.423,A
1900011234567,2025-05-08,14,8.343,A
1900011234567,2025-05-08,15,14.724,A
1900011234567,2025-05-08,16,20.084,A
1900011234567,2025-05-08,17,20.012,A
1900011234567,2025-05-08,18,20.315,A
1900011234567,2025-05-08,19,18.921,A
1900011234567,2025-05-08,20,19.324,A
1900011234567,2025-05-08,21,20.065,A
1900011234567,2025-05-08,22,20.303,A
1900011234567,2025-05-08,23,19.068,A
1900011234567,2025-05-08,24,20.528,A
1900011234567,2025-05-08,25,19.909,A
1900011234567,2025-05-08,26,19.099,A
1900011234567,2025-05-08,27,21.149,A
1900011234567,2025-05-08,28,19.727,A
1900011234567,2025-05-08,29,18.885,A
1900011234567,2025-05-08,30,20.504,A
1900011234567,2025-05-08,31,20.113,A
1900011234567,2025-05-08,32,19.194,A
1900011234567,2025-05-08,33,20.744,A
1900011234567,2025-05-08,34,19.66,A
1900011234567,2025-05-08,35,18.904,A
1900011234567,2025-05-08,36,18.988,A
1900011234567,2025-05-08,37,20.734,A
1900011234567,2025-05-08,38,20.031,A
1900011234567,2025-05-08,39,20.784,A
1900011234567,2025-05-08,40,19.605,A
1900011234567,2025-05-08,41,19.612,A
1900011234567,2025-05-08,42,19.509,A
1900011234567,2025-05-08,43,14.41,A
1900011234567,2025-05-08,44,8.329,A
1900011234567,2025-05-08,45,3.42,A
1900011234567,2025-05-08,46,3.191,A
1900011234567,2025-05-08,47,3.423,A
1900011234567,2025-05-08,48,3.098,A
1900011234567,2025-05-09,1,3.079,A
1900011234567,2025-05-09,2,3.073,A
1900011234567,2025-05-09,3,3.244,A
1900011234567,2025-05-09,4,3.37,A
1900011234567,2025-05-09,5,3.302,A
1900011234567,2025-05-09,6,3.202,A
1900011234567,2025-05-09,7,3.235,A
1900011234567,2025-05-09,8,3.122,A
1900011234567,2025-05-09,9,3.335,A
1900011234567,2025-05-09,10,3.348,A
1900011234567,2025-05-09,11,3.278,A
1900011234567,2025-05-09,12,3.18,A
1900011234567,2025-05-09,13,3.065,A
1900011234567,2025-05-09,14,8.99,A
1900011234567,2025-05-09,15,14.937,A
1900011234567,2025-05-09,16,21.158,A
1900011234567,2025-05-09,17,18.894,A
1900011234567,2025-05-09,18,19.329,A
1900011234567,2025-05-09,19,18.986,A
1900011234567,2025-05-09,20,20.394,A
1900011234567,2025-05-09,21,19.996,A
1900011234567,2025-05-09,22,20.714,A
1900011234567,2025-05-09,23,20.003,A
1900011234567,2025-05-09,24,19.837,A
1900011234567,2025-05-09,25,20.555,A
1900011234567,2025-05-09,26,20.536,A
1900011234567,2025-05-09,27,19.285,A
1900011234567,2025-05-09,28,19.292,A
1900011234567,2025-05-09,29,20.549,A
1900011234567,2025-05-09,30,20.734,A
1900011234567,2025-05-09,31,19.121,A
1900011234567,2025-05-09,32,18.947,A
1900011234567,2025-05-09,33,19.083,A
1900011234567,2025-05-09,34,20.619,A
1900011234567,2025-05-09,35,18.884,A
1900011234567,2025-05-09,36,21.125,A
1900011234567,2025-05-09,37,19.476,A
1900011234567,2025-05-09,38,21.024,A
1900011234567,2025-05-09,39,19.932,A
1900011234567,2025-05-09,40,18.854,A
1900011234567,2025-05-09,41,19.686,A
1900011234567,2025-05-09,42,18.859,A
1900011234567,2025-05-09,43,15.168,A
1900011234567,2025-05-09,44,9.08,A
1900011234567,2025-05-09,45,3.363,A
1900011234567,2025-05-09,46,3.068,A
1900011234567,2025-05-09,47,3.242,A
1900011234567,2025-05-09,48,3.404,A
1900011234567,2025-05-10,1,3.158,A
1900011234567,2025-05-10,2,3.092,A
1900011234567,2025-05-10,3,3.233,A
1900011234567,2025-05-10,4,3.26,A
1900011234567,2025-05-10,5,3.138,A
1900011234567,2025-05-10,6,3.251,A
1900011234567,2025-05-10,7,3.254,A
1900011234567,2025-05-10,8,3.246,A
1900011234567,2025-05-10,9,3.259,A
1900011234567,2025-05-10,10,3.06,A
1900011234567,2025-05-10,11,3.303,A
1900011234567,2025-05-10,12,3.141,A
1900011234567,2025-05-10,13,3.123,A
1900011234567,2025-05-10,14,3.058,A
1900011234567,2025-05-10,15,3.079,A
1900011234567,2025-05-10,16,3.077,A
1900011234567,2025-05-10,17,6.525,A
1900011234567,2025-05-10,18,6.77,A
1900011234567,2025-05-10,19,6.676,A
1900011234567,2025-05-10,20,6.792,A
1900011234567,2025-05-10,21,6.796,A
1900011234567,2025-05-10,22,7.315,A
1900011234567,2025-05-10,23,6.678,A
1900011234567,2025-05-10,24,6.691,A
1900011234567,2025-05-10,25,7.14,A
1900011234567,2025-05-10,26,7.136,A
1900011234567,2025-05-10,27,7.071,A
1900011234567,2025-05-10,28,6.56,A
1900011234567,2025-05-10,29,7.262,A
1900011234567,2025-05-10,30,6.7,A
1900011234567,2025-05-10,31,7.319,A
1900011234567,2025-05-10,32,6.775,A
1900011234567,2025-05-10,33,3.358,A
1900011234567,2025-05-10,34,3.381,A
1900011234567,2025-05-10,35,3.198,A
1900011234567,2025-05-10,36,3.158,A
1900011234567,2025-05-10,37,3.275,A
1900011234567,2025-05-10,38,3.09,A
1900011234567,2025-05-10,39,3.444,A
1900011234567,2025-05-10,40,3.318,A
1900011234567,2025-05-10,41,3.359,A
1900011234567,2025-05-10,42,3.067,A
1900011234567,2025-05-10,43,3.283,A
1900011234567,2025-05-10,44,3.288,A
1900011234567,2025-05-10,45,3.348,A
1900011234567,2025-05-10,46,3.287,A
1900011234567,2025-05-10,47,3.246,A
1900011234567,2025-05-10,48,3.29,A
1900011234567,2025-05-11,1,3.338,A
1900011234567,2025-05-11,2,3.286,A
1900011234567,2025-05-11,3,3.138,A
1900011234567,2025-05-11,4,3.259,A
1900011234567,2025-05-11,5,3.313,A
1900011234567,2025-05-11,6,3.273,A
1900011234567,2025-05-11,7,3.073,A
1900011234567,2025-05-11,8,3.149,A
1900011234567,2025-05-11,9,3.44,A
1900011234567,2025-05-11,10,3.114,A
1900011234567,2025-05-11,11,3.288,A
1900011234567,2025-05-11,12,3.292,A
1900011234567,2025-05-11,13,3.27,A
1900011234567,2025-05-11,14,3.059,A
1900011234567,2025-05-11,15,3.44,A
1900011234567,2025-05-11,16,3.351,A
1900011234567,2025-05-11,17,6.537,A
1900011234567,2025-05-11,18,6.742,A
1900011234567,2025-05-11,19,6.804,A
1900011234567,2025-05-11,20,6.982,A
1900011234567,2025-05-11,21,7.247,A
1900011234567,2025-05-11,22,7.111,A
1900011234567,2025-05-11,23,7.122,A
1900011234567,2025-05-11,24,6.797,A
1900011234567,2025-05-11,25,7.047,A
1900011234567,2025-05-11,26,6.786,A
1900011234567,2025-05-11,27,7.262,A
1900011234567,2025-05-11,28,6.805,A
1900011234567,2025-05-11,29,6.772,A
1900011234567,2025-05-11,30,6.955,A
1900011234567,2025-05-11,31,6.695,A
1900011234567,2025-05-11,32,6.969,A
1900011234567,2025-05-11,33,3.397,A
1900011234567,2025-05-11,34,3.174,A
1900011234567,2025-05-11,35,3.445,A
1900011234567,2025-05-11,36,3.418,A
1900011234567,2025-05-11,37,3.145,A
1900011234567,2025-05-11,38,3.267,A
1900011234567,2025-05-11,39,3.221,A
1900011234567,2025-05-11,40,3.102,A
1900011234567,2025-05-11,41,3.313,A
1900011234567,2025-05-11,42,3.153,A
1900011234567,2025-05-11,43,3.346,A
1900011234567,2025-05-11,44,3.192,A
1900011234567,2025-05-11,45,3.11,A
1900011234567,2025-05-11,46,3.188,A
1900011234567,2025-05-11,47,3.347,A
1900011234567,2025-05-11,48,3.191,A
1900011234567,2025-05-12,1,3.374,A
1900011234567,2025-05-12,2,3.171,A
1900011234567,2025-05-12,3,3.179,A
1900011234567,2025-05-12,4,3.195,A
1900011234567,2025-05-12,5,3.311,A
1900011234567,2025-05-12,6,3.41,A
1900011234567,2025-05-12,7,3.273,A
1900011234567,2025-05-12,8,3.388,A
1900011234567,2025-05-12,9,3.306,A
1900011234567,2025-05-12,10,3.338,A
1900011234567,2025-05-12,11,3.175,A
1900011234567,2025-05-12,12,3.208,A
1900011234567,2025-05-12,13,3.289,A
1900011234567,2025-05-12,14,9.144,A
1900011234567,2025-05-12,15,15.167,A
1900011234567,2025-05-12,16,19.479,A
1900011234567,2025-05-12,17,20.494,A
1900011234567,2025-05-12,18,19.264,A
1900011234567,2025-05-12,19,20.16,A
1900011234567,2025-05-12,20,20.976,A
1900011234567,2025-05-12,21,20.381,A
1900011234567,2025-05-12,22,19.088,A
1900011234567,2025-05-12,23,20.706,A
1900011234567,2025-05-12,24,19.861,A
1900011234567,2025-05-12,25,20.532,A
1900011234567,2025-05-12,26,19.863,A
1900011234567,2025-05-12,27,20.951,A
1900011234567,2025-05-12,28,19.275,A
1900011234567,2025-05-12,29,19.421,A
1900011234567,2025-05-12,30,19.598,A
1900011234567,2025-05-12,31,19.097,A
1900011234567,2025-05-12,32,20.812,A
1900011234567,2025-05-12,33,19.166,A
1900011234567,2025-05-12,34,19.302,A
1900011234567,2025-05-12,35,19.755,A
1900011234567,2025-05-12,36,18.948,A
1900011234567,2025-05-12,37,21.198,A
1900011234567,2025-05-12,38,19.442,A
1900011234567,2025-05-12,39,19.234,A
1900011234567,2025-05-12,40,19.325,A
1900011234567,2025-05-12,41,19.077,A
1900011234567,2025-05-12,42,19.815,A
1900011234567,2025-05-12,43,13.901,A
1900011234567,2025-05-12,44,9.105,A
1900011234567,2025-05-12,45,3.226,A
1900011234567,2025-05-12,46,3.072,A
1900011234567,2025-05-12,47,3.209,A
1900011234567,2025-05-12,48,3.207,A
1900011234567,2025-05-13,1,3.316,A
1900011234567,2025-05-13,2,3.099,A
1900011234567,2025-05-13,3,3.287,A
1900011234567,2025-05-13,4,3.263,A
1900011234567,2025-05-13,5,3.334,A
1900011234567,2025-05-13,6,3.106,A
1900011234567,2025-05-13,7,3.276,A
1900011234567,2025-05-13,8,3.354,A
1900011234567,2025-05-13,9,3.329,A
1900011234567,2025-05-13,10,3.441,A
1900011234567,2025-05-13,11,3.291,A
1900011234567,2025-05-13,12,3.072,A
1900011234567,2025-05-13,13,3.375,A
1900011234567,2025-05-13,14,8.922,A
1900011234567,2025-05-13,15,14.201,A
1900011234567,2025-05-13,16,20.434,A
1900011234567,2025-05-13,17,19.041,A
1900011234567,2025-05-13,18,19.62,A
1900011234567,2025-05-13,19,20.186,A
1900011234567,2025-05-13,20,19.387,A
1900011234567,2025-05-13,21,18.986,A
1900011234567,2025-05-13,22,20.137,A
1900011234567,2025-05-13,23,19.904,A
1900011234567,2025-05-13,24,19.44,A
1900011234567,2025-05-13,25,19.275,A
1900011234567,2025-05-13,26,20.996,A
1900011234567,2025-05-13,27,18.819,A
1900011234567,2025-05-13,28,20.777,A
1900011234567,2025-05-13,29,19.646,A
1900011234567,2025-05-13,30,20.108,A
1900011234567,2025-05-13,31,19.505,A
1900011234567,2025-05-13,32,18.879,A
1900011234567,2025-05-13,33,20.604,A
1900011234567,2025-05-13,34,20.563,A
1900011234567,2025-05-13,35,19.72,A
1900011234567,2025-05-13,36,20.35,A
1900011234567,2025-05-13,37,21.155,A
1900011234567,2025-05-13,38,20.219,A
1900011234567,2025-05-13,39,19.947,A
1900011234567,2025-05-13,40,20.434,A
1900011234567,2025-05-13,41,19.632,A
1900011234567,2025-05-13,42,20.918,A
1900011234567,2025-05-13,43,13.695,A
1900011234567,2025-05-13,44,8.413,A
1900011234567,2025-05-13,45,3.303,A
1900011234567,2025-05-13,46,3.228,A
1900011234567,2025-05-13,47,3.173,A
1900011234567,2025-05-13,48,3.164,A
1900011234567,2025-05-14,1,3.227,A
1900011234567,2025-05-14,2,3.407,A
1900011234567,2025-05-14,3,3.099,A
1900011234567,2025-05-14,4,3.092,A
1900011234567,2025-05-14,5,3.372,A
1900011234567,2025-05-14,6,3.369,A
1900011234567,2025-05-14,7,3.373,A
1900011234567,2025-05-14,8,3.406,A
1900011234567,2025-05-14,9,3.168,A
1900011234567,2025-05-14,10,3.405,A
1900011234567,2025-05-14,11,3.404,A
1900011234567,2025-05-14,12,3.296,A
1900011234567,2025-05-14,13,3.084,A
1900011234567,2025-05-14,14,8.853,A
1900011234567,2025-05-14,15,14.529,A
1900011234567,2025-05-14,16,20.374,A
1900011234567,2025-05-14,17,19.023,A
1900011234567,2025-05-14,18,19.444,A
1900011234567,2025-05-14,19,20.922,A
1900011234567,2025-05-14,20,20.593,A
1900011234567,2025-05-14,21,21.194,A
1900011234567,2025-05-14,22,19.091,A
1900011234567,2025-05-14,23,19.997,A
1900011234567,2025-05-14,24,20.176,A
1900011234567,2025-05-14,25,20.017,A
1900011234567,2025-05-14,26,18.902,A
1900011234567,2025-05-14,27,20.341,A
1900011234567,2025-05-14,28,20.188,A
1900011234567,2025-05-14,29,21.121,A
1900011234567,2025-05-14,30,19.336,A
1900011234567,2025-05-14,31,20.329,A
1900011234567,2025-05-14,32,18.947,A
1900011234567,2025-05-14,33,20.642,A
1900011234567,2025-05-14,34,20.947,A
1900011234567,2025-05-14,35,19.821,A
1900011234567,2025-05-14,36,19.834,A
1900011234567,2025-05-14,37,19.595,A
1900011234567,2025-05-14,38,20.512,A
1900011234567,2025-05-14,39,19.485,A
1900011234567,2025-05-14,40,19.464,A
1900011234567,2025-05-14,41,21.027,A
1900011234567,2025-05-14,42,20.576,A
1900011234567,2025-05-14,43,13.882,A
1900011234567,2025-05-14,44,8.907,A
1900011234567,2025-05-14,45,3.074,A
1900011234567,2025-05-14,46,3.288,A
1900011234567,2025-05-14,47,3.44,A
1900011234567,2025-05-14,48,3.43,A
1900011234567,2025-05-15,1,3.412,A
1900011234567,2025-05-15,2,3.247,A
1900011234567,2025-05-15,3,3.42,A
1900011234567,2025-05-15,4,3.268,A
1900011234567,2025-05-15,5,3.281,A
1900011234567,2025-05-15,6,3.435,A
1900011234567,2025-05-15,7,3.168,A
1900011234567,2025-05-15,8,3.061,A
1900011234567,2025-05-15,9,3.391,A
1900011234567,2025-05-15,10,3.386,A
1900011234567,2025-05-15,11,3.254,A
1900011234567,2025-05-15,12,3.099,A
1900011234567,2025-05-15,13,3.102,A
1900011234567,2025-05-15,14,8.312,A
1900011234567,2025-05-15,15,14.997,A
1900011234567,2025-05-15,16,20.741,A
1900011234567,2025-05-15,17,19.942,A
1900011234567,2025-05-15,18,19.494,A
1900011234567,2025-05-15,19,18.897,A
1900011234567,2025-05-15,20,20.338,A
1900011234567,2025-05-15,21,20.867,A
1900011234567,2025-05-15,22,20.372,A
1900011234567,2025-05-15,23,20.635,A
1900011234567,2025-05-15,24,20.082,A
1900011234567,2025-05-15,25,19.084,A
1900011234567,2025-05-15,26,20.709,A
1900011234567,2025-05-15,27,20.506,A
1900011234567,2025-05-15,28,20.71,A
1900011234567,2025-05-15,29,20.54,A
1900011234567,2025-05-15,30,19.846,A
1900011234567,2025-05-15,31,20.635,A
1900011234567,2025-05-15,32,18.826,A
1900011234567,2025-05-15,33,21.046,A
1900011234567,2025-05-15,34,19.192,A
1900011234567,2025-05-15,35,19.555,A
1900011234567,2025-05-15,36,20.32,A
1900011234567,2025-05-15,37,19.279,A
1900011234567,2025-05-15,38,19.488,A
1900011234567,2025-05-15,39,19.349,A
1900011234567,2025-05-15,40,19.493,A
1900011234567,2025-05-15,41,20.887,A
1900011234567,2025-05-15,42,20.161,A
1900011234567,2025-05-15,43,13.863,A
1900011234567,2025-05-15,44,9.17,A
1900011234567,2025-05-15,45,3.155,A
1900011234567,2025-05-15,46,3.252,A
1900011234567,2025-05-15,47,3.189,A
1900011234567,2025-05-15,48,3.219,A
1900011234567,2025-05-16,1,3.295,A
1900011234567,2025-05-16,2,3.273,A
1900011234567,2025-05-16,3,3.4,A
1900011234567,2025-05-16,4,3.074,A
1900011234567,2025-05-16,5,3.333,A
1900011234567,2025-05-16,6,3.194,A
1900011234567,2025-05-16,7,3.35,A
1900011234567,2025-05-16,8,3.061,A
1900011234567,2025-05-16,9,3.093,A
1900011234567,2025-05-16,10,3.349,A
1900011234567,2025-05-16,11,3.255,A
1900011234567,2025-05-16,12,3.284,A
1900011234567,2025-05-16,13,3.252,A
1900011234567,2025-05-16,14,8.794,A
1900011234567,2025-05-16,15,14.935,A
1900011234567,2025-05-16,16,19.247,A
1900011234567,2025-05-16,17,19.912,A
1900011234567,2025-05-16,18,20.715,A
1900011234567,2025-05-16,19,20.947,A
1900011234567,2025-05-16,20,19.881,A
1900011234567,2025-05-16,21,19.916,A
1900011234567,2025-05-16,22,19.031,A
1900011234567,2025-05-16,23,20.207,A
1900011234567,2025-05-16,24,19.477,A
1900011234567,2025-05-16,25,20.393,A
1900011234567,2025-05-16,26,21.059,A
1900011234567,2025-05-16,27,20.791,A
1900011234567,2025-05-16,28,20.265,A
1900011234567,2025-05-16,29,19.787,A
1900011234567,2025-05-16,30,21.144,A
1900011234567,2025-05-16,31,19.746,A
1900011234567,2025-05-16,32,19.147,A
1900011234567,2025-05-16,33,21.13,A
1900011234567,2025-05-16,34,20.112,A
1900011234567,2025-05-16,35,19.904,A
1900011234567,2025-05-16,36,19.926,A
1900011234567,2025-05-16,37,18.863,A
1900011234567,2025-05-16,38,19.447,A
1900011234567,2025-05-16,39,20.929,A
1900011234567,2025-05-16,40,20.799,A
1900011234567,2025-05-16,41,21.007,A
1900011234567,2025-05-16,42,20.195,A
1900011234567,2025-05-16,43,14.105,A
1900011234567,2025-05-16,44,9.349,A
1900011234567,2025-05-16,45,3.156,A
1900011234567,2025-05-16,46,3.335,A
1900011234567,2025-05-16,47,3.366,A
1900011234567,2025-05-16,48,3.281,A
1900011234567,2025-05-17,1,3.393,A
1900011234567,2025-05-17,2,3.343,A
1900011234567,2025-05-17,3,3.376,A
1900011234567,2025-05-17,4,3.181,A
1900011234567,2025-05-17,5,3.241,A
1900011234567,2025-05-17,6,3.064,A
1900011234567,2025-05-17,7,3.257,A
1900011234567,2025-05-17,8,3.176,A
1900011234567,2025-05-17,9,3.099,A
1900011234567,2025-05-17,10,3.176,A
1900011234567,2025-05-17,11,3.248,A
1900011234567,2025-05-17,12,3.42,A
1900011234567,2025-05-17,13,3.445,A
1900011234567,2025-05-17,14,3.34,A
1900011234567,2025-05-17,15,3.093,A
1900011234567,2025-05-17,16,3.251,A
1900011234567,2025-05-17,17,7.071,A
1900011234567,2025-05-17,18,7.185,A
1900011234567,2025-05-17,19,7.332,A
1900011234567,2025-05-17,20,7.325,A
1900011234567,2025-05-17,21,6.637,A
1900011234567,2025-05-17,22,6.748,A
1900011234567,2025-05-17,23,6.857,A
1900011234567,2025-05-17,24,7.281,A
1900011234567,2025-05-17,25,6.806,A
1900011234567,2025-05-17,26,7.175,A
1900011234567,2025-05-17,27,6.544,A
1900011234567,2025-05-17,28,6.628,A
1900011234567,2025-05-17,29,7.087,A
1900011234567,2025-05-17,30,7.275,A
1900011234567,2025-05-17,31,7.038,A
1900011234567,2025-05-17,32,6.801,A
1900011234567,2025-05-17,33,3.236,A
1900011234567,2025-05-17,34,3.234,A
1900011234567,2025-05-17,35,3.145,A
1900011234567,2025-05-17,36,3.247,A
1900011234567,2025-05-17,37,3.08,A
1900011234567,2025-05-17,38,3.241,A
1900011234567,2025-05-17,39,3.057,A
1900011234567,2025-05-17,40,3.403,A
1900011234567,2025-05-17,41,3.13,A
1900011234567,2025-05-17,42,3.414,A
1900011234567,2025-05-17,43,3.063,A
1900011234567,2025-05-17,44,3.172,A
1900011234567,2025-05-17,45,3.098,A
1900011234567,2025-05-17,46,3.37,A
1900011234567,2025-05-17,47,3.366,A
1900011234567,2025-05-17,48,3.285,A
1900011234567,2025-05-18,1,3.297,A
1900011234567,2025-05-18,2,3.419,A
1900011234567,2025-05-18,3,3.175,A
1900011234567,2025-05-18,4,3.3,A
1900011234567,2025-05-18,5,3.431,A
1900011234567,2025-05-18,6,3.271,A
1900011234567,2025-05-18,7,3.103,A
1900011234567,2025-05-18,8,3.359,A
1900011234567,2025-05-18,9,3.11,A
1900011234567,2025-05-18,10,3.216,A
1900011234567,2025-05-18,11,3.349,A
1900011234567,2025-05-18,12,3.118,A
1900011234567,2025-05-18,13,3.161,A
1900011234567,2025-05-18,14,3.077,A
1900011234567,2025-05-18,15,3.213,A
1900011234567,2025-05-18,16,3.092,A
1900011234567,2025-05-18,17,7.099,A
1900011234567,2025-05-18,18,6.722,A
1900011234567,2025-05-18,19,7.197,A
1900011234567,2025-05-18,20,6.551,A
1900011234567,2025-05-18,21,7.197,A
1900011234567,2025-05-18,22,7.314,A
1900011234567,2025-05-18,23,7.052,A
1900011234567,2025-05-18,24,7.192,A
1900011234567,2025-05-18,25,7.297,A
1900011234567,2025-05-18,26,6.773,A
1900011234567,2025-05-18,27,6.825,A
1900011234567,2025-05-18,28,7.233,A
1900011234567,2025-05-18,29,6.702,A
1900011234567,2025-05-18,30,7.346,A
1900011234567,2025-05-18,31,7.189,A
1900011234567,2025-05-18,32,7.322,A
1900011234567,2025-05-18,33,3.204,A
1900011234567,2025-05-18,34,3.3,A
1900011234567,2025-05-18,35,3.326,A
1900011234567,2025-05-18,36,3.189,A
1900011234567,2025-05-18,37,3.088,A
1900011234567,2025-05-18,38,3.362,A
1900011234567,2025-05-18,39,3.106,A
1900011234567,2025-05-18,40,3.066,A
1900011234567,2025-05-18,41,3.28,A
1900011234567,2025-05-18,42,3.207,A
1900011234567,2025-05-18,43,3.257,A
1900011234567,2025-05-18,44,3.111,A
1900011234567,2025-05-18,45,3.151,A
1900011234567,2025-05-18,46,3.14,A
1900011234567,2025-05-18,47,3.256,A
1900011234567,2025-05-18,48,3.205,A
1900011234567,2025-05-19,1,3.261,A
1900011234567,2025-05-19,2,3.256,A
1900011234567,2025-05-19,3,3.331,A
1900011234567,2025-05-19,4,3.078,A
1900011234567,2025-05-19,5,3.099,A
1900011234567,2025-05-19,6,3.086,A
1900011234567,2025-05-19,7,3.118,A
1900011234567,2025-05-19,8,3.417,A
1900011234567,2025-05-19,9,3.34,A
1900011234567,2025-05-19,10,3.181,A
1900011234567,2025-05-19,11,3.359,A
1900011234567,2025-05-19,12,3.415,A
1900011234567,2025-05-19,13,3.262,A
1900011234567,2025-05-19,14,8.939,A
1900011234567,2025-05-19,15,13.725,A
1900011234567,2025-05-19,16,20.206,A
1900011234567,2025-05-19,17,19.161,A
1900011234567,2025-05-19,18,19.71,A
1900011234567,2025-05-19,19,20.044,A
1900011234567,2025-05-19,20,19.586,A
1900011234567,2025-05-19,21,20.579,A
1900011234567,2025-05-19,22,19.648,A
1900011234567,2025-05-19,23,20.605,A
1900011234567,2025-05-19,24,19.241,A
1900011234567,2025-05-19,25,20.914,A
1900011234567,2025-05-19,26,20.466,A
1900011234567,2025-05-19,27,20.491,A
1900011234567,2025-05-19,28,20.874,A
1900011234567,2025-05-19,29,20.392,A
1900011234567,2025-05-19,30,20.389,A
1900011234567,2025-05-19,31,20.269,A
1900011234567,2025-05-19,32,18.902,A
1900011234567,2025-05-19,33,20.675,A
1900011234567,2025-05-19,34,20.963,A
1900011234567,2025-05-19,35,21.096,A
1900011234567,2025-05-19,36,21.022,A
1900011234567,2025-05-19,37,18.839,A
1900011234567,2025-05-19,38,20.95,A
1900011234567,2025-05-19,39,20.15,A
1900011234567,2025-05-19,40,18.941,A
1900011234567,2025-05-19,41,20.553,A
1900011234567,2025-05-19,42,19.02,A
1900011234567,2025-05-19,43,13.741,A
1900011234567,2025-05-19,44,8.9,A
1900011234567,2025-05-19,45,3.188,A
1900011234567,2025-05-19,46,3.405,A
1900011234567,2025-05-19,47,3.132,A
1900011234567,2025-05-19,48,3.165,A
1900011234567,2025-05-20,1,3.204,A
1900011234567,2025-05-20,2,3.254,A
1900011234567,2025-05-20,3,3.23,A
1900011234567,2025-05-20,4,3.414,A
1900011234567,2025-05-20,5,3.404,A
1900011234567,2025-05-20,6,3.415,A
1900011234567,2025-05-20,7,3.377,A
1900011234567,2025-05-20,8,3.056,A
1900011234567,2025-05-20,9,3.107,A
1900011234567,2025-05-20,10,3.291,A
1900011234567,2025-05-20,11,3.384,A
1900011234567,2025-05-20,12,3.093,A
1900011234567,2025-05-20,13,3.09,A
1900011234567,2025-05-20,14,8.506,A
1900011234567,2025-05-20,15,15.142,A
1900011234567,2025-05-20,16,20.699,A
1900011234567,2025-05-20,17,19.544,A
1900011234567,2025-05-20,18,20.678,A
1900011234567,2025-05-20,19,19.243,A
1900011234567,2025-05-20,20,20.512,A
1900011234567,2025-05-20,21,20.269,A
1900011234567,2025-05-20,22,19.396,A
1900011234567,2025-05-20,23,19.777,A
1900011234567,2025-05-20,24,20.781,A
1900011234567,2025-05-20,25,20.517,A
1900011234567,2025-05-20,26,18.909,A
1900011234567,2025-05-20,27,20.237,A
1900011234567,2025-05-20,28,19.457,A
1900011234567,2025-05-20,29,20.105,A
1900011234567,2025-05-20,30,19.106,A
1900011234567,2025-05-20,31,20.609,A
1900011234567,2025-05-20,32,19.701,A
1900011234567,2025-05-20,33,20.93,A
1900011234567,2025-05-20,34,21.186,A
1900011234567,2025-05-20,35,19.009,A
1900011234567,2025-05-20,36,19.393,A
1900011234567,2025-05-20,37,19.394,A
1900011234567,2025-05-20,38,20.435,A
1900011234567,2025-05-20,39,20.6,A
1900011234567,2025-05-20,40,20.68,A
1900011234567,2025-05-20,41,20.815,A
1900011234567,2025-05-20,42,19.672,A
1900011234567,2025-05-20,43,13.722,A
1900011234567,2025-05-20,44,8.636,A
1900011234567,2025-05-20,45,3.168,A
1900011234567,2025-05-20,46,3.063,A
1900011234567,2025-05-20,47,3.388,A
1900011234567,2025-05-20,48,3.161,A
1900011234567,2025-05-21,1,3.277,A
1900011234567,2025-05-21,2,3.281,A
1900011234567,2025-05-21,3,3.317,A
1900011234567,2025-05-21,4,3.239,A
1900011234567,2025-05-21,5,3.164,A
1900011234567,2025-05-21,6,3.139,A
1900011234567,2025-05-21,7,3.156,A
1900011234567,2025-05-21,8,3.124,A
1900011234567,2025-05-21,9,3.173,A
1900011234567,2025-05-21,10,3.203,A
1900011234567,2025-05-21,11,3.295,A
1900011234567,2025-05-21,12,3.435,A
1900011234567,2025-05-21,13,3.092,A
1900011234567,2025-05-21,14,8.517,A
1900011234567,2025-05-21,15,13.953,A
1900011234567,2025-05-21,16,19.816,A
1900011234567,2025-05-21,17,21.159,A
1900011234567,2025-05-21,18,19.105,A
1900011234567,2025-05-21,19,18.866,A
1900011234567,2025-05-21,20,20.656,A
1900011234567,2025-05-21,21,19.992,A
1900011234567,2025-05-21,22,20.524,A
1900011234567,2025-05-21,23,20.817,A
1900011234567,2025-05-21,24,19.324,A
1900011234567,2025-05-21,25,18.902,A
1900011234567,2025-05-21,26,20.408,A
1900011234567,2025-05-21,27,19.669,A
1900011234567,2025-05-21,28,19.959,A
1900011234567,2025-05-21,29,19.616,A
1900011234567,2025-05-21,30,19.755,A
1900011234567,2025-05-21,31,20.996,A
1900011234567,2025-05-21,32,19.936,A
1900011234567,2025-05-21,33,19.18,A
1900011234567,2025-05-21,34,20.614,A
1900011234567,2025-05-21,35,19.495,A
1900011234567,2025-05-21,36,20.566,A
1900011234567,2025-05-21,37,21.15,A
1900011234567,2025-05-21,38,19.457,A
1900011234567,2025-05-21,39,19.214,A
1900011234567,2025-05-21,40,20.5,A
1900011234567,2025-05-21,41,20.985,A
1900011234567,2025-05-21,42,19.182,A
1900011234567,2025-05-21,43,15.239,A
1900011234567,2025-05-21,44,8.494,A
1900011234567,2025-05-21,45,3.175,A
1900011234567,2025-05-21,46,3.156,A
1900011234567,2025-05-21,47,3.313,A
1900011234567,2025-05-21,48,3.402,A
1900011234567,2025-05-22,1,3.385,A
1900011234567,2025-05-22,2,3.201,A
1900011234567,2025-05-22,3,3.341,A
1900011234567,2025-05-22,4,3.187,A
1900011234567,2025-05-22,5,3.234,A
1900011234567,2025-05-22,6,3.161,A
1900011234567,2025-05-22,7,3.307,A
1900011234567,2025-05-22,8,3.4,A
1900011234567,2025-05-22,9,3.364,A
1900011234567,2025-05-22,10,3.376,A
1900011234567,2025-05-22,11,3.175,A
1900011234567,2025-05-22,12,3.246,A
1900011234567,2025-05-22,13,3.219,A
1900011234567,2025-05-22,14,8.574,A
1900011234567,2025-05-22,15,14.621,A
1900011234567,2025-05-22,16,19.058,A
1900011234567,2025-05-22,17,19.717,A
1900011234567,2025-05-22,18,19.06,A
1900011234567,2025-05-22,19,20.768,A
1900011234567,2025-05-22,20,20.685,A
1900011234567,2025-05-22,21,20.229,A
1900011234567,2025-05-22,22,20.342,A
1900011234567,2025-05-22,23,21.033,A
1900011234567,2025-05-22,24,20.789,A
1900011234567,2025-05-22,25,19.966,A
1900011234567,2025-05-22,26,20.428,A
1900011234567,2025-05-22,27,19.768,A
1900011234567,2025-05-22,28,21.16,A
1900011234567,2025-05-22,29,19.27,A
1900011234567,2025-05-22,30,20.381,A
1900011234567,2025-05-22,31,19.321,A
1900011234567,2025-05-22,32,19.582,A
1900011234567,2025-05-22,33,19.841,A
1900011234567,2025-05-22,34,19.477,A
1900011234567,2025-05-22,35,18.992,A
1900011234567,2025-05-22,36,19.319,A
1900011234567,2025-05-22,37,20.516,A
1900011234567,2025-05-22,38,19.829,A
1900011234567,2025-05-22,39,20.771,A
1900011234567,2025-05-22,40,20.621,A
1900011234567,2025-05-22,41,20.636,A
1900011234567,2025-05-22,42,20.706,A
1900011234567,2025-05-22,43,14.03,A
1900011234567,2025-05-22,44,8.781,A
1900011234567,2025-05-22,45,3.111,A
1900011234567,2025-05-22,46,3.123,A
1900011234567,2025-05-22,47,3.07,A
1900011234567,2025-05-22,48,3.38,A
1900011234567,2025-05-23,1,3.372,A
1900011234567,2025-05-23,2,3.287,A
1900011234567,2025-05-23,3,3.075,A
1900011234567,2025-05-23,4,3.251,A
1900011234567,2025-05-23,5,3.108,A
1900011234567,2025-05-23,6,3.155,A
1900011234567,2025-05-23,7,3.389,A
1900011234567,2025-05-23,8,3.365,A
1900011234567,2025-05-23,9,3.246,A
1900011234567,2025-05-23,10,3.078,A
1900011234567,2025-05-23,11,3.112,A
1900011234567,2025-05-23,12,3.146,A
1900011234567,2025-05-23,13,3.4,A
1900011234567,2025-05-23,14,8.42,A
1900011234567,2025-05-23,15,13.946,A
1900011234567,2025-05-23,16,20.317,A
1900011234567,2025-05-23,17,20.225,A
1900011234567,2025-05-23,18,19.507,A
1900011234567,2025-05-23,19,20.53,A
1900011234567,2025-05-23,20,20.506,A
1900011234567,2025-05-23,21,20.908,A
1900011234567,2025-05-23,22,19.339,A
1900011234567,2025-05-23,23,20.613,A
1900011234567,2025-05-23,24,20.937,A
1900011234567,2025-05-23,25,19.454,A
1900011234567,2025-05-23,26,19.278,A
1900011234567,2025-05-23,27,20.279,A
1900011234567,2025-05-23,28,21.163,A
1900011234567,2025-05-23,29,21.093,A
1900011234567,2025-05-23,30,20.272,A
1900011234567,2025-05-23,31,19.326,A
1900011234567,2025-05-23,32,19.214,A
1900011234567,2025-05-23,33,19.896,A
1900011234567,2025-05-23,34,19.442,A
1900011234567,2025-05-23,35,21.063,A
1900011234567,2025-05-23,36,20.823,A
1900011234567,2025-05-23,37,19.075,A
1900011234567,2025-05-23,38,19.967,A
1900011234567,2025-05-23,39,18.976,A
1900011234567,2025-05-23,40,20.388,A
1900011234567,2025-05-23,41,20.041,A
1900011234567,2025-05-23,42,20.782,A
1900011234567,2025-05-23,43,13.614,A
1900011234567,2025-05-23,44,8.909,A
1900011234567,2025-05-23,45,3.31,A
1900011234567,2025-05-23,46,3.115,A
1900011234567,2025-05-23,47,3.341,A
1900011234567,2025-05-23,48,3.254,A
1900011234567,2025-05-24,1,3.208,A
1900011234567,2025-05-24,2,3.398,A
1900011234567,2025-05-24,3,3.151,A
1900011234567,2025-05-24,4,3.353,A
1900011234567,2025-05-24,5,3.434,A
1900011234567,2025-05-24,6,3.383,A
1900011234567,2025-05-24,7,3.187,A
1900011234567,2025-05-24,8,3.165,A
1900011234567,2025-05-24,9,3.313,A
1900011234567,2025-05-24,10,3.084,A
1900011234567,2025-05-24,11,3.306,A
1900011234567,2025-05-24,12,3.193,A
1900011234567,2025-05-24,13,3.138,A
1900011234567,2025-05-24,14,3.062,A
1900011234567,2025-05-24,15,3.271,A
1900011234567,2025-05-24,16,3.079,A
1900011234567,2025-05-24,17,7.176,A
1900011234567,2025-05-24,18,6.744,A
1900011234567,2025-05-24,19,6.558,A
1900011234567,2025-05-24,20,7.091,A
1900011234567,2025-05-24,21,6.544,A
1900011234567,2025-05-24,22,7.039,A
1900011234567,2025-05-24,23,7.148,A
1900011234567,2025-05-24,24,6.876,A
1900011234567,2025-05-24,25,6.526,A
1900011234567,2025-05-24,26,7.012,A
1900011234567,2025-05-24,27,7.203,A
1900011234567,2025-05-24,28,6.887,A
1900011234567,2025-05-24,29,7.237,A
1900011234567,2025-05-24,30,7.069,A
1900011234567,2025-05-24,31,7.172,A
1900011234567,2025-05-24,32,6.525,A
1900011234567,2025-05-24,33,3.288,A
1900011234567,2025-05-24,34,3.304,A
1900011234567,2025-05-24,35,3.057,A
1900011234567,2025-05-24,36,3.274,A
1900011234567,2025-05-24,37,3.277,A
1900011234567,2025-05-24,38,3.247,A
1900011234567,2025-05-24,39,3.348,A
1900011234567,2025-05-24,40,3.358,A
1900011234567,2025-05-24,41,3.196,A
1900011234567,2025-05-24,42,3.14,A
1900011234567,2025-05-24,43,3.321,A
1900011234567,2025-05-24,44,3.25,A
1900011234567,2025-05-24,45,3.391,A
1900011234567,2025-05-24,46,3.231,A
1900011234567,2025-05-24,47,3.389,A
1900011234567,2025-05-24,48,3.203,A
1900011234567,2025-05-25,1,3.068,A
1900011234567,2025-05-25,2,3.272,A
1900011234567,2025-05-25,3,3.198,A
1900011234567,2025-05-25,4,3.202,A
1900011234567,2025-05-25,5,3.428,A
1900011234567,2025-05-25,6,3.368,A
1900011234567,2025-05-25,7,3.331,A
1900011234567,2025-05-25,8,3.413,A
1900011234567,2025-05-25,9,3.137,A
1900011234567,2025-05-25,10,3.335,A
1900011234567,2025-05-25,11,3.327,A
1900011234567,2025-05-25,12,3.396,A
1900011234567,2025-05-25,13,3.144,A
1900011234567,2025-05-25,14,3.384,A
1900011234567,2025-05-25,15,3.077,A
1900011234567,2025-05-25,16,3.276,A
1900011234567,2025-05-25,17,6.729,A
1900011234567,2025-05-25,18,6.839,A
1900011234567,2025-05-25,19,7.309,A
1900011234567,2025-05-25,20,7.036,A
1900011234567,2025-05-25,21,6.839,A
1900011234567,2025-05-25,22,7.297,A
1900011234567,2025-05-25,23,6.812,A
1900011234567,2025-05-25,24,6.682,A
1900011234567,2025-05-25,25,6.524,A
1900011234567,2025-05-25,26,7.081,A
1900011234567,2025-05-25,27,6.859,A
1900011234567,2025-05-25,28,7.236,A
1900011234567,2025-05-25,29,7.068,A
1900011234567,2025-05-25,30,7.304,A
1900011234567,2025-05-25,31,7.342,A
1900011234567,2025-05-25,32,6.869,A
1900011234567,2025-05-25,33,3.389,A
1900011234567,2025-05-25,34,3.358,A
1900011234567,2025-05-25,35,3.109,A
1900011234567,2025-05-25,36,3.317,A
1900011234567,2025-05-25,37,3.314,A
1900011234567,2025-05-25,38,3.436,A
1900011234567,2025-05-25,39,3.171,A
1900011234567,2025-05-25,40,3.439,A
1900011234567,2025-05-25,41,3.221,A
1900011234567,2025-05-25,42,3.312,A
1900011234567,2025-05-25,43,3.177,A
1900011234567,2025-05-25,44,3.342,A
1900011234567,2025-05-25,45,3.136,A
1900011234567,2025-05-25,46,3.441,A
1900011234567,2025-05-25,47,3.173,A
1900011234567,2025-05-25,48,3.436,A
1900011234567,2025-05-26,1,3.409,A
1900011234567,2025-05-26,2,3.172,A
1900011234567,2025-05-26,3,3.202,A
1900011234567,2025-05-26,4,3.109,A
1900011234567,2025-05-26,5,3.353,A
1900011234567,2025-05-26,6,3.221,A
1900011234567,2025-05-26,7,3.245,A
1900011234567,2025-05-26,8,3.252,A
1900011234567,2025-05-26,9,3.406,A
1900011234567,2025-05-26,10,3.348,A
1900011234567,2025-05-26,11,3.276,A
1900011234567,2025-05-26,12,3.358,A
1900011234567,2025-05-26,13,3.423,A
1900011234567,2025-05-26,14,8.914,A
1900011234567,2025-05-26,15,13.636,A
1900011234567,2025-05-26,16,20.412,A
1900011234567,2025-05-26,17,20.991,A
1900011234567,2025-05-26,18,18.84,A
1900011234567,2025-05-26,19,21.095,A
1900011234567,2025-05-26,20,19.976,A
1900011234567,2025-05-26,21,19.6,A
1900011234567,2025-05-26,22,20.518,A
1900011234567,2025-05-26,23,19.447,A
1900011234567,2025-05-26,24,20.3,A
1900011234567,2025-05-26,25,19.41,A
1900011234567,2025-05-26,26,21.153,A
1900011234567,2025-05-26,27,21.068,A
1900011234567,2025-05-26,28,20.855,A
1900011234567,2025-05-26,29,20.664,A
1900011234567,2025-05-26,30,19.036,A
1900011234567,2025-05-26,31,19.395,A
1900011234567,2025-05-26,32,19.379,A
1900011234567,2025-05-26,33,21.128,A
1900011234567,2025-05-26,34,18.972,A
1900011234567,2025-05-26,35,21.072,A
1900011234567,2025-05-26,36,19.884,A
1900011234567,2025-05-26,37,18.954,A
1900011234567,2025-05-26,38,19.509,A
1900011234567,2025-05-26,39,20.008,A
1900011234567,2025-05-26,40,18.964,A
1900011234567,2025-05-26,41,21.133,A
1900011234567,2025-05-26,42,18.851,A
1900011234567,2025-05-26,43,14.62,A
1900011234567,2025-05-26,44,8.337,A
1900011234567,2025-05-26,45,3.091,A
1900011234567,2025-05-26,46,3.178,A
1900011234567,2025-05-26,47,3.102,A
1900011234567,2025-05-26,48,3.442,A
1900011234567,2025-05-27,1,3.257,A
1900011234567,2025-05-27,2,3.131,A
1900011234567,2025-05-27,3,3.393,A
1900011234567,2025-05-27,4,3.376,A
1900011234567,2025-05-27,5,3.07,A
1900011234567,2025-05-27,6,3.216,A
1900011234567,2025-05-27,7,3.129,A
1900011234567,2025-05-27,8,3.168,A
1900011234567,2025-05-27,9,3.12,A
1900011234567,2025-05-27,10,3.184,A
1900011234567,2025-05-27,11,3.095,A
1900011234567,2025-05-27,12,3.128,A
1900011234567,2025-05-27,13,3.131,A
1900011234567,2025-05-27,14,8.458,A
1900011234567,2025-05-27,15,13.645,A
1900011234567,2025-05-27,16,19.112,A
1900011234567,2025-05-27,17,18.982,A
1900011234567,2025-05-27,18,20.298,A
1900011234567,2025-05-27,19,21.085,A
1900011234567,2025-05-27,20,19.414,A
1900011234567,2025-05-27,21,20.584,A
1900011234567,2025-05-27,22,20.048,A
1900011234567,2025-05-27,23,20.57,A
1900011234567,2025-05-27,24,20.239,A
1900011234567,2025-05-27,25,19.984,A
1900011234567,2025-05-27,26,20.169,A
1900011234567,2025-05-27,27,19.504,A
1900011234567,2025-05-27,28,20.86,A
1900011234567,2025-05-27,29,19.179,A
1900011234567,2025-05-27,30,19.464,A
1900011234567,2025-05-27,31,19.662,A
1900011234567,2025-05-27,32,20.332,A
1900011234567,2025-05-27,33,20.557,A
1900011234567,2025-05-27,34,19.986,A
1900011234567,2025-05-27,35,19.095,A
1900011234567,2025-05-27,36,19.495,A
1900011234567,2025-05-27,37,18.803,A
1900011234567,2025-05-27,38,20.488,A
1900011234567,2025-05-27,39,20.382,A
1900011234567,2025-05-27,40,19.574,A
1900011234567,2025-05-27,41,18.985,A
1900011234567,2025-05-27,42,19.52,A
1900011234567,2025-05-27,43,14.203,A
1900011234567,2025-05-27,44,9.266,A
1900011234567,2025-05-27,45,3.278,A
1900011234567,2025-05-27,46,3.082,A
1900011234567,2025-05-27,47,3.428,A
1900011234567,2025-05-27,48,3.254,A
1900011234567,2025-05-28,1,3.312,A
1900011234567,2025-05-28,2,3.343,A
1900011234567,2025-05-28,3,3.173,A
1900011234567,2025-05-28,4,3.151,A
1900011234567,2025-05-28,5,3.358,A
1900011234567,2025-05-28,6,3.155,A
1900011234567,2025-05-28,7,3.163,A
1900011234567,2025-05-28,8,3.112,A
1900011234567,2025-05-28,9,3.129,A
1900011234567,2025-05-28,10,3.282,A
1900011234567,2025-05-28,11,3.241,A
1900011234567,2025-05-28,12,3.22,A
1900011234567,2025-05-28,13,3.338,A
1900011234567,2025-05-28,14,9.345,A
1900011234567,2025-05-28,15,13.76,A
1900011234567,2025-05-28,16,20.183,A
1900011234567,2025-05-28,17,19.392,A
1900011234567,2025-05-28,18,19.721,A
1900011234567,2025-05-28,19,20.907,A
1900011234567,2025-05-28,20,19.613,A
1900011234567,2025-05-28,21,19.759,A
1900011234567,2025-05-28,22,18.818,A
1900011234567,2025-05-28,23,19.585,A
1900011234567,2025-05-28,24,19.304,A
1900011234567,2025-05-28,25,19.997,A
1900011234567,2025-05-28,26,19.634,A
1900011234567,2025-05-28,27,19.195,A
1900011234567,2025-05-28,28,19.263,A
1900011234567,2025-05-28,29,19.355,A
1900011234567,2025-05-28,30,19.037,A
1900011234567,2025-05-28,31,20.809,A
1900011234567,2025-05-28,32,19.707,A
1900011234567,2025-05-28,33,19.417,A
1900011234567,2025-05-28,34,19.178,A
1900011234567,2025-05-28,35,20.966,A
1900011234567,2025-05-28,36,18.861,A
1900011234567,2025-05-28,37,19.459,A
1900011234567,2025-05-28,38,20.75,A
1900011234567,2025-05-28,39,19.499,A
1900011234567,2025-05-28,40,20.832,A
1900011234567,2025-05-28,41,19.17,A
1900011234567,2025-05-28,42,20.395,A
1900011234567,2025-05-28,43,13.696,A
1900011234567,2025-05-28,44,8.498,A
1900011234567,2025-05-28,45,3.082,A
1900011234567,2025-05-28,46,3.385,A
1900011234567,2025-05-28,47,3.084,A
1900011234567,2025-05-28,48,3.093,A
1900011234567,2025-05-29,1,3.216,A
1900011234567,2025-05-29,2,3.433,A
1900011234567,2025-05-29,3,3.12,A
1900011234567,2025-05-29,4,3.409,A
1900011234567,2025-05-29,5,3.323,A
1900011234567,2025-05-29,6,3.086,A
1900011234567,2025-05-29,7,3.055,A
1900011234567,2025-05-29,8,3.236,A
1900011234567,2025-05-29,9,3.277,A
1900011234567,2025-05-29,10,3.407,A
1900011234567,2025-05-29,11,3.194,A
1900011234567,2025-05-29,12,3.154,A
1900011234567,2025-05-29,13,3.169,A
1900011234567,2025-05-29,14,9.184,A
1900011234567,2025-05-29,15,15.245,A
1900011234567,2025-05-29,16,19.637,A
1900011234567,2025-05-29,17,20.882,A
1900011234567,2025-05-29,18,19.052,A
1900011234567,2025-05-29,19,20.91,A
1900011234567,2025-05-29,20,20.541,A
1900011234567,2025-05-29,21,19.568,A
1900011234567,2025-05-29,22,19.888,A
1900011234567,2025-05-29,23,21.093,A
1900011234567,2025-05-29,24,18.979,A
1900011234567,2025-05-29,25,20.153,A
1900011234567,2025-05-29,26,19.63,A
1900011234567,2025-05-29,27,20.255,A
1900011234567,2025-05-29,28,19.775,A
1900011234567,2025-05-29,29,18.905,A
1900011234567,2025-05-29,30,19.497,A
1900011234567,2025-05-29,31,21.067,A
1900011234567,2025-05-29,32,19.578,A
1900011234567,2025-05-29,33,20.106,A
1900011234567,2025-05-29,34,19.013,A
1900011234567,2025-05-29,35,20.374,A
1900011234567,2025-05-29,36,20.215,A
1900011234567,2025-05-29,37,19.414,A
1900011234567,2025-05-29,38,19.541,A
1900011234567,2025-05-29,39,19.202,A
1900011234567,2025-05-29,40,20.91,A
1900011234567,2025-05-29,41,20.899,A
1900011234567,2025-05-29,42,20.091,A
1900011234567,2025-05-29,43,14.245,A
1900011234567,2025-05-29,44,8.533,A
1900011234567,2025-05-29,45,3.439,A
1900011234567,2025-05-29,46,3.278,A
1900011234567,2025-05-29,47,3.141,A
1900011234567,2025-05-29,48,3.257,A
1900011234567,2025-05-30,1,3.125,A
1900011234567,2025-05-30,2,3.072,A
1900011234567,2025-05-30,3,3.34,A
1900011234567,2025-05-30,4,3.341,A
1900011234567,2025-05-30,5,3.089,A
1900011234567,2025-05-30,6,3.41,A
1900011234567,2025-05-30,7,3.247,A
1900011234567,2025-05-30,8,3.342,A
1900011234567,2025-05-30,9,3.138,A
1900011234567,2025-05-30,10,3.149,A
1900011234567,2025-05-30,11,3.269,A
1900011234567,2025-05-30,12,3.396,A
1900011234567,2025-05-30,13,3.381,A
1900011234567,2025-05-30,14,8.679,A
1900011234567,2025-05-30,15,14.181,A
1900011234567,2025-05-30,16,20.827,A
1900011234567,2025-05-30,17,19.513,A
1900011234567,2025-05-30,18,19.305,A
1900011234567,2025-05-30,19,18.963,A
1900011234567,2025-05-30,20,20.564,A
1900011234567,2025-05-30,21,20.545,A
1900011234567,2025-05-30,22,19.292,A
1900011234567,2025-05-30,23,19.415,A
1900011234567,2025-05-30,24,18.902,A
1900011234567,2025-05-30,25,19.411,A
1900011234567,2025-05-30,26,18.926,A
1900011234567,2025-05-30,27,19.954,A
1900011234567,2025-05-30,28,18.974,A
1900011234567,2025-05-30,29,19.034,A
1900011234567,2025-05-30,30,21.179,A
1900011234567,2025-05-30,31,18.848,A
1900011234567,2025-05-30,32,20.499,A
1900011234567,2025-05-30,33,19.079,A
1900011234567,2025-05-30,34,20.202,A
1900011234567,2025-05-30,35,19.12,A
1900011234567,2025-05-30,36,19.374,A
1900011234567,2025-05-30,37,20.548,A
1900011234567,2025-05-30,38,21.007,A
1900011234567,2025-05-30,39,18.919,A
1900011234567,2025-05-30,40,20.947,A
1900011234567,2025-05-30,41,18.856,A
1900011234567,2025-05-30,42,20.413,A
1900011234567,2025-05-30,43,14.771,A
1900011234567,2025-05-30,44,8.995,A
1900011234567,2025-05-30,45,3.235,A
1900011234567,2025-05-30,46,3.145,A
1900011234567,2025-05-30,47,3.127,A
1900011234567,2025-05-30,48,3.338,A
1900011234567,2025-05-31,1,3.432,A
1900011234567,2025-05-31,2,3.294,A
1900011234567,2025-05-31,3,3.254,A
1900011234567,2025-05-31,4,3.316,A
1900011234567,2025-05-31,5,3.302,A
1900011234567,2025-05-31,6,3.444,A
1900011234567,2025-05-31,7,3.312,A
1900011234567,2025-05-31,8,3.128,A
1900011234567,2025-05-31,9,3.218,A
1900011234567,2025-05-31,10,3.348,A
1900011234567,2025-05-31,11,3.395,A
1900011234567,2025-05-31,12,3.094,A
1900011234567,2025-05-31,13,3.309,A
1900011234567,2025-05-31,14,3.086,A
1900011234567,2025-05-31,15,3.243,A
1900011234567,2025-05-31,16,3.257,A
1900011234567,2025-05-31,17,6.533,A
1900011234567,2025-05-31,18,6.711,A
1900011234567,2025-05-31,19,7.048,A
1900011234567,2025-05-31,20,7.302,A
1900011234567,2025-05-31,21,7.029,A
1900011234567,2025-05-31,22,7.129,A
1900011234567,2025-05-31,23,7.054,A
1900011234567,2025-05-31,24,6.616,A
1900011234567,2025-05-31,25,6.869,A
1900011234567,2025-05-31,26,6.553,A
1900011234567,2025-05-31,27,7.035,A
1900011234567,2025-05-31,28,6.757,A
1900011234567,2025-05-31,29,6.914,A
1900011234567,2025-05-31,30,7.14,A
1900011234567,2025-05-31,31,6.896,A
1900011234567,2025-05-31,32,6.79,A
1900011234567,2025-05-31,33,3.179,A
1900011234567,2025-05-31,34,3.179,A
1900011234567,2025-05-31,35,3.393,A
1900011234567,2025-05-31,36,3.064,A
1900011234567,2025-05-31,37,3.279,A
1900011234567,2025-05-31,38,3.411,A
1900011234567,2025-05-31,39,3.401,A
1900011234567,2025-05-31,40,3.381,A
1900011234567,2025-05-31,41,3.257,A
1900011234567,2025-05-31,42,3.391,A
1900011234567,2025-05-31,43,3.191,A
1900011234567,2025-05-31,44,3.251,A
1900011234567,2025-05-31,45,3.288,A
1900011234567,2025-05-31,46,3.329,A
1900011234567,2025-05-31,47,3.184,A
1900011234567,2025-05-31,48,3.143,A
1900011234567,2025-06-01,1,3.356,A
1900011234567,2025-06-01,2,3.158,A
1900011234567,2025-06-01,3,3.183,A
1900011234567,2025-06-01,4,3.442,A
1900011234567,2025-06-01,5,3.157,A
1900011234567,2025-06-01,6,3.279,A
1900011234567,2025-06-01,7,3.412,A
1900011234567,2025-06-01,8,3.14,A
1900011234567,2025-06-01,9,3.26,A
1900011234567,2025-06-01,10,3.185,A
1900011234567,2025-06-01,11,3.19,A
1900011234567,2025-06-01,12,3.12,A
1900011234567,2025-06-01,13,3.379,A
1900011234567,2025-06-01,14,3.083,A
1900011234567,2025-06-01,15,3.253,A
1900011234567,2025-06-01,16,3.278,A
1900011234567,2025-06-01,17,6.934,A
1900011234567,2025-06-01,18,7.276,A
1900011234567,2025-06-01,19,6.869,A
1900011234567,2025-06-01,20,7.279,A
1900011234567,2025-06-01,21,6.925,A
1900011234567,2025-06-01,22,7.097,A
1900011234567,2025-06-01,23,6.523,A
1900011234567,2025-06-01,24,6.626,A
1900011234567,2025-06-01,25,6.714,A
1900011234567,2025-06-01,26,6.587,A
1900011234567,2025-06-01,27,7.074,A
1900011234567,2025-06-01,28,6.702,A
1900011234567,2025-06-01,29,7.036,A
1900011234567,2025-06-01,30,7.214,A
1900011234567,2025-06-01,31,7.024,A
1900011234567,2025-06-01,32,7.005,A
1900011234567,2025-06-01,33,3.269,A
1900011234567,2025-06-01,34,3.136,A
1900011234567,2025-06-01,35,3.207,A
1900011234567,2025-06-01,36,3.307,A
1900011234567,2025-06-01,37,3.243,A
1900011234567,2025-06-01,38,3.421,A
1900011234567,2025-06-01,39,3.337,A
1900011234567,2025-06-01,40,3.104,A
1900011234567,2025-06-01,41,3.32,A
1900011234567,2025-06-01,42,3.31,A
1900011234567,2025-06-01,43,3.329,A
1900011234567,2025-06-01,44,3.149,A
1900011234567,2025-06-01,45,3.436,A
1900011234567,2025-06-01,46,3.232,A
1900011234567,2025-06-01,47,3.212,A
1900011234567,2025-06-01,48,3.405,A
1900011234567,2025-06-02,1,3.133,A
1900011234567,2025-06-02,2,3.431,A
1900011234567,2025-06-02,3,3.306,A
1900011234567,2025-06-02,4,3.399,A
1900011234567,2025-06-02,5,3.319,A
1900011234567,2025-06-02,6,3.246,A
1900011234567,2025-06-02,7,3.4,A
1900011234567,2025-06-02,8,3.134,A
1900011234567,2025-06-02,9,3.129,A
1900011234567,2025-06-02,10,3.105,A
1900011234567,2025-06-02,11,3.129,A
1900011234567,2025-06-02,12,3.431,A
1900011234567,2025-06-02,13,3.178,A
1900011234567,2025-06-02,14,8.77,A
1900011234567,2025-06-02,15,13.661,A
1900011234567,2025-06-02,16,20.736,A
1900011234567,2025-06-02,17,19.584,A
1900011234567,2025-06-02,18,19.566,A
1900011234567,2025-06-02,19,21.11,A
1900011234567,2025-06-02,20,20.731,A
1900011234567,2025-06-02,21,20.144,A
1900011234567,2025-06-02,22,20.049,A
1900011234567,2025-06-02,23,19.35,A
1900011234567,2025-06-02,24,20.467,A
1900011234567,2025-06-02,25,20.133,A
1900011234567,2025-06-02,26,20.335,A
1900011234567,2025-06-02,27,18.947,A
1900011234567,2025-06-02,28,21.086,A
1900011234567,2025-06-02,29,21.004,A
1900011234567,2025-06-02,30,19.134,A
1900011234567,2025-06-02,31,19.413,A
1900011234567,2025-06-02,32,19.285,A
1900011234567,2025-06-02,33,20.723,A
1900011234567,2025-06-02,34,19.282,A
1900011234567,2025-06-02,35,20.705,A
1900011234567,2025-06-02,36,18.828,A
1900011234567,2025-06-02,37,20.037,A
1900011234567,2025-06-02,38,20.885,A
1900011234567,2025-06-02,39,19.944,A
1900011234567,2025-06-02,40,19.707,A
1900011234567,2025-06-02,41,20.994,A
1900011234567,2025-06-02,42,19.345,A
1900011234567,2025-06-02,43,13.706,A
1900011234567,2025-06-02,44,8.352,A
1900011234567,2025-06-02,45,3.137,A
1900011234567,2025-06-02,46,3.414,A
1900011234567,2025-06-02,47,3.158,A
1900011234567,2025-06-02,48,3.223,A
1900011234567,2025-06-03,1,3.07,A
1900011234567,2025-06-03,2,3.201,A
1900011234567,2025-06-03,3,3.149,A
1900011234567,2025-06-03,4,3.196,A
1900011234567,2025-06-03,5,3.211,A
1900011234567,2025-06-03,6,3.397,A
1900011234567,2025-06-03,7,3.387,A
1900011234567,2025-06-03,8,3.149,A
1900011234567,2025-06-03,9,3.236,A
1900011234567,2025-06-03,10,3.278,A
1900011234567,2025-06-03,11,3.27,A
1900011234567,2025-06-03,12,3.087,A
1900011234567,2025-06-03,13,3.329,A
1900011234567,2025-06-03,14,8.749,A
1900011234567,2025-06-03,15,13.746,A
1900011234567,2025-06-03,16,18.82,A
1900011234567,2025-06-03,17,20.91,A
1900011234567,2025-06-03,18,20.085,A
1900011234567,2025-06-03,19,19.705,A
1900011234567,2025-06-03,20,20.622,A
1900011234567,2025-06-03,21,19.842,A
1900011234567,2025-06-03,22,20.259,A
1900011234567,2025-06-03,23,20.377,A
1900011234567,2025-06-03,24,19.169,A
1900011234567,2025-06-03,25,19.267,A
1900011234567,2025-06-03,26,21.003,A
1900011234567,2025-06-03,27,19.155,A
1900011234567,2025-06-03,28,19.744,A
1900011234567,2025-06-03,29,19.363,A
1900011234567,2025-06-03,30,20.432,A
1900011234567,2025-06-03,31,20.273,A
1900011234567,2025-06-03,32,20.274,A
1900011234567,2025-06-03,33,19.201,A
1900011234567,2025-06-03,34,19.192,A
1900011234567,2025-06-03,35,19.382,A
1900011234567,2025-06-03,36,21.088,A
1900011234567,2025-06-03,37,21.184,A
1900011234567,2025-06-03,38,19.53,A
1900011234567,2025-06-03,39,19.693,A
1900011234567,2025-06-03,40,19.519,A
1900011234567,2025-06-03,41,20.894,A
1900011234567,2025-06-03,42,18.906,A
1900011234567,2025-06-03,43,15.187,A
1900011234567,2025-06-03,44,8.747,A
1900011234567,2025-06-03,45,3.13,A
1900011234567,2025-06-03,46,3.348,A
1900011234567,2025-06-03,47,3.362,A
1900011234567,2025-06-03,48,3.056,A
1900011234567,2025-06-04,1,3.328,A
1900011234567,2025-06-04,2,3.414,A
1900011234567,2025-06-04,3,3.348,A
1900011234567,2025-06-04,4,3.095,A
1900011234567,2025-06-04,5,3.098,A
1900011234567,2025-06-04,6,3.234,A
1900011234567,2025-06-04,7,3.098,A
1900011234567,2025-06-04,8,3.402,A
1900011234567,2025-06-04,9,3.373,A
1900011234567,2025-06-04,10,3.436,A
1900011234567,2025-06-04,11,3.254,A
1900011234567,2025-06-04,12,3.2,A
1900011234567,2025-06-04,13,3.217,A
1900011234567,2025-06-04,14,8.872,A
1900011234567,2025-06-04,15,14.693,A
1900011234567,2025-06-04,16,19.044,A
1900011234567,2025-06-04,17,18.953,A
1900011234567,2025-06-04,18,19.592,A
1900011234567,2025-06-04,19,19.209,A
1900011234567,2025-06-04,20,20.845,A
1900011234567,2025-06-04,21,19.814,A
1900011234567,2025-06-04,22,19.475,A
1900011234567,2025-06-04,23,19.872,A
1900011234567,2025-06-04,24,18.808,A
1900011234567,2025-06-04,25,21.003,A
1900011234567,2025-06-04,26,20.964,A
1900011234567,2025-06-04,27,19.766,A
1900011234567,2025-06-04,28,20.052,A
1900011234567,2025-06-04,29,19.008,A
1900011234567,2025-06-04,30,19.306,A
1900011234567,2025-06-04,31,20.85,A
1900011234567,2025-06-04,32,21.04,A
1900011234567,2025-06-04,33,19.709,A
1900011234567,2025-06-04,34,19.054,A
1900011234567,2025-06-04,35,20.284,A
1900011234567,2025-06-04,36,19.002,A
1900011234567,2025-06-04,37,21.079,A
1900011234567,2025-06-04,38,19.403,A
1900011234567,2025-06-04,39,19.183,A
1900011234567,2025-06-04,40,21.046,A
1900011234567,2025-06-04,41,18.893,A
1900011234567,2025-06-04,42,20.827,A
1900011234567,2025-06-04,43,15.237,A
1900011234567,2025-06-04,44,8.559,A
1900011234567,2025-06-04,45,3.346,A
1900011234567,2025-06-04,46,3.234,A
1900011234567,2025-06-04,47,3.325,A
1900011234567,2025-06-04,48,3.08,A
1900011234567,2025-06-05,1,3.336,A
1900011234567,2025-06-05,2,3.376,A
1900011234567,2025-06-05,3,3.415,A
1900011234567,2025-06-05,4,3.305,A
1900011234567,2025-06-05,5,3.328,A
1900011234567,2025-06-05,6,3.074,A
1900011234567,2025-06-05,7,3.131,A
1900011234567,2025-06-05,8,3.328,A
1900011234567,2025-06-05,9,3.35,A
1900011234567,2025-06-05,10,3.134,A
1900011234567,2025-06-05,11,3.135,A
1900011234567,2025-06-05,12,3.337,A
1900011234567,2025-06-05,13,3.248,A
1900011234567,2025-06-05,14,8.528,A
1900011234567,2025-06-05,15,14.603,A
1900011234567,2025-06-05,16,20.761,A
1900011234567,2025-06-05,17,20.557,A
1900011234567,2025-06-05,18,20.08,A
1900011234567,2025-06-05,19,20.499,A
1900011234567,2025-06-05,20,20.899,A
1900011234567,2025-06-05,21,21.03,A
1900011234567,2025-06-05,22,20.633,A
1900011234567,2025-06-05,23,20.264,A
1900011234567,2025-06-05,24,21.017,A
1900011234567,2025-06-05,25,18.804,A
1900011234567,2025-06-05,26,19.204,A
1900011234567,2025-06-05,27,20.974,A
1900011234567,2025-06-05,28,20.321,A
1900011234567,2025-06-05,29,20.412,A
1900011234567,2025-06-05,30,19.171,A
1900011234567,2025-06-05,31,20.546,A
1900011234567,2025-06-05,32,20.662,A
1900011234567,2025-06-05,33,19.256,A
1900011234567,2025-06-05,34,19.685,A
1900011234567,2025-06-05,35,20.173,A
1900011234567,2025-06-05,36,19.033,A
1900011234567,2025-06-05,37,20.019,A
1900011234567,2025-06-05,38,19.442,A
1900011234567,2025-06-05,39,21.042,A
1900011234567,2025-06-05,40,20.105,A
1900011234567,2025-06-05,41,20.257,A
1900011234567,2025-06-05,42,19.034,A
1900011234567,2025-06-05,43,15.055,A
1900011234567,2025-06-05,44,9.071,A
1900011234567,2025-06-05,45,3.171,A
1900011234567,2025-06-05,46,3.305,A
1900011234567,2025-06-05,47,3.386,A
1900011234567,2025-06-05,48,3.389,A
1900011234567,2025-06-06,1,3.134,A
1900011234567,2025-06-06,2,3.372,A
1900011234567,2025-06-06,3,3.199,A
1900011234567,2025-06-06,4,3.409,A
1900011234567,2025-06-06,5,3.439,A
1900011234567,2025-06-06,6,3.078,A
1900011234567,2025-06-06,7,3.124,A
1900011234567,2025-06-06,8,3.34,A
1900011234567,2025-06-06,9,3.338,A
1900011234567,2025-06-06,10,3.147,A
1900011234567,2025-06-06,11,3.199,A
1900011234567,2025-06-06,12,3.436,A
1900011234567,2025-06-06,13,3.418,A
1900011234567,2025-06-06,14,8.486,A
1900011234567,2025-06-06,15,14.199,A
1900011234567,2025-06-06,16,19.049,A
1900011234567,2025-06-06,17,21.078,A
1900011234567,2025-06-06,18,19.718,A
1900011234567,2025-06-06,19,19.452,A
1900011234567,2025-06-06,20,20.84,A
1900011234567,2025-06-06,21,21.083,A
1900011234567,2025-06-06,22,18.919,A
1900011234567,2025-06-06,23,21.09,A
1900011234567,2025-06-06,24,20.016,A
1900011234567,2025-06-06,25,20.847,A
1900011234567,2025-06-06,26,20.232,A
1900011234567,2025-06-06,27,18.984,A
1900011234567,2025-06-06,28,19.892,A
1900011234567,2025-06-06,29,19.673,A
1900011234567,2025-06-06,30,19.733,A
1900011234567,2025-06-06,31,19.84,A
1900011234567,2025-06-06,32,19.161,A
1900011234567,2025-06-06,33,20.874,A
1900011234567,2025-06-06,34,19.85,A
1900011234567,2025-06-06,35,20.816,A
1900011234567,2025-06-06,36,19.631,A
1900011234567,2025-06-06,37,20.297,A
1900011234567,2025-06-06,38,19.571,A
1900011234567,2025-06-06,39,20.948,A
1900011234567,2025-06-06,40,19.734,A
1900011234567,2025-06-06,41,19.677,A
1900011234567,2025-06-06,42,20.047,A
1900011234567,2025-06-06,43,15.029,A
1900011234567,2025-06-06,44,9.186,A
1900011234567,2025-06-06,45,3.189,A
1900011234567,2025-06-06,46,3.327,A
1900011234567,2025-06-06,47,3.12,A
1900011234567,2025-06-06,48,3.238,A
1900011234567,2025-06-07,1,3.302,A
1900011234567,2025-06-07,2,3.093,A
1900011234567,2025-06-07,3,3.103,A
1900011234567,2025-06-07,4,3.425,A
1900011234567,2025-06-07,5,3.154,A
1900011234567,2025-06-07,6,3.197,A
1900011234567,2025-06-07,7,3.196,A
1900011234567,2025-06-07,8,3.329,A
1900011234567,2025-06-07,9,3.102,A
1900011234567,2025-06-07,10,3.242,A
1900011234567,2025-06-07,11,3.317,A
1900011234567,2025-06-07,12,3.289,A
1900011234567,2025-06-07,13,3.16,A
1900011234567,2025-06-07,14,3.407,A
1900011234567,2025-06-07,15,3.341,A
1900011234567,2025-06-07,16,3.204,A
1900011234567,2025-06-07,17,6.6,A
1900011234567,2025-06-07,18,6.75,A
1900011234567,2025-06-07,19,6.971,A
1900011234567,2025-06-07,20,6.667,A
1900011234567,2025-06-07,21,6.578,A
1900011234567,2025-06-07,22,6.526,A
1900011234567,2025-06-07,23,6.974,A
1900011234567,2025-06-07,24,6.621,A
1900011234567,2025-06-07,25,7.243,A
1900011234567,2025-06-07,26,6.949,A
1900011234567,2025-06-07,27,7.229,A
1900011234567,2025-06-07,28,6.941,A
1900011234567,2025-06-07,29,7.127,A
1900011234567,2025-06-07,30,6.588,A
1900011234567,2025-06-07,31,7.21,A
1900011234567,2025-06-07,32,7.158,A
1900011234567,2025-06-07,33,3.276,A
1900011234567,2025-06-07,34,3.162,A
1900011234567,2025-06-07,35,3.381,A
1900011234567,2025-06-07,36,3.23,A
1900011234567,2025-06-07,37,3.156,A
1900011234567,2025-06-07,38,3.068,A
1900011234567,2025-06-07,39,3.121,A
1900011234567,2025-06-07,40,3.23,A
1900011234567,2025-06-07,41,3.389,A
1900011234567,2025-06-07,42,3.377,A
1900011234567,2025-06-07,43,3.174,A
1900011234567,2025-06-07,44,3.247,A
1900011234567,2025-06-07,45,3.167,A
1900011234567,2025-06-07,46,3.264,A
1900011234567,2025-06-07,47,3.058,A
1900011234567,2025-06-07,48,3.077,A
1900011234567,2025-06-08,1,3.37,A
1900011234567,2025-06-08,2,3.432,A
1900011234567,2025-06-08,3,3.431,A
1900011234567,2025-06-08,4,3.373,A
1900011234567,2025-06-08,5,3.06,A
1900011234567,2025-06-08,6,3.384,A
1900011234567,2025-06-08,7,3.277,A
1900011234567,2025-06-08,8,3.405,A
1900011234567,2025-06-08,9,3.171,A
1900011234567,2025-06-08,10,3.18,A
1900011234567,2025-06-08,11,3.17,A
1900011234567,2025-06-08,12,3.285,A
1900011234567,2025-06-08,13,3.222,A
1900011234567,2025-06-08,14,3.118,A
1900011234567,2025-06-08,15,3.289,A
1900011234567,2025-06-08,16,3.285,A
1900011234567,2025-06-08,17,7.064,A
1900011234567,2025-06-08,18,6.734,A
1900011234567,2025-06-08,19,6.798,A
1900011234567,2025-06-08,20,6.521,A
1900011234567,2025-06-08,21,6.584,A
1900011234567,2025-06-08,22,6.861,A
1900011234567,2025-06-08,23,7.019,A
1900011234567,2025-06-08,24,6.748,A
1900011234567,2025-06-08,25,6.678,A
1900011234567,2025-06-08,26,6.519,A
1900011234567,2025-06-08,27,7.008,A
1900011234567,2025-06-08,28,6.603,A
1900011234567,2025-06-08,29,6.524,A
1900011234567,2025-06-08,30,6.683,A
1900011234567,2025-06-08,31,6.535,A
1900011234567,2025-06-08,32,7.341,A
1900011234567,2025-06-08,33,3.307,A
1900011234567,2025-06-08,34,3.23,A
1900011234567,2025-06-08,35,3.404,A
1900011234567,2025-06-08,36,3.421,A
1900011234567,2025-06-08,37,3.42,A
1900011234567,2025-06-08,38,3.401,A
1900011234567,2025-06-08,39,3.378,A
1900011234567,2025-06-08,40,3.361,A
1900011234567,2025-06-08,41,3.409,A
1900011234567,2025-06-08,42,3.216,A
1900011234567,2025-06-08,43,3.182,A
1900011234567,2025-06-08,44,3.14,A
1900011234567,2025-06-08,45,3.211,A
1900011234567,2025-06-08,46,3.075,A
1900011234567,2025-06-08,47,3.337,A
1900011234567,2025-06-08,48,3.28,A
1900011234567,2025-06-09,1,3.095,A
1900011234567,2025-06-09,2,3.128,A
1900011234567,2025-06-09,3,3.342,A
1900011234567,2025-06-09,4,3.124,A
1900011234567,2025-06-09,5,3.352,A
1900011234567,2025-06-09,6,3.215,A
1900011234567,2025-06-09,7,3.073,A
1900011234567,2025-06-09,8,3.154,A
1900011234567,2025-06-09,9,3.191,A
1900011234567,2025-06-09,10,3.405,A
1900011234567,2025-06-09,11,3.268,A
1900011234567,2025-06-09,12,3.431,A
1900011234567,2025-06-09,13,3.444,A
1900011234567,2025-06-09,14,9.238,A
1900011234567,2025-06-09,15,13.961,A
1900011234567,2025-06-09,16,20.017,A
1900011234567,2025-06-09,17,20.055,A
1900011234567,2025-06-09,18,19.47,A
1900011234567,2025-06-09,19,19.066,A
1900011234567,2025-06-09,20,20.823,A
1900011234567,2025-06-09,21,20.029,A
1900011234567,2025-06-09,22,20.436,A
1900011234567,2025-06-09,23,21.057,A
1900011234567,2025-06-09,24,20.236,A
1900011234567,2025-06-09,25,20.872,A
1900011234567,2025-06-09,26,20.132,A
1900011234567,2025-06-09,27,20.493,A
1900011234567,2025-06-09,28,19.004,A
1900011234567,2025-06-09,29,19.291,A
1900011234567,2025-06-09,30,20.877,A
1900011234567,2025-06-09,31,20.082,A
1900011234567,2025-06-09,32,19.312,A
1900011234567,2025-06-09,33,19.44,A
1900011234567,2025-06-09,34,20.998,A
1900011234567,2025-06-09,35,20.716,A
1900011234567,2025-06-09,36,18.991,A
1900011234567,2025-06-09,37,19.016,A
1900011234567,2025-06-09,38,20.608,A
1900011234567,2025-06-09,39,20.388,A
1900011234567,2025-06-09,40,19.174,A
1900011234567,2025-06-09,41,20.398,A
1900011234567,2025-06-09,42,20.66,A
1900011234567,2025-06-09,43,13.76,A
1900011234567,2025-06-09,44,8.54,A
1900011234567,2025-06-09,45,3.425,A
1900011234567,2025-06-09,46,3.411,A
1900011234567,2025-06-09,47,3.333,A
1900011234567,2025-06-09,48,3.245,A
1900011234567,2025-06-10,1,3.409,A
1900011234567,2025-06-10,2,3.39,A
1900011234567,2025-06-10,3,3.304,A
1900011234567,2025-06-10,4,3.397,A
1900011234567,2025-06-10,5,3.33,A
1900011234567,2025-06-10,6,3.063,A
1900011234567,2025-06-10,7,3.278,A
1900011234567,2025-06-10,8,3.401,A
1900011234567,2025-06-10,9,3.066,A
1900011234567,2025-06-10,10,3.256,A
1900011234567,2025-06-10,11,3.335,A
1900011234567,2025-06-10,12,3.167,A
1900011234567,2025-06-10,13,3.371,A
1900011234567,2025-06-10,14,9.004,A
1900011234567,2025-06-10,15,14.595,A
1900011234567,2025-06-10,16,19.042,A
1900011234567,2025-06-10,17,19.648,A
1900011234567,2025-06-10,18,20.285,A
1900011234567,2025-06-10,19,21.114,A
1900011234567,2025-06-10,20,20.83,A
1900011234567,2025-06-10,21,20.238,A
1900011234567,2025-06-10,22,19.095,A
1900011234567,2025-06-10,23,20.129,A
1900011234567,2025-06-10,24,20.21,A
1900011234567,2025-06-10,25,19.078,A
1900011234567,2025-06-10,26,20.117,A
1900011234567,2025-06-10,27,19.017,A
1900011234567,2025-06-10,28,20.817,A
1900011234567,2025-06-10,29,20.144,A
1900011234567,2025-06-10,30,20.193,A
1900011234567,2025-06-10,31,20.701,A
1900011234567,2025-06-10,32,19.696,A
1900011234567,2025-06-10,33,18.913,A
1900011234567,2025-06-10,34,19.138,A
1900011234567,2025-06-10,35,21.16,A
1900011234567,2025-06-10,36,20.363,A
1900011234567,2025-06-10,37,20.493,A
1900011234567,2025-06-10,38,20.875,A
1900011234567,2025-06-10,39,20.045,A
1900011234567,2025-06-10,40,20.754,A
1900011234567,2025-06-10,41,20.834,A
1900011234567,2025-06-10,42,20.828,A
1900011234567,2025-06-10,43,13.557,A
1900011234567,2025-06-10,44,8.346,A
1900011234567,2025-06-10,45,3.151,A
1900011234567,2025-06-10,46,3.119,A
1900011234567,2025-06-10,47,3.279,A
1900011234567,2025-06-10,48,3.147,A
1900011234567,2025-06-11,1,3.187,A
1900011234567,2025-06-11,2,3.153,A
1900011234567,2025-06-11,3,3.244,A
1900011234567,2025-06-11,4,3.284,A
1900011234567,2025-06-11,5,3.058,A
1900011234567,2025-06-11,6,3.156,A
1900011234567,2025-06-11,7,3.258,A
1900011234567,2025-06-11,8,3.093,A
1900011234567,2025-06-11,9,3.15,A
1900011234567,2025-06-11,10,3.386,A
1900011234567,2025-06-11,11,3.268,A
1900011234567,2025-06-11,12,3.1,A
1900011234567,2025-06-11,13,3.093,A
1900011234567,2025-06-11,14,9.158,A
1900011234567,2025-06-11,15,13.781,A
1900011234567,2025-06-11,16,20.92,A
1900011234567,2025-06-11,17,21.142,A
1900011234567,2025-06-11,18,20.647,A
1900011234567,2025-06-11,19,19.661,A
1900011234567,2025-06-11,20,19.732,A
1900011234567,2025-06-11,21,19.63,A
1900011234567,2025-06-11,22,19.625,A
1900011234567,2025-06-11,23,19.195,A
1900011234567,2025-06-11,24,20.919,A
1900011234567,2025-06-11,25,18.896,A
1900011234567,2025-06-11,26,20.037,A
1900011234567,2025-06-11,27,20.041,A
1900011234567,2025-06-11,28,19.113,A
1900011234567,2025-06-11,29,20.269,A
1900011234567,2025-06-11,30,18.845,A
1900011234567,2025-06-11,31,19.538,A
1900011234567,2025-06-11,32,20.321,A
1900011234567,2025-06-11,33,20.233,A
1900011234567,2025-06-11,34,19.018,A
1900011234567,2025-06-11,35,19.138,A
1900011234567,2025-06-11,36,19.581,A
1900011234567,2025-06-11,37,20.906,A
1900011234567,2025-06-11,38,21.014,A
1900011234567,2025-06-11,39,19.047,A
1900011234567,2025-06-11,40,18.976,A
1900011234567,2025-06-11,41,20.733,A
1900011234567,2025-06-11,42,21.193,A
1900011234567,2025-06-11,43,14.314,A
1900011234567,2025-06-11,44,9.305,A
1900011234567,2025-06-11,45,3.235,A
1900011234567,2025-06-11,46,3.061,A
1900011234567,2025-06-11,47,3.138,A
1900011234567,2025-06-11,48,3.217,A
1900011234567,2025-06-12,1,3.301,A
1900011234567,2025-06-12,2,3.134,A
1900011234567,2025-06-12,3,3.251,A
1900011234567,2025-06-12,4,3.356,A
1900011234567,2025-06-12,5,3.421,A
1900011234567,2025-06-12,6,3.151,A
1900011234567,2025-06-12,7,3.351,A
1900011234567,2025-06-12,8,3.068,A
1900011234567,2025-06-12,9,3.098,A
1900011234567,2025-06-12,10,3.229,A
1900011234567,2025-06-12,11,3.354,A
1900011234567,2025-06-12,12,3.291,A
1900011234567,2025-06-12,13,3.125,A
1900011234567,2025-06-12,14,8.823,A
1900011234567,2025-06-12,15,15.017,A
1900011234567,2025-06-12,16,20.323,A
1900011234567,2025-06-12,17,19.525,A
1900011234567,2025-06-12,18,20.456,A
1900011234567,2025-06-12,19,19.598,A
1900011234567,2025-06-12,20,19.177,A
1900011234567,2025-06-12,21,19.213,A
1900011234567,2025-06-12,22,19.187,A
1900011234567,2025-06-12,23,20.185,A
1900011234567,2025-06-12,24,21.11,A
1900011234567,2025-06-12,25,19.074,A
1900011234567,2025-06-12,26,20.68,A
1900011234567,2025-06-12,27,20.051,A
1900011234567,2025-06-12,28,21.165,A
1900011234567,2025-06-12,29,20.784,A
1900011234567,2025-06-12,30,19.639,A
1900011234567,2025-06-12,31,20.303,A
1900011234567,2025-06-12,32,20.847,A
1900011234567,2025-06-12,33,19.4,A
1900011234567,2025-06-12,34,20.861,A
1900011234567,2025-06-12,35,20.645,A
1900011234567,2025-06-12,36,21.058,A
1900011234567,2025-06-12,37,20.072,A
1900011234567,2025-06-12,38,19.651,A
1900011234567,2025-06-12,39,20.544,A
1900011234567,2025-06-12,40,19.6,A
1900011234567,2025-06-12,41,20.592,A
1900011234567,2025-06-12,42,19.978,A
1900011234567,2025-06-12,43,14.543,A
1900011234567,2025-06-12,44,8.743,A
1900011234567,2025-06-12,45,3.081,A
1900011234567,2025-06-12,46,3.181,A
1900011234567,2025-06-12,47,3.318,A
1900011234567,2025-06-12,48,3.349,A
1900011234567,2025-06-13,1,3.063,A
1900011234567,2025-06-13,2,3.318,A
1900011234567,2025-06-13,3,3.09,A
1900011234567,2025-06-13,4,3.196,A
1900011234567,2025-06-13,5,3.435,A
1900011234567,2025-06-13,6,3.377,A
1900011234567,2025-06-13,7,3.22,A
1900011234567,2025-06-13,8,3.245,A
1900011234567,2025-06-13,9,3.422,A
1900011234567,2025-06-13,10,3.095,A
1900011234567,2025-06-13,11,3.094,A
1900011234567,2025-06-13,12,3.392,A
1900011234567,2025-06-13,13,3.407,A
1900011234567,2025-06-13,14,8.439,A
1900011234567,2025-06-13,15,14.716,A
1900011234567,2025-06-13,16,19.17,A
1900011234567,2025-06-13,17,21.133,A
1900011234567,2025-06-13,18,19.214,A
1900011234567,2025-06-13,19,18.916,A
1900011234567,2025-06-13,20,20.3,A
1900011234567,2025-06-13,21,20.686,A
1900011234567,2025-06-13,22,20.147,A
1900011234567,2025-06-13,23,20.673,A
1900011234567,2025-06-13,24,20.176,A
1900011234567,2025-06-13,25,19.455,A
1900011234567,2025-06-13,26,21.198,A
1900011234567,2025-06-13,27,20.999,A
1900011234567,2025-06-13,28,20.084,A
1900011234567,2025-06-13,29,19.217,A
1900011234567,2025-06-13,30,18.973,A
1900011234567,2025-06-13,31,20.608,A
1900011234567,2025-06-13,32,19.028,A
1900011234567,2025-06-13,33,19.533,A
1900011234567,2025-06-13,34,21.032,A
1900011234567,2025-06-13,35,20.675,A
1900011234567,2025-06-13,36,19.66,A
1900011234567,2025-06-13,37,19.948,A
1900011234567,2025-06-13,38,20.276,A
1900011234567,2025-06-13,39,20.004,A
1900011234567,2025-06-13,40,19.503,A
1900011234567,2025-06-13,41,19.796,A
1900011234567,2025-06-13,42,19.639,A
1900011234567,2025-06-13,43,14.609,A
1900011234567,2025-06-13,44,8.663,A
1900011234567,2025-06-13,45,3.369,A
1900011234567,2025-06-13,46,3.209,A
1900011234567,2025-06-13,47,3.362,A
1900011234567,2025-06-13,48,3.09,A
1900011234567,2025-06-14,1,3.055,A
1900011234567,2025-06-14,2,3.059,A
1900011234567,2025-06-14,3,3.277,A
1900011234567,2025-06-14,4,3.2,A
1900011234567,2025-06-14,5,3.097,A
1900011234567,2025-06-14,6,3.365,A
1900011234567,2025-06-14,7,3.255,A
1900011234567,2025-06-14,8,3.189,A
1900011234567,2025-06-14,9,3.117,A
1900011234567,2025-06-14,10,3.319,A
1900011234567,2025-06-14,11,3.408,A
1900011234567,2025-06-14,12,3.094,A
1900011234567,2025-06-14,13,3.119,A
1900011234567,2025-06-14,14,3.086,A
1900011234567,2025-06-14,15,3.064,A
1900011234567,2025-06-14,16,3.28,A
1900011234567,2025-06-14,17,7.196,A
1900011234567,2025-06-14,18,6.991,A
1900011234567,2025-06-14,19,6.989,A
1900011234567,2025-06-14,20,7.089,A
1900011234567,2025-06-14,21,6.572,A
1900011234567,2025-06-14,22,6.594,A
1900011234567,2025-06-14,23,6.849,A
1900011234567,2025-06-14,24,7.106,A
1900011234567,2025-06-14,25,7.263,A
1900011234567,2025-06-14,26,7.028,A
1900011234567,2025-06-14,27,6.957,A
1900011234567,2025-06-14,28,6.958,A
1900011234567,2025-06-14,29,7.05,A
1900011234567,2025-06-14,30,7.323,A
1900011234567,2025-06-14,31,6.812,A
1900011234567,2025-06-14,32,6.923,A
1900011234567,2025-06-14,33,3.155,A
1900011234567,2025-06-14,34,3.066,A
1900011234567,2025-06-14,35,3.199,A
1900011234567,2025-06-14,36,3.187,A
1900011234567,2025-06-14,37,3.287,A
1900011234567,2025-06-14,38,3.168,A
1900011234567,2025-06-14,39,3.23,A
1900011234567,2025-06-14,40,3.375,A
1900011234567,2025-06-14,41,3.249,A
1900011234567,2025-06-14,42,3.083,A
1900011234567,2025-06-14,43,3.355,A
1900011234567,2025-06-14,44,3.186,A
1900011234567,2025-06-14,45,3.322,A
1900011234567,2025-06-14,46,3.265,A
1900011234567,2025-06-14,47,3.084,A
1900011234567,2025-06-14,48,3.076,A
1900011234567,2025-06-15,1,3.251,A
1900011234567,2025-06-15,2,3.298,A
1900011234567,2025-06-15,3,3.442,A
1900011234567,2025-06-15,4,3.147,A
1900011234567,2025-06-15,5,3.167,A
1900011234567,2025-06-15,6,3.308,A
1900011234567,2025-06-15,7,3.324,A
1900011234567,2025-06-15,8,3.071,A
1900011234567,2025-06-15,9,3.349,A
1900011234567,2025-06-15,10,3.28,A
1900011234567,2025-06-15,11,3.401,A
1900011234567,2025-06-15,12,3.271,A
1900011234567,2025-06-15,13,3.197,A
1900011234567,2025-06-15,14,3.311,A
1900011234567,2025-06-15,15,3.235,A
1900011234567,2025-06-15,16,3.184,A
1900011234567,2025-06-15,17,6.799,A
1900011234567,2025-06-15,18,7.23,A
1900011234567,2025-06-15,19,7.067,A
1900011234567,2025-06-15,20,6.703,A
1900011234567,2025-06-15,21,7.016,A
1900011234567,2025-06-15,22,6.638,A
1900011234567,2025-06-15,23,6.847,A
1900011234567,2025-06-15,24,6.941,A
1900011234567,2025-06-15,25,6.688,A
1900011234567,2025-06-15,26,6.871,A
1900011234567,2025-06-15,27,6.802,A
1900011234567,2025-06-15,28,7.039,A
1900011234567,2025-06-15,29,6.655,A
1900011234567,2025-06-15,30,6.918,A
1900011234567,2025-06-15,31,7.211,A
1900011234567,2025-06-15,32,6.693,A
1900011234567,2025-06-15,33,3.311,A
1900011234567,2025-06-15,34,3.289,A
1900011234567,2025-06-15,35,3.234,A
1900011234567,2025-06-15,36,3.281,A
1900011234567,2025-06-15,37,3.121,A
1900011234567,2025-06-15,38,3.109,A
1900011234567,2025-06-15,39,3.098,A
1900011234567,2025-06-15,40,3.145,A
1900011234567,2025-06-15,41,3.188,A
1900011234567,2025-06-15,42,3.256,A
1900011234567,2025-06-15,43,3.095,A
1900011234567,2025-06-15,44,3.33,A
1900011234567,2025-06-15,45,3.247,A
1900011234567,2025-06-15,46,3.403,A
1900011234567,2025-06-15,47,3.444,A
1900011234567,2025-06-15,48,3.083,A
1900011234567,2025-06-16,1,3.073,A
1900011234567,2025-06-16,2,3.119,A
1900011234567,2025-06-16,3,3.375,A
1900011234567,2025-06-16,4,3.382,A
1900011234567,2025-06-16,5,3.074,A
1900011234567,2025-06-16,6,3.23,A
1900011234567,2025-06-16,7,3.427,A
1900011234567,2025-06-16,8,3.232,A
1900011234567,2025-06-16,9,3.222,A
1900011234567,2025-06-16,10,3.388,A
1900011234567,2025-06-16,11,3.43,A
1900011234567,2025-06-16,12,3.221,A
1900011234567,2025-06-16,13,3.436,A
1900011234567,2025-06-16,14,8.313,A
1900011234567,2025-06-16,15,14.059,A
1900011234567,2025-06-16,16,18.996,A
1900011234567,2025-06-16,17,19.151,A
1900011234567,2025-06-16,18,20.275,A
1900011234567,2025-06-16,19,20.379,A
1900011234567,2025-06-16,20,18.873,A
1900011234567,2025-06-16,21,20.896,A
1900011234567,2025-06-16,22,18.932,A
1900011234567,2025-06-16,23,19.04,A
1900011234567,2025-06-16,24,20.07,A
1900011234567,2025-06-16,25,20.765,A
1900011234567,2025-06-16,26,19.116,A
1900011234567,2025-06-16,27,19.985,A
1900011234567,2025-06-16,28,19.127,A
1900011234567,2025-06-16,29,20.193,A
1900011234567,2025-06-16,30,20.44,A
1900011234567,2025-06-16,31,19.468,A
1900011234567,2025-06-16,32,20.907,A
1900011234567,2025-06-16,33,19.031,A
1900011234567,2025-06-16,34,20.823,A
1900011234567,2025-06-16,35,21.13,A
1900011234567,2025-06-16,36,20.214,A
1900011234567,2025-06-16,37,20.682,A
1900011234567,2025-06-16,38,20.055,A
1900011234567,2025-06-16,39,18.942,A
1900011234567,2025-06-16,40,19.798,A
1900011234567,2025-06-16,41,20.114,A
1900011234567,2025-06-16,42,19.344,A
1900011234567,2025-06-16,43,14.224,A
1900011234567,2025-06-16,44,9.205,A
1900011234567,2025-06-16,45,3.37,A
1900011234567,2025-06-16,46,3.435,A
1900011234567,2025-06-16,47,3.302,A
1900011234567,2025-06-16,48,3.368,A
1900011234567,2025-06-17,1,3.211,A
1900011234567,2025-06-17,2,3.366,A
1900011234567,2025-06-17,3,3.362,A
1900011234567,2025-06-17,4,3.147,A
1900011234567,2025-06-17,5,3.395,A
1900011234567,2025-06-17,6,3.262,A
1900011234567,2025-06-17,7,3.391,A
1900011234567,2025-06-17,8,3.19,A
1900011234567,2025-06-17,9,3.263,A
1900011234567,2025-06-17,10,3.301,A
1900011234567,2025-06-17,11,3.258,A
1900011234567,2025-06-17,12,3.329,A
1900011234567,2025-06-17,13,3.323,A
1900011234567,2025-06-17,14,9.356,A
1900011234567,2025-06-17,15,15.26,A
1900011234567,2025-06-17,16,20.298,A
1900011234567,2025-06-17,17,21.03,A
1900011234567,2025-06-17,18,19.756,A
1900011234567,2025-06-17,19,19.553,A
1900011234567,2025-06-17,20,19.66,A
1900011234567,2025-06-17,21,20.142,A
1900011234567,2025-06-17,22,20.354,A
1900011234567,2025-06-17,23,20.21,A
1900011234567,2025-06-17,24,20.675,A
1900011234567,2025-06-17,25,19.418,A
1900011234567,2025-06-17,26,20.335,A
1900011234567,2025-06-17,27,21.034,A
1900011234567,2025-06-17,28,20.835,A
1900011234567,2025-06-17,29,19.154,A
1900011234567,2025-06-17,30,20.06,A
1900011234567,2025-06-17,31,20.014,A
1900011234567,2025-06-17,32,19.899,A
1900011234567,2025-06-17,33,20.848,A
1900011234567,2025-06-17,34,20.258,A
1900011234567,2025-06-17,35,20.757,A
1900011234567,2025-06-17,36,19.28,A
1900011234567,2025-06-17,37,19.181,A
1900011234567,2025-06-17,38,20.295,A
1900011234567,2025-06-17,39,19.506,A
1900011234567,2025-06-17,40,19.181,A
1900011234567,2025-06-17,41,19.268,A
1900011234567,2025-06-17,42,21.089,A
1900011234567,2025-06-17,43,14.829,A
1900011234567,2025-06-17,44,9.017,A
1900011234567,2025-06-17,45,3.423,A
1900011234567,2025-06-17,46,3.183,A
1900011234567,2025-06-17,47,3.206,A
1900011234567,2025-06-17,48,3.41,A
1900011234567,2025-06-18,1,3.06,A
1900011234567,2025-06-18,2,3.203,A
1900011234567,2025-06-18,3,3.192,A
1900011234567,2025-06-18,4,3.412,A
1900011234567,2025-06-18,5,3.401,A
1900011234567,2025-06-18,6,3.287,A
1900011234567,2025-06-18,7,3.065,A
1900011234567,2025-06-18,8,3.143,A
1900011234567,2025-06-18,9,3.087,A
1900011234567,2025-06-18,10,3.175,A
1900011234567,2025-06-18,11,3.112,A
1900011234567,2025-06-18,12,3.217,A
1900011234567,2025-06-18,13,3.094,A
1900011234567,2025-06-18,14,9.351,A
1900011234567,2025-06-18,15,15.01,A
1900011234567,2025-06-18,16,20.163,A
1900011234567,2025-06-18,17,20.441,A
1900011234567,2025-06-18,18,19.551,A
1900011234567,2025-06-18,19,18.993,A
1900011234567,2025-06-18,20,19.198,A
1900011234567,2025-06-18,21,19.398,A
1900011234567,2025-06-18,22,19.816,A
1900011234567,2025-06-18,23,20.664,A
1900011234567,2025-06-18,24,19.183,A
1900011234567,2025-06-18,25,18.853,A
1900011234567,2025-06-18,26,19.688,A
1900011234567,2025-06-18,27,21.098,A
1900011234567,2025-06-18,28,20.443,A
1900011234567,2025-06-18,29,20.113,A
1900011234567,2025-06-18,30,20.509,A
1900011234567,2025-06-18,31,19.136,A
1900011234567,2025-06-18,32,19.089,A
1900011234567,2025-06-18,33,19.647,A
1900011234567,2025-06-18,34,19.625,A
1900011234567,2025-06-18,35,19.429,A
1900011234567,2025-06-18,36,19.951,A
1900011234567,2025-06-18,37,19.284,A
1900011234567,2025-06-18,38,19.791,A
1900011234567,2025-06-18,39,20.5,A
1900011234567,2025-06-18,40,19.907,A
1900011234567,2025-06-18,41,19.692,A
1900011234567,2025-06-18,42,21.031,A
1900011234567,2025-06-18,43,14.448,A
1900011234567,2025-06-18,44,8.559,A
1900011234567,2025-06-18,45,3.292,A
1900011234567,2025-06-18,46,3.436,A
1900011234567,2025-06-18,47,3.432,A
1900011234567,2025-06-18,48,3.246,A
1900011234567,2025-06-19,1,3.229,A
1900011234567,2025-06-19,2,3.294,A
1900011234567,2025-06-19,3,3.267,A
1900011234567,2025-06-19,4,3.419,A
1900011234567,2025-06-19,5,3.364,A
1900011234567,2025-06-19,6,3.263,A
1900011234567,2025-06-19,7,3.416,A
1900011234567,2025-06-19,8,3.056,A
1900011234567,2025-06-19,9,3.382,A
1900011234567,2025-06-19,10,3.102,A
1900011234567,2025-06-19,11,3.061,A
1900011234567,2025-06-19,12,3.382,A
1900011234567,2025-06-19,13,3.369,A
1900011234567,2025-06-19,14,8.702,A
1900011234567,2025-06-19,15,15.051,A
1900011234567,2025-06-19,16,20.717,A
1900011234567,2025-06-19,17,19.815,A
1900011234567,2025-06-19,18,21.128,A
1900011234567,2025-06-19,19,20.367,A
1900011234567,2025-06-19,20,21.177,A
1900011234567,2025-06-19,21,19.675,A
1900011234567,2025-06-19,22,20.904,A
1900011234567,2025-06-19,23,20.678,A
1900011234567,2025-06-19,24,20.803,A
1900011234567,2025-06-19,25,20.293,A
1900011234567,2025-06-19,26,19.524,A
1900011234567,2025-06-19,27,19.54,A
1900011234567,2025-06-19,28,19.694,A
1900011234567,2025-06-19,29,21.096,A
1900011234567,2025-06-19,30,19.377,A
1900011234567,2025-06-19,31,19.635,A
1900011234567,2025-06-19,32,20.224,A
1900011234567,2025-06-19,33,19.738,A
1900011234567,2025-06-19,34,18.813,A
1900011234567,2025-06-19,35,21.049,A
1900011234567,2025-06-19,36,19.927,A
1900011234567,2025-06-19,37,18.937,A
1900011234567,2025-06-19,38,20.062,A
1900011234567,2025-06-19,39,19.394,A
1900011234567,2025-06-19,40,19.25,A
1900011234567,2025-06-19,41,19.564,A
1900011234567,2025-06-19,42,20.937,A
1900011234567,2025-06-19,43,14.865,A
1900011234567,2025-06-19,44,8.723,A
1900011234567,2025-06-19,45,3.337,A
1900011234567,2025-06-19,46,3.206,A
1900011234567,2025-06-19,47,3.349,A
1900011234567,2025-06-19,48,3.42,A
1900011234567,2025-06-20,1,3.193,A
1900011234567,2025-06-20,2,3.374,A
1900011234567,2025-06-20,3,3.351,A
1900011234567,2025-06-20,4,3.351,A
1900011234567,2025-06-20,5,3.306,A
1900011234567,2025-06-20,6,3.172,A
1900011234567,2025-06-20,7,3.322,A
1900011234567,2025-06-20,8,3.184,A
1900011234567,2025-06-20,9,3.404,A
1900011234567,2025-06-20,10,3.394,A
1900011234567,2025-06-20,11,3.188,A
1900011234567,2025-06-20,12,3.132,A
1900011234567,2025-06-20,13,3.099,A
1900011234567,2025-06-20,14,8.77,A
1900011234567,2025-06-20,15,13.831,A
1900011234567,2025-06-20,16,19.844,A
1900011234567,2025-06-20,17,20.832,A
1900011234567,2025-06-20,18,20.897,A
1900011234567,2025-06-20,19,19.685,A
1900011234567,2025-06-20,20,19.126,A
1900011234567,2025-06-20,21,19.386,A
1900011234567,2025-06-20,22,19.812,A
1900011234567,2025-06-20,23,18.886,A
1900011234567,2025-06-20,24,20.856,A
1900011234567,2025-06-20,25,19.512,A
1900011234567,2025-06-20,26,20.773,A
1900011234567,2025-06-20,27,19.254,A
1900011234567,2025-06-20,28,19.814,A
1900011234567,2025-06-20,29,19.819,A
1900011234567,2025-06-20,30,20.345,A
1900011234567,2025-06-20,31,19.734,A
1900011234567,2025-06-20,32,19.196,A
1900011234567,2025-06-20,33,20.838,A
1900011234567,2025-06-20,34,19.252,A
1900011234567,2025-06-20,35,19.374,A
1900011234567,2025-06-20,36,19.211,A
1900011234567,2025-06-20,37,19.472,A
1900011234567,2025-06-20,38,20.78,A
1900011234567,2025-06-20,39,20.779,A
1900011234567,2025-06-20,40,19.068,A
1900011234567,2025-06-20,41,19.776,A
1900011234567,2025-06-20,42,20.126,A
1900011234567,2025-06-20,43,14.637,A
1900011234567,2025-06-20,44,9.034,A
1900011234567,2025-06-20,45,3.439,A
1900011234567,2025-06-20,46,3.42,A
1900011234567,2025-06-20,47,3.218,A
1900011234567,2025-06-20,48,3.435,A
1900011234567,2025-06-21,1,3.068,A
1900011234567,2025-06-21,2,3.36,A
1900011234567,2025-06-21,3,3.212,A
1900011234567,2025-06-21,4,3.358,A
1900011234567,2025-06-21,5,3.099,A
1900011234567,2025-06-21,6,3.317,A
1900011234567,2025-06-21,7,3.443,A
1900011234567,2025-06-21,8,3.116,A
1900011234567,2025-06-21,9,3.306,A
1900011234567,2025-06-21,10,3.41,A
1900011234567,2025-06-21,11,3.093,A
1900011234567,2025-06-21,12,3.105,A
1900011234567,2025-06-21,13,3.296,A
1900011234567,2025-06-21,14,3.321,A
1900011234567,2025-06-21,15,3.097,A
1900011234567,2025-06-21,16,3.215,A
1900011234567,2025-06-21,17,6.557,A
1900011234567,2025-06-21,18,6.525,A
1900011234567,2025-06-21,19,6.563,A
1900011234567,2025-06-21,20,7.075,A
1900011234567,2025-06-21,21,6.924,A
1900011234567,2025-06-21,22,6.522,A
1900011234567,2025-06-21,23,6.65,A
1900011234567,2025-06-21,24,7.187,A
1900011234567,2025-06-21,25,6.655,A
1900011234567,2025-06-21,26,6.571,A
1900011234567,2025-06-21,27,6.541,A
1900011234567,2025-06-21,28,7.245,A
1900011234567,2025-06-21,29,7.083,A
1900011234567,2025-06-21,30,6.646,A
1900011234567,2025-06-21,31,6.669,A
1900011234567,2025-06-21,32,7.349,A
1900011234567,2025-06-21,33,3.256,A
1900011234567,2025-06-21,34,3.233,A
1900011234567,2025-06-21,35,3.163,A
1900011234567,2025-06-21,36,3.286,A
1900011234567,2025-06-21,37,3.164,A
1900011234567,2025-06-21,38,3.105,A
1900011234567,2025-06-21,39,3.316,A
1900011234567,2025-06-21,40,3.32,A
1900011234567,2025-06-21,41,3.109,A
1900011234567,2025-06-21,42,3.135,A
1900011234567,2025-06-21,43,3.392,A
1900011234567,2025-06-21,44,3.067,A
1900011234567,2025-06-21,45,3.115,A
1900011234567,2025-06-21,46,3.219,A
1900011234567,2025-06-21,47,3.279,A
1900011234567,2025-06-21,48,3.379,A
1900011234567,2025-06-22,1,3.262,A
1900011234567,2025-06-22,2,3.151,A
1900011234567,2025-06-22,3,3.33,A
1900011234567,2025-06-22,4,3.27,A
1900011234567,2025-06-22,5,3.154,A
1900011234567,2025-06-22,6,3.428,A
1900011234567,2025-06-22,7,3.191,A
1900011234567,2025-06-22,8,3.338,A
1900011234567,2025-06-22,9,3.265,A
1900011234567,2025-06-22,10,3.417,A
1900011234567,2025-06-22,11,3.119,A
1900011234567,2025-06-22,12,3.085,A
1900011234567,2025-06-22,13,3.43,A
1900011234567,2025-06-22,14,3.228,A
1900011234567,2025-06-22,15,3.084,A
1900011234567,2025-06-22,16,3.423,A
1900011234567,2025-06-22,17,7.309,A
1900011234567,2025-06-22,18,6.636,A
1900011234567,2025-06-22,19,7.149,A
1900011234567,2025-06-22,20,6.74,A
1900011234567,2025-06-22,21,6.543,A
1900011234567,2025-06-22,22,6.593,A
1900011234567,2025-06-22,23,7.054,A
1900011234567,2025-06-22,24,7.199,A
1900011234567,2025-06-22,25,7.034,A
1900011234567,2025-06-22,26,7.109,A
1900011234567,2025-06-22,27,7.206,A
1900011234567,2025-06-22,28,6.704,A
1900011234567,2025-06-22,29,7.05,A
1900011234567,2025-06-22,30,6.547,A
1900011234567,2025-06-22,31,6.608,A
1900011234567,2025-06-22,32,7.172,A
1900011234567,2025-06-22,33,3.249,A
1900011234567,2025-06-22,34,3.074,A
1900011234567,2025-06-22,35,3.182,A
1900011234567,2025-06-22,36,3.396,A
1900011234567,2025-06-22,37,3.411,A
1900011234567,2025-06-22,38,3.39,A
1900011234567,2025-06-22,39,3.326,A
1900011234567,2025-06-22,40,3.424,A
1900011234567,2025-06-22,41,3.15,A
1900011234567,2025-06-22,42,3.248,A
1900011234567,2025-06-22,43,3.077,A
1900011234567,2025-06-22,44,3.351,A
1900011234567,2025-06-22,45,3.416,A
1900011234567,2025-06-22,46,3.374,A
1900011234567,2025-06-22,47,3.13,A
1900011234567,2025-06-22,48,3.433,A
1900011234567,2025-06-23,1,3.379,A
1900011234567,2025-06-23,2,3.212,A
1900011234567,2025-06-23,3,3.109,A
1900011234567,2025-06-23,4,3.26,A
1900011234567,2025-06-23,5,3.283,A
1900011234567,2025-06-23,6,3.261,A
1900011234567,2025-06-23,7,3.064,A
1900011234567,2025-06-23,8,3.402,A
1900011234567,2025-06-23,9,3.381,A
1900011234567,2025-06-23,10,3.247,A
1900011234567,2025-06-23,11,3.216,A
1900011234567,2025-06-23,12,3.069,A
1900011234567,2025-06-23,13,3.244,A
1900011234567,2025-06-23,14,8.362,A
1900011234567,2025-06-23,15,14.881,A
1900011234567,2025-06-23,16,19.385,A
1900011234567,2025-06-23,17,19.529,A
1900011234567,2025-06-23,18,20.406,A
1900011234567,2025-06-23,19,19.384,A
1900011234567,2025-06-23,20,19.784,A
1900011234567,2025-06-23,21,21.199,A
1900011234567,2025-06-23,22,21.09,A
1900011234567,2025-06-23,23,19.612,A
1900011234567,2025-06-23,24,21.104,A
1900011234567,2025-06-23,25,20.354,A
1900011234567,2025-06-23,26,20.323,A
1900011234567,2025-06-23,27,19.751,A
1900011234567,2025-06-23,28,21.168,A
1900011234567,2025-06-23,29,18.859,A
1900011234567,2025-06-23,30,19.931,A
1900011234567,2025-06-23,31,19.079,A
1900011234567,2025-06-23,32,20.222,A
1900011234567,2025-06-23,33,20.236,A
1900011234567,2025-06-23,34,20.229,A
1900011234567,2025-06-23,35,20.966,A
1900011234567,2025-06-23,36,20.24,A
1900011234567,2025-06-23,37,20.84,A
1900011234567,2025-06-23,38,20.266,A
1900011234567,2025-06-23,39,18.954,A
1900011234567,2025-06-23,40,21.114,A
1900011234567,2025-06-23,41,19.54,A
1900011234567,2025-06-23,42,20.787,A
1900011234567,2025-06-23,43,14.614,A
1900011234567,2025-06-23,44,9.013,A
1900011234567,2025-06-23,45,3.358,A
1900011234567,2025-06-23,46,3.143,A
1900011234567,2025-06-23,47,3.422,A
1900011234567,2025-06-23,48,3.224,A
1900011234567,2025-06-24,1,3.275,A
1900011234567,2025-06-24,2,3.244,A
1900011234567,2025-06-24,3,3.285,A
1900011234567,2025-06-24,4,3.141,A
1900011234567,2025-06-24,5,3.153,A
1900011234567,2025-06-24,6,3.116,A
1900011234567,2025-06-24,7,3.374,A
1900011234567,2025-06-24,8,3.396,A
1900011234567,2025-06-24,9,3.379,A
1900011234567,2025-06-24,10,3.079,A
1900011234567,2025-06-24,11,3.254,A
1900011234567,2025-06-24,12,3.411,A
1900011234567,2025-06-24,13,3.204,A
1900011234567,2025-06-24,14,9.068,A
1900011234567,2025-06-24,15,13.866,A
1900011234567,2025-06-24,16,19.938,A
1900011234567,2025-06-24,17,21.001,A
1900011234567,2025-06-24,18,19.569,A
1900011234567,2025-06-24,19,20.831,A
1900011234567,2025-06-24,20,20.302,A
1900011234567,2025-06-24,21,19.817,A
1900011234567,2025-06-24,22,21.155,A
1900011234567,2025-06-24,23,19.444,A
1900011234567,2025-06-24,24,18.834,A
1900011234567,2025-06-24,25,19.759,A
1900011234567,2025-06-24,26,19.757,A
1900011234567,2025-06-24,27,19.383,A
1900011234567,2025-06-24,28,19.825,A
1900011234567,2025-06-24,29,20.986,A
1900011234567,2025-06-24,30,20.149,A
1900011234567,2025-06-24,31,19.864,A
1900011234567,2025-06-24,32,18.929,A
1900011234567,2025-06-24,33,20.611,A
1900011234567,2025-06-24,34,19.362,A
1900011234567,2025-06-24,35,20.669,A
1900011234567,2025-06-24,36,20.583,A
1900011234567,2025-06-24,37,19.768,A
1900011234567,2025-06-24,38,19.645,A
1900011234567,2025-06-24,39,20.994,A
1900011234567,2025-06-24,40,20.822,A
1900011234567,2025-06-24,41,20.138,A
1900011234567,2025-06-24,42,20.477,A
1900011234567,2025-06-24,43,13.916,A
1900011234567,2025-06-24,44,8.785,A
1900011234567,2025-06-24,45,3.124,A
1900011234567,2025-06-24,46,3.102,A
1900011234567,2025-06-24,47,3.375,A
1900011234567,2025-06-24,48,3.296,A
1900011234567,2025-06-25,1,3.267,A
1900011234567,2025-06-25,2,3.129,A
1900011234567,2025-06-25,3,3.309,A
1900011234567,2025-06-25,4,3.067,A
1900011234567,2025-06-25,5,3.14,A
1900011234567,2025-06-25,6,3.382,A
1900011234567,2025-06-25,7,3.11,A
1900011234567,2025-06-25,8,3.428,A
1900011234567,2025-06-25,9,3.319,A
1900011234567,2025-06-25,10,3.18,A
1900011234567,2025-06-25,11,3.266,A
1900011234567,2025-06-25,12,3.325,A
1900011234567,2025-06-25,13,3.275,A
1900011234567,2025-06-25,14,8.483,A
1900011234567,2025-06-25,15,14.755,A
1900011234567,2025-06-25,16,21.02,A
1900011234567,2025-06-25,17,20.425,A
1900011234567,2025-06-25,18,19.448,A
1900011234567,2025-06-25,19,20.569,A
1900011234567,2025-06-25,20,19.952,A
1900011234567,2025-06-25,21,21.178,A
1900011234567,2025-06-25,22,20.278,A
1900011234567,2025-06-25,23,20.87,A
1900011234567,2025-06-25,24,20.097,A
1900011234567,2025-06-25,25,21.093,A
1900011234567,2025-06-25,26,19.073,A
1900011234567,2025-06-25,27,20.045,A
1900011234567,2025-06-25,28,20.167,A
1900011234567,2025-06-25,29,19.878,A
1900011234567,2025-06-25,30,20.543,A
1900011234567,2025-06-25,31,19.398,A
1900011234567,2025-06-25,32,20.69,A
1900011234567,2025-06-25,33,20.217,A
1900011234567,2025-06-25,34,20.365,A
1900011234567,2025-06-25,35,20.048,A
1900011234567,2025-06-25,36,20.328,A
1900011234567,2025-06-25,37,19.621,A
1900011234567,2025-06-25,38,18.98,A
1900011234567,2025-06-25,39,20.454,A
1900011234567,2025-06-25,40,20.352,A
1900011234567,2025-06-25,41,20.529,A
1900011234567,2025-06-25,42,19.703,A
1900011234567,2025-06-25,43,15.136,A
1900011234567,2025-06-25,44,8.337,A
1900011234567,2025-06-25,45,3.13,A
1900011234567,2025-06-25,46,3.221,A
1900011234567,2025-06-25,47,3.071,A
1900011234567,2025-06-25,48,3.407,A
1900011234567,2025-06-26,1,3.372,A
1900011234567,2025-06-26,2,3.362,A
1900011234567,2025-06-26,3,3.282,A
1900011234567,2025-06-26,4,3.091,A
1900011234567,2025-06-26,5,3.22,A
1900011234567,2025-06-26,6,3.069,A
1900011234567,2025-06-26,7,3.423,A
1900011234567,2025-06-26,8,3.204,A
1900011234567,2025-06-26,9,3.118,A
1900011234567,2025-06-26,10,3.358,A
1900011234567,2025-06-26,11,3.114,A
1900011234567,2025-06-26,12,3.114,A
1900011234567,2025-06-26,13,3.094,A
1900011234567,2025-06-26,14,9.097,A
1900011234567,2025-06-26,15,15.229,A
1900011234567,2025-06-26,16,18.98,A
1900011234567,2025-06-26,17,19.449,A
1900011234567,2025-06-26,18,18.876,A
1900011234567,2025-06-26,19,19.027,A
1900011234567,2025-06-26,20,20.996,A
1900011234567,2025-06-26,21,19.939,A
1900011234567,2025-06-26,22,19.625,A
1900011234567,2025-06-26,23,20.062,A
1900011234567,2025-06-26,24,20.344,A
1900011234567,2025-06-26,25,20.584,A
1900011234567,2025-06-26,26,20.94,A
1900011234567,2025-06-26,27,19.862,A
1900011234567,2025-06-26,28,19.363,A
1900011234567,2025-06-26,29,18.968,A
1900011234567,2025-06-26,30,20.206,A
1900011234567,2025-06-26,31,21.112,A
1900011234567,2025-06-26,32,19.852,A
1900011234567,2025-06-26,33,19.756,A
1900011234567,2025-06-26,34,19.942,A
1900011234567,2025-06-26,35,19.122,A
1900011234567,2025-06-26,36,19.704,A
1900011234567,2025-06-26,37,19.028,A
1900011234567,2025-06-26,38,19.182,A
1900011234567,2025-06-26,39,20.567,A
1900011234567,2025-06-26,40,18.973,A
1900011234567,2025-06-26,41,19.869,A
1900011234567,2025-06-26,42,20.532,A
1900011234567,2025-06-26,43,13.734,A
1900011234567,2025-06-26,44,9.049,A
1900011234567,2025-06-26,45,3.114,A
1900011234567,2025-06-26,46,3.096,A
1900011234567,2025-06-26,47,3.398,A
1900011234567,2025-06-26,48,3.356,A
1900011234567,2025-06-27,1,3.299,A
1900011234567,2025-06-27,2,3.141,A
1900011234567,2025-06-27,3,3.111,A
1900011234567,2025-06-27,4,3.346,A
1900011234567,2025-06-27,5,3.321,A
1900011234567,2025-06-27,6,3.352,A
1900011234567,2025-06-27,7,3.345,A
1900011234567,2025-06-27,8,3.142,A
1900011234567,2025-06-27,9,3.417,A
1900011234567,2025-06-27,10,3.347,A
1900011234567,2025-06-27,11,3.233,A
1900011234567,2025-06-27,12,3.173,A
1900011234567,2025-06-27,13,3.17,A
1900011234567,2025-06-27,14,9.004,A
1900011234567,2025-06-27,15,13.637,A
1900011234567,2025-06-27,16,20.167,A
1900011234567,2025-06-27,17,20.543,A
1900011234567,2025-06-27,18,18.975,A
1900011234567,2025-06-27,19,20.157,A
1900011234567,2025-06-27,20,18.932,A
1900011234567,2025-06-27,21,19.509,A
1900011234567,2025-06-27,22,20.614,A
1900011234567,2025-06-27,23,20.617,A
1900011234567,2025-06-27,24,19.402,A
1900011234567,2025-06-27,25,19.983,A
1900011234567,2025-06-27,26,20.851,A
1900011234567,2025-06-27,27,19.045,A
1900011234567,2025-06-27,28,19.951,A
1900011234567,2025-06-27,29,19.069,A
1900011234567,2025-06-27,30,20.762,A
1900011234567,2025-06-27,31,18.937,A
1900011234567,2025-06-27,32,20.274,A
1900011234567,2025-06-27,33,19.05,A
1900011234567,2025-06-27,34,20.421,A
1900011234567,2025-06-27,35,18.835,A
1900011234567,2025-06-27,36,19.549,A
1900011234567,2025-06-27,37,19.467,A
1900011234567,2025-06-27,38,18.851,A
1900011234567,2025-06-27,39,20.283,A
1900011234567,2025-06-27,40,20.911,A
1900011234567,2025-06-27,41,20.406,A
1900011234567,2025-06-27,42,20.825,A
1900011234567,2025-06-27,43,14.655,A
1900011234567,2025-06-27,44,9.292,A
1900011234567,2025-06-27,45,3.376,A
1900011234567,2025-06-27,46,3.429,A
1900011234567,2025-06-27,47,3.13,A
1900011234567,2025-06-27,48,3.083,A
1900011234567,2025-06-28,1,3.272,A
1900011234567,2025-06-28,2,3.236,A
1900011234567,2025-06-28,3,3.197,A
1900011234567,2025-06-28,4,3.302,A
1900011234567,2025-06-28,5,3.186,A
1900011234567,2025-06-28,6,3.096,A
1900011234567,2025-06-28,7,3.173,A
1900011234567,2025-06-28,8,3.281,A
1900011234567,2025-06-28,9,3.421,A
1900011234567,2025-06-28,10,3.237,A
1900011234567,2025-06-28,11,3.415,A
1900011234567,2025-06-28,12,3.065,A
1900011234567,2025-06-28,13,3.078,A
1900011234567,2025-06-28,14,3.263,A
1900011234567,2025-06-28,15,3.234,A
1900011234567,2025-06-28,16,3.065,A
1900011234567,2025-06-28,17,6.657,A
1900011234567,2025-06-28,18,6.877,A
1900011234567,2025-06-28,19,7.106,A
1900011234567,2025-06-28,20,7.028,A
1900011234567,2025-06-28,21,7.246,A
1900011234567,2025-06-28,22,6.946,A
1900011234567,2025-06-28,23,7.126,A
1900011234567,2025-06-28,24,6.878,A
1900011234567,2025-06-28,25,7.016,A
1900011234567,2025-06-28,26,7.291,A
1900011234567,2025-06-28,27,7.045,A
1900011234567,2025-06-28,28,7.273,A
1900011234567,2025-06-28,29,6.981,A
1900011234567,2025-06-28,30,6.574,A
1900011234567,2025-06-28,31,7.313,A
1900011234567,2025-06-28,32,6.879,A
1900011234567,2025-06-28,33,3.34,A
1900011234567,2025-06-28,34,3.246,A
1900011234567,2025-06-28,35,3.123,A
1900011234567,2025-06-28,36,3.246,A
1900011234567,2025-06-28,37,3.221,A
1900011234567,2025-06-28,38,3.093,A
1900011234567,2025-06-28,39,3.29,A
1900011234567,2025-06-28,40,3.302,A
1900011234567,2025-06-28,41,3.208,A
1900011234567,2025-06-28,42,3.432,A
1900011234567,2025-06-28,43,3.221,A
1900011234567,2025-06-28,44,3.412,A
1900011234567,2025-06-28,45,3.222,A
1900011234567,2025-06-28,46,3.293,A
1900011234567,2025-06-28,47,3.153,A
1900011234567,2025-06-28,48,3.435,A
1900011234567,2025-06-29,1,3.111,A
1900011234567,2025-06-29,2,3.27,A
1900011234567,2025-06-29,3,3.414,A
1900011234567,2025-06-29,4,3.365,A
1900011234567,2025-06-29,5,3.262,A
1900011234567,2025-06-29,6,3.393,A
1900011234567,2025-06-29,7,3.066,A
1900011234567,2025-06-29,8,3.177,A
1900011234567,2025-06-29,9,3.378,A
1900011234567,2025-06-29,10,3.273,A
1900011234567,2025-06-29,11,3.409,A
1900011234567,2025-06-29,12,3.137,A
1900011234567,2025-06-29,13,3.281,A
1900011234567,2025-06-29,14,3.391,A
1900011234567,2025-06-29,15,3.07,A
1900011234567,2025-06-29,16,3.316,A
1900011234567,2025-06-29,17,7.034,A
1900011234567,2025-06-29,18,7.229,A
1900011234567,2025-06-29,19,7.108,A
1900011234567,2025-06-29,20,7.035,A
1900011234567,2025-06-29,21,6.688,A
1900011234567,2025-06-29,22,7.329,A
1900011234567,2025-06-29,23,7.349,A
1900011234567,2025-06-29,24,6.629,A
1900011234567,2025-06-29,25,6.631,A
1900011234567,2025-06-29,26,6.577,A
1900011234567,2025-06-29,27,6.976,A
1900011234567,2025-06-29,28,7.076,A
1900011234567,2025-06-29,29,7.06,A
1900011234567,2025-06-29,30,7.142,A
1900011234567,2025-06-29,31,6.614,A
1900011234567,2025-06-29,32,6.905,A
1900011234567,2025-06-29,33,3.414,A
1900011234567,2025-06-29,34,3.366,A
1900011234567,2025-06-29,35,3.248,A
1900011234567,2025-06-29,36,3.367,A
1900011234567,2025-06-29,37,3.084,A
1900011234567,2025-06-29,38,3.183,A
1900011234567,2025-06-29,39,3.113,A
1900011234567,2025-06-29,40,3.332,A
1900011234567,2025-06-29,41,3.167,A
1900011234567,2025-06-29,42,3.392,A
1900011234567,2025-06-29,43,3.379,A
1900011234567,2025-06-29,44,3.089,A
1900011234567,2025-06-29,45,3.358,A
1900011234567,2025-06-29,46,3.293,A
1900011234567,2025-06-29,47,3.319,A
1900011234567,2025-06-29,48,3.28,A
1900011234567,2025-06-30,1,3.14,A
1900011234567,2025-06-30,2,3.232,A
1900011234567,2025-06-30,3,3.255,A
1900011234567,2025-06-30,4,3.208,A
1900011234567,2025-06-30,5,3.176,A
1900011234567,2025-06-30,6,3.252,A
1900011234567,2025-06-30,7,3.228,A
1900011234567,2025-06-30,8,3.107,A
1900011234567,2025-06-30,9,3.381,A
1900011234567,2025-06-30,10,3.202,A
1900011234567,2025-06-30,11,3.084,A
1900011234567,2025-06-30,12,3.329,A
1900011234567,2025-06-30,13,3.26,A
1900011234567,2025-06-30,14,8.617,A
1900011234567,2025-06-30,15,14.162,A
1900011234567,2025-06-30,16,20.624,A
1900011234567,2025-06-30,17,19.227,A
1900011234567,2025-06-30,18,20.096,A
1900011234567,2025-06-30,19,19.285,A
1900011234567,2025-06-30,20,19.045,A
1900011234567,2025-06-30,21,19.322,A
1900011234567,2025-06-30,22,21.128,A
1900011234567,2025-06-30,23,20.85,A
1900011234567,2025-06-30,24,20.467,A
1900011234567,2025-06-30,25,19.251,A
1900011234567,2025-06-30,26,18.941,A
1900011234567,2025-06-30,27,20.877,A
1900011234567,2025-06-30,28,20.828,A
1900011234567,2025-06-30,29,20.136,A
1900011234567,2025-06-30,30,19.964,A
1900011234567,2025-06-30,31,20.239,A
1900011234567,2025-06-30,32,21.008,A
1900011234567,2025-06-30,33,19.182,A
1900011234567,2025-06-30,34,20.987,A
1900011234567,2025-06-30,35,18.829,A
1900011234567,2025-06-30,36,19.041,A
1900011234567,2025-06-30,37,19.333,A
1900011234567,2025-06-30,38,19.347,A
1900011234567,2025-06-30,39,19.297,A
1900011234567,2025-06-30,40,19.461,A
1900011234567,2025-06-30,41,20.13,A
1900011234567,2025-06-30,42,20.332,A
1900011234567,2025-06-30,43,14.659,A
1900011234567,2025-06-30,44,8.526,A
1900011234567,2025-06-30,45,3.413,A
1900011234567,2025-06-30,46,3.301,A
1900011234567,2025-06-30,47,3.105,A
1900011234567,2025-06-30,48,3.166,A
1900011234567,2025-07-01,1,3.213,A
1900011234567,2025-07-01,2,3.17,A
1900011234567,2025-07-01,3,3.073,A
1900011234567,2025-07-01,4,3.066,A
1900011234567,2025-07-01,5,3.34,A
1900011234567,2025-07-01,6,3.225,A
1900011234567,2025-07-01,7,3.167,A
1900011234567,2025-07-01,8,3.187,A
1900011234567,2025-07-01,9,3.109,A
1900011234567,2025-07-01,10,3.202,A
1900011234567,2025-07-01,11,3.372,A
1900011234567,2025-07-01,12,3.229,A
1900011234567,2025-07-01,13,3.32,A
1900011234567,2025-07-01,14,8.468,A
1900011234567,2025-07-01,15,14.965,A
1900011234567,2025-07-01,16,18.911,A
1900011234567,2025-07-01,17,19.855,A
1900011234567,2025-07-01,18,20.025,A
1900011234567,2025-07-01,19,20.332,A
1900011234567,2025-07-01,20,20.413,A
1900011234567,2025-07-01,21,18.932,A
1900011234567,2025-07-01,22,19.354,A
1900011234567,2025-07-01,23,20.042,A
1900011234567,2025-07-01,24,18.998,A
1900011234567,2025-07-01,25,19.589,A
1900011234567,2025-07-01,26,20.044,A
1900011234567,2025-07-01,27,19.829,A
1900011234567,2025-07-01,28,19.964,A
1900011234567,2025-07-01,29,21.19,A
1900011234567,2025-07-01,30,20.638,A
1900011234567,2025-07-01,31,19.826,A
1900011234567,2025-07-01,32,20.735,A
1900011234567,2025-07-01,33,20.64,A
1900011234567,2025-07-01,34,19.804,A
1900011234567,2025-07-01,35,20.757,A
1900011234567,2025-07-01,36,21.191,A
1900011234567,2025-07-01,37,18.886,A
1900011234567,2025-07-01,38,18.898,A
1900011234567,2025-07-01,39,20.075,A
1900011234567,2025-07-01,40,19.046,A
1900011234567,2025-07-01,41,19.552,A
1900011234567,2025-07-01,42,19.681,A
1900011234567,2025-07-01,43,13.794,A
1900011234567,2025-07-01,44,8.485,A
1900011234567,2025-07-01,45,3.28,A
1900011234567,2025-07-01,46,3.213,A
1900011234567,2025-07-01,47,3.362,A
1900011234567,2025-07-01,48,3.395,A
1900011234567,2025-07-02,1,3.153,A
1900011234567,2025-07-02,2,3.219,A
1900011234567,2025-07-02,3,3.327,A
1900011234567,2025-07-02,4,3.22,A
1900011234567,2025-07-02,5,3.145,A
1900011234567,2025-07-02,6,3.099,A
1900011234567,2025-07-02,7,3.169,A
1900011234567,2025-07-02,8,3.369,A
1900011234567,2025-07-02,9,3.319,A
1900011234567,2025-07-02,10,3.355,A
1900011234567,2025-07-02,11,3.217,A
1900011234567,2025-07-02,12,3.439,A
1900011234567,2025-07-02,13,3.204,A
1900011234567,2025-07-02,14,8.96,A
1900011234567,2025-07-02,15,15.274,A
1900011234567,2025-07-02,16,20.831,A
1900011234567,2025-07-02,17,19.097,A
1900011234567,2025-07-02,18,19.161,A
1900011234567,2025-07-02,19,19.474,A
1900011234567,2025-07-02,20,19.227,A
1900011234567,2025-07-02,21,20.342,A
1900011234567,2025-07-02,22,18.914,A
1900011234567,2025-07-02,23,20.273,A
1900011234567,2025-07-02,24,19.984,A
1900011234567,2025-07-02,25,19.388,A
1900011234567,2025-07-02,26,19.9,A
1900011234567,2025-07-02,27,19.591,A
1900011234567,2025-07-02,28,19.141,A
1900011234567,2025-07-02,29,20.299,A
1900011234567,2025-07-02,30,20.441,A
1900011234567,2025-07-02,31,18.813,A
1900011234567,2025-07-02,32,20.616,A
1900011234567,2025-07-02,33,19.278,A
1900011234567,2025-07-02,34,19.36,A
1900011234567,2025-07-02,35,18.999,A
1900011234567,2025-07-02,36,19.843,A
1900011234567,2025-07-02,37,19.79,A
1900011234567,2025-07-02,38,20.675,A
1900011234567,2025-07-02,39,19.46,A
1900011234567,2025-07-02,40,19.242,A
1900011234567,2025-07-02,41,20.487,A
1900011234567,2025-07-02,42,20.357,A
1900011234567,2025-07-02,43,14.487,A
1900011234567,2025-07-02,44,8.804,A
1900011234567,2025-07-02,45,3.15,A
1900011234567,2025-07-02,46,3.135,A
1900011234567,2025-07-02,47,3.379,A
1900011234567,2025-07-02,48,3.16,A
1900011234567,2025-07-03,1,3.295,A
1900011234567,2025-07-03,2,3.068,A
1900011234567,2025-07-03,3,3.445,A
1900011234567,2025-07-03,4,3.419,A
1900011234567,2025-07-03,5,3.109,A
1900011234567,2025-07-03,6,3.404,A
1900011234567,2025-07-03,7,3.309,A
1900011234567,2025-07-03,8,3.347,A
1900011234567,2025-07-03,9,3.071,A
1900011234567,2025-07-03,10,3.306,A
1900011234567,2025-07-03,11,3.298,A
1900011234567,2025-07-03,12,3.422,A
1900011234567,2025-07-03,13,3.124,A
1900011234567,2025-07-03,14,8.951,A
1900011234567,2025-07-03,15,14.112,A
1900011234567,2025-07-03,16,20.713,A
1900011234567,2025-07-03,17,21.057,A
1900011234567,2025-07-03,18,19.219,A
1900011234567,2025-07-03,19,21.132,A
1900011234567,2025-07-03,20,19.54,A
1900011234567,2025-07-03,21,20.363,A
1900011234567,2025-07-03,22,20.627,A
1900011234567,2025-07-03,23,20.786,A
1900011234567,2025-07-03,24,20.266,A
1900011234567,2025-07-03,25,21.0,A
1900011234567,2025-07-03,26,20.055,A
1900011234567,2025-07-03,27,19.989,A
1900011234567,2025-07-03,28,20.965,A
1900011234567,2025-07-03,29,19.6,A
1900011234567,2025-07-03,30,18.972,A
1900011234567,2025-07-03,31,20.005,A
1900011234567,2025-07-03,32,20.5,A
1900011234567,2025-07-03,33,19.876,A
1900011234567,2025-07-03,34,19.63,A
1900011234567,2025-07-03,35,19.747,A
1900011234567,2025-07-03,36,20.691,A
1900011234567,2025-07-03,37,19.257,A
1900011234567,2025-07-03,38,18.889,A
1900011234567,2025-07-03,39,19.999,A
1900011234567,2025-07-03,40,19.533,A
1900011234567,2025-07-03,41,20.468,A
1900011234567,2025-07-03,42,20.046,A
1900011234567,2025-07-03,43,14.903,A
1900011234567,2025-07-03,44,9.134,A
1900011234567,2025-07-03,45,3.18,A
1900011234567,2025-07-03,46,3.356,A
1900011234567,2025-07-03,47,3.433,A
1900011234567,2025-07-03,48,3.402,A
1900011234567,2025-07-04,1,3.358,A
1900011234567,2025-07-04,2,3.291,A
1900011234567,2025-07-04,3,3.428,A
1900011234567,2025-07-04,4,3.154,A
1900011234567,2025-07-04,5,3.426,A
1900011234567,2025-07-04,6,3.44,A
1900011234567,2025-07-04,7,3.267,A
1900011234567,2025-07-04,8,3.239,A
1900011234567,2025-07-04,9,3.139,A
1900011234567,2025-07-04,10,3.334,A
1900011234567,2025-07-04,11,3.27,A
1900011234567,2025-07-04,12,3.31,A
1900011234567,2025-07-04,13,3.074,A
1900011234567,2025-07-04,14,9.312,A
1900011234567,2025-07-04,15,14.39,A
1900011234567,2025-07-04,16,20.372,A
1900011234567,2025-07-04,17,18.805,A
1900011234567,2025-07-04,18,19.059,A
1900011234567,2025-07-04,19,21.193,A
1900011234567,2025-07-04,20,19.007,A
1900011234567,2025-07-04,21,19.512,A
1900011234567,2025-07-04,22,19.123,A
1900011234567,2025-07-04,23,19.954,A
1900011234567,2025-07-04,24,19.733,A
1900011234567,2025-07-04,25,20.98,A
1900011234567,2025-07-04,26,19.255,A
1900011234567,2025-07-04,27,20.501,A
1900011234567,2025-07-04,28,20.619,A
1900011234567,2025-07-04,29,18.967,A
1900011234567,2025-07-04,30,19.526,A
1900011234567,2025-07-04,31,19.082,A
1900011234567,2025-07-04,32,18.909,A
1900011234567,2025-07-04,33,20.107,A
1900011234567,2025-07-04,34,19.811,A
1900011234567,2025-07-04,35,19.437,A
1900011234567,2025-07-04,36,20.988,A
1900011234567,2025-07-04,37,19.364,A
1900011234567,2025-07-04,38,20.197,A
1900011234567,2025-07-04,39,20.837,A
1900011234567,2025-07-04,40,19.395,A
1900011234567,2025-07-04,41,20.59,A
1900011234567,2025-07-04,42,20.372,A
1900011234567,2025-07-04,43,14.345,A
1900011234567,2025-07-04,44,8.672,A
1900011234567,2025-07-04,45,3.079,A
1900011234567,2025-07-04,46,3.266,A
1900011234567,2025-07-04,47,3.08,A
1900011234567,2025-07-04,48,3.364,A
1900011234567,2025-07-05,1,3.396,A
1900011234567,2025-07-05,2,3.438,A
1900011234567,2025-07-05,3,3.211,A
1900011234567,2025-07-05,4,3.4,A
1900011234567,2025-07-05,5,3.337,A
1900011234567,2025-07-05,6,3.067,A
1900011234567,2025-07-05,7,3.262,A
1900011234567,2025-07-05,8,3.055,A
1900011234567,2025-07-05,9,3.159,A
1900011234567,2025-07-05,10,3.401,A
1900011234567,2025-07-05,11,3.192,A
1900011234567,2025-07-05,12,3.165,A
1900011234567,2025-07-05,13,3.351,A
1900011234567,2025-07-05,14,3.404,A
1900011234567,2025-07-05,15,3.144,A
1900011234567,2025-07-05,16,3.257,A
1900011234567,2025-07-05,17,6.855,A
1900011234567,2025-07-05,18,6.732,A
1900011234567,2025-07-05,19,6.881,A
1900011234567,2025-07-05,20,6.55,A
1900011234567,2025-07-05,21,7.083,A
1900011234567,2025-07-05,22,6.62,A
1900011234567,2025-07-05,23,6.61,A
1900011234567,2025-07-05,24,6.52,A
1900011234567,2025-07-05,25,6.631,A
1900011234567,2025-07-05,26,6.87,A
1900011234567,2025-07-05,27,6.676,A
1900011234567,2025-07-05,28,6.986,A
1900011234567,2025-07-05,29,7.308,A
1900011234567,2025-07-05,30,7.263,A
1900011234567,2025-07-05,31,6.873,A
1900011234567,2025-07-05,32,7.102,A
1900011234567,2025-07-05,33,3.138,A
1900011234567,2025-07-05,34,3.376,A
1900011234567,2025-07-05,35,3.346,A
1900011234567,2025-07-05,36,3.22,A
1900011234567,2025-07-05,37,3.134,A
1900011234567,2025-07-05,38,3.057,A
1900011234567,2025-07-05,39,3.28,A
1900011234567,2025-07-05,40,3.061,A
1900011234567,2025-07-05,41,3.104,A
1900011234567,2025-07-05,42,3.087,A
1900011234567,2025-07-05,43,3.124,A
1900011234567,2025-07-05,44,3.262,A
1900011234567,2025-07-05,45,3.241,A
1900011234567,2025-07-05,46,3.312,A
1900011234567,2025-07-05,47,3.058,A
1900011234567,2025-07-05,48,3.131,A
1900011234567,2025-07-06,1,3.206,A
1900011234567,2025-07-06,2,3.101,A
1900011234567,2025-07-06,3,3.392,A
1900011234567,2025-07-06,4,3.385,A
1900011234567,2025-07-06,5,3.293,A
1900011234567,2025-07-06,6,3.114,A
1900011234567,2025-07-06,7,3.248,A
1900011234567,2025-07-06,8,3.066,A
1900011234567,2025-07-06,9,3.097,A
1900011234567,2025-07-06,10,3.307,A
1900011234567,2025-07-06,11,3.158,A
1900011234567,2025-07-06,12,3.387,A
1900011234567,2025-07-06,13,3.298,A
1900011234567,2025-07-06,14,3.066,A
1900011234567,2025-07-06,15,3.317,A
1900011234567,2025-07-06,16,3.082,A
1900011234567,2025-07-06,17,7.037,A
1900011234567,2025-07-06,18,7.229,A
1900011234567,2025-07-06,19,6.845,A
1900011234567,2025-07-06,20,7.224,A
1900011234567,2025-07-06,21,6.772,A
1900011234567,2025-07-06,22,7.149,A
1900011234567,2025-07-06,23,6.662,A
1900011234567,2025-07-06,24,6.548,A
1900011234567,2025-07-06,25,6.972,A
1900011234567,2025-07-06,26,6.913,A
1900011234567,2025-07-06,27,7.093,A
1900011234567,2025-07-06,28,7.141,A
1900011234567,2025-07-06,29,6.924,A
1900011234567,2025-07-06,30,6.723,A
1900011234567,2025-07-06,31,6.988,A
1900011234567,2025-07-06,32,7.299,A
1900011234567,2025-07-06,33,3.127,A
1900011234567,2025-07-06,34,3.319,A
1900011234567,2025-07-06,35,3.434,A
1900011234567,2025-07-06,36,3.104,A
1900011234567,2025-07-06,37,3.387,A
1900011234567,2025-07-06,38,3.256,A
1900011234567,2025-07-06,39,3.234,A
1900011234567,2025-07-06,40,3.433,A
1900011234567,2025-07-06,41,3.216,A
1900011234567,2025-07-06,42,3.443,A
1900011234567,2025-07-06,43,3.19,A
1900011234567,2025-07-06,44,3.096,A
1900011234567,2025-07-06,45,3.444,A
1900011234567,2025-07-06,46,3.39,A
1900011234567,2025-07-06,47,3.059,A
1900011234567,2025-07-06,48,3.399,A
1900011234567,2025-07-07,1,3.089,A
1900011234567,2025-07-07,2,3.316,A
1900011234567,2025-07-07,3,3.272,A
1900011234567,2025-07-07,4,3.353,A
1900011234567,2025-07-07,5,3.264,A
1900011234567,2025-07-07,6,3.132,A
1900011234567,2025-07-07,7,3.417,A
1900011234567,2025-07-07,8,3.361,A
1900011234567,2025-07-07,9,3.059,A
1900011234567,2025-07-07,10,3.204,A
1900011234567,2025-07-07,11,3.191,A
1900011234567,2025-07-07,12,3.372,A
1900011234567,2025-07-07,13,3.063,A
1900011234567,2025-07-07,14,8.556,A
1900011234567,2025-07-07,15,14.284,A
1900011234567,2025-07-07,16,20.166,A
1900011234567,2025-07-07,17,20.059,A
1900011234567,2025-07-07,18,19.672,A
1900011234567,2025-07-07,19,19.637,A
1900011234567,2025-07-07,20,18.81,A
1900011234567,2025-07-07,21,21.112,A
1900011234567,2025-07-07,22,19.149,A
1900011234567,2025-07-07,23,20.838,A
1900011234567,2025-07-07,24,18.945,A
1900011234567,2025-07-07,25,19.481,A
1900011234567,2025-07-07,26,19.936,A
1900011234567,2025-07-07,27,19.85,A
1900011234567,2025-07-07,28,19.851,A
1900011234567,2025-07-07,29,19.352,A
1900011234567,2025-07-07,30,20.537,A
1900011234567,2025-07-07,31,21.013,A
1900011234567,2025-07-07,32,20.469,A
1900011234567,2025-07-07,33,20.412,A
1900011234567,2025-07-07,34,20.383,A
1900011234567,2025-07-07,35,20.326,A
1900011234567,2025-07-07,36,19.632,A
1900011234567,2025-07-07,37,19.279,A
1900011234567,2025-07-07,38,20.468,A
1900011234567,2025-07-07,39,19.138,A
1900011234567,2025-07-07,40,20.503,A
1900011234567,2025-07-07,41,20.902,A
1900011234567,2025-07-07,42,19.385,A
1900011234567,2025-07-07,43,13.645,A
1900011234567,2025-07-07,44,9.195,A
1900011234567,2025-07-07,45,3.369,A
1900011234567,2025-07-07,46,3.271,A
1900011234567,2025-07-07,47,3.363,A
1900011234567,2025-07-07,48,3.093,A
1900011234567,2025-07-08,1,3.402,A
1900011234567,2025-07-08,2,3.353,A
1900011234567,2025-07-08,3,3.115,A
1900011234567,2025-07-08,4,3.354,A
1900011234567,2025-07-08,5,3.066,A
1900011234567,2025-07-08,6,3.059,A
1900011234567,2025-07-08,7,3.24,A
1900011234567,2025-07-08,8,3.218,A
1900011234567,2025-07-08,9,3.283,A
1900011234567,2025-07-08,10,3.331,A
1900011234567,2025-07-08,11,3.111,A
1900011234567,2025-07-08,12,3.125,A
1900011234567,2025-07-08,13,3.057,A
1900011234567,2025-07-08,14,9.296,A
1900011234567,2025-07-08,15,14.491,A
1900011234567,2025-07-08,16,19.73,A
1900011234567,2025-07-08,17,19.295,A
1900011234567,2025-07-08,18,20.839,A
1900011234567,2025-07-08,19,20.843,A
1900011234567,2025-07-08,20,19.513,A
1900011234567,2025-07-08,21,19.256,A
1900011234567,2025-07-08,22,18.942,A
1900011234567,2025-07-08,23,20.91,A
1900011234567,2025-07-08,24,20.726,A
1900011234567,2025-07-08,25,19.316,A
1900011234567,2025-07-08,26,19.492,A
1900011234567,2025-07-08,27,19.212,A
1900011234567,2025-07-08,28,18.91,A
1900011234567,2025-07-08,29,19.442,A
1900011234567,2025-07-08,30,19.219,A
1900011234567,2025-07-08,31,21.148,A
1900011234567,2025-07-08,32,20.872,A
1900011234567,2025-07-08,33,18.903,A
1900011234567,2025-07-08,34,18.911,A
1900011234567,2025-07-08,35,19.237,A
1900011234567,2025-07-08,36,19.409,A
1900011234567,2025-07-08,37,20.264,A
1900011234567,2025-07-08,38,19.093,A
1900011234567,2025-07-08,39,20.425,A
1900011234567,2025-07-08,40,20.895,A
1900011234567,2025-07-08,41,19.649,A
1900011234567,2025-07-08,42,20.499,A
1900011234567,2025-07-08,43,13.893,A
1900011234567,2025-07-08,44,8.864,A
1900011234567,2025-07-08,45,3.349,A
1900011234567,2025-07-08,46,3.249,A
1900011234567,2025-07-08,47,3.348,A
1900011234567,2025-07-08,48,3.396,A
1900011234567,2025-07-09,1,3.214,A
1900011234567,2025-07-09,2,3.138,A
1900011234567,2025-07-09,3,3.415,A
1900011234567,2025-07-09,4,3.407,A
1900011234567,2025-07-09,5,3.085,A
1900011234567,2025-07-09,6,3.105,A
1900011234567,2025-07-09,7,3.081,A
1900011234567,2025-07-09,8,3.189,A
1900011234567,2025-07-09,9,3.305,A
1900011234567,2025-07-09,10,3.306,A
1900011234567,2025-07-09,11,3.177,A
1900011234567,2025-07-09,12,3.404,A
1900011234567,2025-07-09,13,3.267,A
1900011234567,2025-07-09,14,8.925,A
1900011234567,2025-07-09,15,14.478,A
1900011234567,2025-07-09,16,20.192,A
1900011234567,2025-07-09,17,21.048,A
1900011234567,2025-07-09,18,20.188,A
1900011234567,2025-07-09,19,19.644,A
1900011234567,2025-07-09,20,20.039,A
1900011234567,2025-07-09,21,20.026,A
1900011234567,2025-07-09,22,20.533,A
1900011234567,2025-07-09,23,20.05,A
1900011234567,2025-07-09,24,19.766,A
1900011234567,2025-07-09,25,19.009,A
1900011234567,2025-07-09,26,20.103,A
1900011234567,2025-07-09,27,21.171,A
1900011234567,2025-07-09,28,19.671,A
1900011234567,2025-07-09,29,19.701,A
1900011234567,2025-07-09,30,19.482,A
1900011234567,2025-07-09,31,20.023,A
1900011234567,2025-07-09,32,19.05,A
1900011234567,2025-07-09,33,19.026,A
1900011234567,2025-07-09,34,19.21,A
1900011234567,2025-07-09,35,20.969,A
1900011234567,2025-07-09,36,19.142,A
1900011234567,2025-07-09,37,19.665,A
1900011234567,2025-07-09,38,19.989,A
1900011234567,2025-07-09,39,20.602,A
1900011234567,2025-07-09,40,20.508,A
1900011234567,2025-07-09,41,20.964,A
1900011234567,2025-07-09,42,20.225,A
1900011234567,2025-07-09,43,14.458,A
1900011234567,2025-07-09,44,8.653,A
1900011234567,2025-07-09,45,3.222,A
1900011234567,2025-07-09,46,3.224,A
1900011234567,2025-07-09,47,3.265,A
1900011234567,2025-07-09,48,3.085,A
1900011234567,2025-07-10,1,3.265,A
1900011234567,2025-07-10,2,3.092,A
1900011234567,2025-07-10,3,3.367,A
1900011234567,2025-07-10,4,3.438,A
1900011234567,2025-07-10,5,3.095,A
1900011234567,2025-07-10,6,3.441,A
1900011234567,2025-07-10,7,3.199,A
1900011234567,2025-07-10,8,3.264,A
1900011234567,2025-07-10,9,3.192,A
1900011234567,2025-07-10,10,3.367,A
1900011234567,2025-07-10,11,3.085,A
1900011234567,2025-07-10,12,3.163,A
1900011234567,2025-07-10,13,3.357,A
1900011234567,2025-07-10,14,9.209,A
1900011234567,2025-07-10,15,13.879,A
1900011234567,2025-07-10,16,20.495,A
1900011234567,2025-07-10,17,19.403,A
1900011234567,2025-07-10,18,20.9,A
1900011234567,2025-07-10,19,21.147,A
1900011234567,2025-07-10,20,20.081,A
1900011234567,2025-07-10,21,21.059,A
1900011234567,2025-07-10,22,18.987,A
1900011234567,2025-07-10,23,20.952,A
1900011234567,2025-07-10,24,20.717,A
1900011234567,2025-07-10,25,19.45,A
1900011234567,2025-07-10,26,19.941,A
1900011234567,2025-07-10,27,20.821,A
1900011234567,2025-07-10,28,20.839,A
1900011234567,2025-07-10,29,20.015,A
1900011234567,2025-07-10,30,19.368,A
1900011234567,2025-07-10,31,19.585,A
1900011234567,2025-07-10,32,20.718,A
1900011234567,2025-07-10,33,18.85,A
1900011234567,2025-07-10,34,19.743,A
1900011234567,2025-07-10,35,20.982,A
1900011234567,2025-07-10,36,20.051,A
1900011234567,2025-07-10,37,18.942,A
1900011234567,2025-07-10,38,20.078,A
1900011234567,2025-07-10,39,19.047,A
1900011234567,2025-07-10,40,19.771,A
1900011234567,2025-07-10,41,20.475,A
1900011234567,2025-07-10,42,19.281,A
1900011234567,2025-07-10,43,14.171,A
1900011234567,2025-07-10,44,8.411,A
1900011234567,2025-07-10,45,3.343,A
1900011234567,2025-07-10,46,3.385,A
1900011234567,2025-07-10,47,3.42,A
1900011234567,2025-07-10,48,3.204,A
1900011234567,2025-07-11,1,3.394,A
1900011234567,2025-07-11,2,3.22,A
1900011234567,2025-07-11,3,3.429,A
1900011234567,2025-07-11,4,3.27,A
1900011234567,2025-07-11,5,3.332,A
1900011234567,2025-07-11,6,3.281,A
1900011234567,2025-07-11,7,3.242,A
1900011234567,2025-07-11,8,3.373,A
1900011234567,2025-07-11,9,3.434,A
1900011234567,2025-07-11,10,3.201,A
1900011234567,2025-07-11,11,3.262,A
1900011234567,2025-07-11,12,3.35,A
1900011234567,2025-07-11,13,3.139,A
1900011234567,2025-07-11,14,8.458,A
1900011234567,2025-07-11,15,14.373,A
1900011234567,2025-07-11,16,19.532,A
1900011234567,2025-07-11,17,19.833,A
1900011234567,2025-07-11,18,21.13,A
1900011234567,2025-07-11,19,19.943,A
1900011234567,2025-07-11,20,21.14,A
1900011234567,2025-07-11,21,19.579,A
1900011234567,2025-07-11,22,21.003,A
1900011234567,2025-07-11,23,19.567,A
1900011234567,2025-07-11,24,20.866,A
1900011234567,2025-07-11,25,21.185,A
1900011234567,2025-07-11,26,19.993,A
1900011234567,2025-07-11,27,18.817,A
1900011234567,2025-07-11,28,19.494,A
1900011234567,2025-07-11,29,19.964,A
1900011234567,2025-07-11,30,20.954,A
1900011234567,2025-07-11,31,19.02,A
1900011234567,2025-07-11,32,19.28,A
1900011234567,2025-07-11,33,19.96,A
1900011234567,2025-07-11,34,20.388,A
1900011234567,2025-07-11,35,19.403,A
1900011234567,2025-07-11,36,20.517,A
1900011234567,2025-07-11,37,20.528,A
1900011234567,2025-07-11,38,19.022,A
1900011234567,2025-07-11,39,20.581,A
1900011234567,2025-07-11,40,19.481,A
1900011234567,2025-07-11,41,19.218,A
1900011234567,2025-07-11,42,19.125,A
1900011234567,2025-07-11,43,14.168,A
1900011234567,2025-07-11,44,9.26,A
1900011234567,2025-07-11,45,3.336,A
1900011234567,2025-07-11,46,3.229,A
1900011234567,2025-07-11,47,3.106,A
1900011234567,2025-07-11,48,3.235,A
1900011234567,2025-07-12,1,3.444,A
1900011234567,2025-07-12,2,3.302,A
1900011234567,2025-07-12,3,3.096,A
1900011234567,2025-07-12,4,3.17,A
1900011234567,2025-07-12,5,3.126,A
1900011234567,2025-07-12,6,3.284,A
1900011234567,2025-07-12,7,3.442,A
1900011234567,2025-07-12,8,3.336,A
1900011234567,2025-07-12,9,3.116,A
1900011234567,2025-07-12,10,3.148,A
1900011234567,2025-07-12,11,3.159,A
1900011234567,2025-07-12,12,3.061,A
1900011234567,2025-07-12,13,3.113,A
1900011234567,2025-07-12,14,3.285,A
1900011234567,2025-07-12,15,3.066,A
1900011234567,2025-07-12,16,3.295,A
1900011234567,2025-07-12,17,6.881,A
1900011234567,2025-07-12,18,7.286,A
1900011234567,2025-07-12,19,6.647,A
1900011234567,2025-07-12,20,6.979,A
1900011234567,2025-07-12,21,7.224,A
1900011234567,2025-07-12,22,6.736,A
1900011234567,2025-07-12,23,7.313,A
1900011234567,2025-07-12,24,6.959,A
1900011234567,2025-07-12,25,6.622,A
1900011234567,2025-07-12,26,7.06,A
1900011234567,2025-07-12,27,7.287,A
1900011234567,2025-07-12,28,6.94,A
1900011234567,2025-07-12,29,7.232,A
1900011234567,2025-07-12,30,6.902,A
1900011234567,2025-07-12,31,7.254,A
1900011234567,2025-07-12,32,7.242,A
1900011234567,2025-07-12,33,3.304,A
1900011234567,2025-07-12,34,3.08,A
1900011234567,2025-07-12,35,3.101,A
1900011234567,2025-07-12,36,3.402,A
1900011234567,2025-07-12,37,3.242,A
1900011234567,2025-07-12,38,3.093,A
1900011234567,2025-07-12,39,3.35,A
1900011234567,2025-07-12,40,3.083,A
1900011234567,2025-07-12,41,3.426,A
1900011234567,2025-07-12,42,3.429,A
1900011234567,2025-07-12,43,3.281,A
1900011234567,2025-07-12,44,3.156,A
1900011234567,2025-07-12,45,3.444,A
1900011234567,2025-07-12,46,3.365,A
1900011234567,2025-07-12,47,3.179,A
1900011234567,2025-07-12,48,3.355,A
1900011234567,2025-07-13,1,3.232,A
1900011234567,2025-07-13,2,3.198,A
1900011234567,2025-07-13,3,3.388,A
1900011234567,2025-07-13,4,3.261,A
1900011234567,2025-07-13,5,3.369,A
1900011234567,2025-07-13,6,3.172,A
1900011234567,2025-07-13,7,3.196,A
1900011234567,2025-07-13,8,3.067,A
1900011234567,2025-07-13,9,3.234,A
1900011234567,2025-07-13,10,3.338,A
1900011234567,2025-07-13,11,3.112,A
1900011234567,2025-07-13,12,3.174,A
1900011234567,2025-07-13,13,3.388,A
1900011234567,2025-07-13,14,3.137,A
1900011234567,2025-07-13,15,3.392,A
1900011234567,2025-07-13,16,3.07,A
1900011234567,2025-07-13,17,7.277,A
1900011234567,2025-07-13,18,6.635,A
1900011234567,2025-07-13,19,7.206,A
1900011234567,2025-07-13,20,7.305,A
1900011234567,2025-07-13,21,7.31,A
1900011234567,2025-07-13,22,7.262,A
1900011234567,2025-07-13,23,6.799,A
1900011234567,2025-07-13,24,7.181,A
1900011234567,2025-07-13,25,7.045,A
1900011234567,2025-07-13,26,6.604,A
1900011234567,2025-07-13,27,6.609,A
1900011234567,2025-07-13,28,7.206,A
1900011234567,2025-07-13,29,7.23,A
1900011234567,2025-07-13,30,7.17,A
1900011234567,2025-07-13,31,7.15,A
1900011234567,2025-07-13,32,6.863,A
1900011234567,2025-07-13,33,3.071,A
1900011234567,2025-07-13,34,3.256,A
1900011234567,2025-07-13,35,3.269,A
1900011234567,2025-07-13,36,3.243,A
1900011234567,2025-07-13,37,3.06,A
1900011234567,2025-07-13,38,3.184,A
1900011234567,2025-07-13,39,3.135,A
1900011234567,2025-07-13,40,3.173,A
1900011234567,2025-07-13,41,3.246,A
1900011234567,2025-07-13,42,3.294,A
1900011234567,2025-07-13,43,3.395,A
1900011234567,2025-07-13,44,3.155,A
1900011234567,2025-07-13,45,3.294,A
1900011234567,2025-07-13,46,3.412,A
1900011234567,2025-07-13,47,3.226,A
1900011234567,2025-07-13,48,3.32,A
1900011234567,2025-07-14,1,3.402,A
1900011234567,2025-07-14,2,3.335,A
1900011234567,2025-07-14,3,3.298,A
1900011234567,2025-07-14,4,3.179,A
1900011234567,2025-07-14,5,3.211,A
1900011234567,2025-07-14,6,3.164,A
1900011234567,2025-07-14,7,3.289,A
1900011234567,2025-07-14,8,3.401,A
1900011234567,2025-07-14,9,3.081,A
1900011234567,2025-07-14,10,3.068,A
1900011234567,2025-07-14,11,3.271,A
1900011234567,2025-07-14,12,3.345,A
1900011234567,2025-07-14,13,3.075,A
1900011234567,2025-07-14,14,8.611,A
1900011234567,2025-07-14,15,14.799,A
1900011234567,2025-07-14,16,20.395,A
1900011234567,2025-07-14,17,20.738,A
1900011234567,2025-07-14,18,19.302,A
1900011234567,2025-07-14,19,21.108,A
1900011234567,2025-07-14,20,20.158,A
1900011234567,2025-07-14,21,20.896,A
1900011234567,2025-07-14,22,20.348,A
1900011234567,2025-07-14,23,20.311,A
1900011234567,2025-07-14,24,19.738,A
1900011234567,2025-07-14,25,20.273,A
1900011234567,2025-07-14,26,20.177,A
1900011234567,2025-07-14,27,19.263,A
1900011234567,2025-07-14,28,21.156,A
1900011234567,2025-07-14,29,20.215,A
1900011234567,2025-07-14,30,20.652,A
1900011234567,2025-07-14,31,19.335,A
1900011234567,2025-07-14,32,19.061,A
1900011234567,2025-07-14,33,20.81,A
1900011234567,2025-07-14,34,20.335,A
1900011234567,2025-07-14,35,19.033,A
1900011234567,2025-07-14,36,20.945,A
1900011234567,2025-07-14,37,20.083,A
1900011234567,2025-07-14,38,20.57,A
1900011234567,2025-07-14,39,19.719,A
1900011234567,2025-07-14,40,20.766,A
1900011234567,2025-07-14,41,20.21,A
1900011234567,2025-07-14,42,20.238,A
1900011234567,2025-07-14,43,14.908,A
1900011234567,2025-07-14,44,8.65,A
1900011234567,2025-07-14,45,3.357,A
1900011234567,2025-07-14,46,3.146,A
1900011234567,2025-07-14,47,3.33,A
1900011234567,2025-07-14,48,3.36,A
1900011234567,2025-07-15,1,3.157,A
1900011234567,2025-07-15,2,3.158,A
1900011234567,2025-07-15,3,3.194,A
1900011234567,2025-07-15,4,3.315,A
1900011234567,2025-07-15,5,3.087,A
1900011234567,2025-07-15,6,3.256,A
1900011234567,2025-07-15,7,3.316,A
1900011234567,2025-07-15,8,3.084,A
1900011234567,2025-07-15,9,3.306,A
1900011234567,2025-07-15,10,3.23,A
1900011234567,2025-07-15,11,3.418,A
1900011234567,2025-07-15,12,3.238,A
1900011234567,2025-07-15,13,3.252,A
1900011234567,2025-07-15,14,8.337,A
1900011234567,2025-07-15,15,13.836,A
1900011234567,2025-07-15,16,19.743,A
1900011234567,2025-07-15,17,20.383,A
1900011234567,2025-07-15,18,20.351,A
1900011234567,2025-07-15,19,20.926,A
1900011234567,2025-07-15,20,20.67,A
1900011234567,2025-07-15,21,19.69,A
1900011234567,2025-07-15,22,20.401,A
1900011234567,2025-07-15,23,19.593,A
1900011234567,2025-07-15,24,19.685,A
1900011234567,2025-07-15,25,19.4,A
1900011234567,2025-07-15,26,21.011,A
1900011234567,2025-07-15,27,21.009,A
1900011234567,2025-07-15,28,20.311,A
1900011234567,2025-07-15,29,20.459,A
1900011234567,2025-07-15,30,19.201,A
1900011234567,2025-07-15,31,21.149,A
1900011234567,2025-07-15,32,21.171,A
1900011234567,2025-07-15,33,20.514,A
1900011234567,2025-07-15,34,20.304,A
1900011234567,2025-07-15,35,19.314,A
1900011234567,2025-07-15,36,18.961,A
1900011234567,2025-07-15,37,21.03,A
1900011234567,2025-07-15,38,20.183,A
1900011234567,2025-07-15,39,20.08,A
1900011234567,2025-07-15,40,19.037,A
1900011234567,2025-07-15,41,19.083,A
1900011234567,2025-07-15,42,19.538,A
1900011234567,2025-07-15,43,13.76,A
1900011234567,2025-07-15,44,9.194,A
1900011234567,2025-07-15,45,3.192,A
1900011234567,2025-07-15,46,3.426,A
1900011234567,2025-07-15,47,3.258,A
1900011234567,2025-07-15,48,3.423,A
1900011234567,2025-07-16,1,3.227,A
1900011234567,2025-07-16,2,3.397,A
1900011234567,2025-07-16,3,3.116,A
1900011234567,2025-07-16,4,3.103,A
1900011234567,2025-07-16,5,3.373,A
1900011234567,2025-07-16,6,3.332,A
1900011234567,2025-07-16,7,3.116,A
1900011234567,2025-07-16,8,3.262,A
1900011234567,2025-07-16,9,3.143,A
1900011234567,2025-07-16,10,3.273,A
1900011234567,2025-07-16,11,3.082,A
1900011234567,2025-07-16,12,3.416,A
1900011234567,2025-07-16,13,3.346,A
1900011234567,2025-07-16,14,9.099,A
1900011234567,2025-07-16,15,14.627,A
1900011234567,2025-07-16,16,20.891,A
1900011234567,2025-07-16,17,20.249,A
1900011234567,2025-07-16,18,21.036,A
1900011234567,2025-07-16,19,20.622,A
1900011234567,2025-07-16,20,19.733,A
1900011234567,2025-07-16,21,20.305,A
1900011234567,2025-07-16,22,20.618,A
1900011234567,2025-07-16,23,19.774,A
1900011234567,2025-07-16,24,19.735,A
1900011234567,2025-07-16,25,19.921,A
1900011234567,2025-07-16,26,19.995,A
1900011234567,2025-07-16,27,18.873,A
1900011234567,2025-07-16,28,18.902,A
1900011234567,2025-07-16,29,20.79,A
1900011234567,2025-07-16,30,20.941,A
1900011234567,2025-07-16,31,21.136,A
1900011234567,2025-07-16,32,20.003,A
1900011234567,2025-07-16,33,20.376,A
1900011234567,2025-07-16,34,19.551,A
1900011234567,2025-07-16,35,19.492,A
1900011234567,2025-07-16,36,20.717,A
1900011234567,2025-07-16,37,19.167,A
1900011234567,2025-07-16,38,20.697,A
1900011234567,2025-07-16,39,18.815,A
1900011234567,2025-07-16,40,18.948,A
1900011234567,2025-07-16,41,19.43,A
1900011234567,2025-07-16,42,19.81,A
1900011234567,2025-07-16,43,14.246,A
1900011234567,2025-07-16,44,9.076,A
1900011234567,2025-07-16,45,3.334,A
1900011234567,2025-07-16,46,3.165,A
1900011234567,2025-07-16,47,3.155,A
1900011234567,2025-07-16,48,3.258,A
1900011234567,2025-07-17,1,3.225,A
1900011234567,2025-07-17,2,3.155,A
1900011234567,2025-07-17,3,3.384,A
1900011234567,2025-07-17,4,3.241,A
1900011234567,2025-07-17,5,3.392,A
1900011234567,2025-07-17,6,3.142,A
1900011234567,2025-07-17,7,3.347,A
1900011234567,2025-07-17,8,3.191,A
1900011234567,2025-07-17,9,3.353,A
1900011234567,2025-07-17,10,3.212,A
1900011234567,2025-07-17,11,3.325,A
1900011234567,2025-07-17,12,3.343,A
1900011234567,2025-07-17,13,3.194,A
1900011234567,2025-07-17,14,8.649,A
1900011234567,2025-07-17,15,14.967,A
1900011234567,2025-07-17,16,20.715,A
1900011234567,2025-07-17,17,20.762,A
1900011234567,2025-07-17,18,19.859,A
1900011234567,2025-07-17,19,20.554,A
1900011234567,2025-07-17,20,19.921,A
1900011234567,2025-07-17,21,21.06,A
1900011234567,2025-07-17,22,19.649,A
1900011234567,2025-07-17,23,19.173,A
1900011234567,2025-07-17,24,20.817,A
1900011234567,2025-07-17,25,19.702,A
1900011234567,2025-07-17,26,20.896,A
1900011234567,2025-07-17,27,19.264,A
1900011234567,2025-07-17,28,19.717,A
1900011234567,2025-07-17,29,19.296,A
1900011234567,2025-07-17,30,20.602,A
1900011234567,2025-07-17,31,20.385,A
1900011234567,2025-07-17,32,21.121,A
1900011234567,2025-07-17,33,20.142,A
1900011234567,2025-07-17,34,19.68,A
1900011234567,2025-07-17,35,20.057,A
1900011234567,2025-07-17,36,19.471,A
1900011234567,2025-07-17,37,19.772,A
1900011234567,2025-07-17,38,18.967,A
1900011234567,2025-07-17,39,19.136,A
1900011234567,2025-07-17,40,19.754,A
1900011234567,2025-07-17,41,19.584,A
1900011234567,2025-07-17,42,20.912,A
1900011234567,2025-07-17,43,13.566,A
1900011234567,2025-07-17,44,9.107,A
1900011234567,2025-07-17,45,3.349,A
1900011234567,2025-07-17,46,3.295,A
1900011234567,2025-07-17,47,3.302,A
1900011234567,2025-07-17,48,3.178,A
1900011234567,2025-07-18,1,3.063,A
1900011234567,2025-07-18,2,3.103,A
1900011234567,2025-07-18,3,3.343,A
1900011234567,2025-07-18,4,3.163,A
1900011234567,2025-07-18,5,3.231,A
1900011234567,2025-07-18,6,3.35,A
1900011234567,2025-07-18,7,3.09,A
1900011234567,2025-07-18,8,3.334,A
1900011234567,2025-07-18,9,3.139,A
1900011234567,2025-07-18,10,3.324,A
1900011234567,2025-07-18,11,3.217,A
1900011234567,2025-07-18,12,3.248,A
1900011234567,2025-07-18,13,3.157,A
1900011234567,2025-07-18,14,8.646,A
1900011234567,2025-07-18,15,14.238,A
1900011234567,2025-07-18,16,20.907,A
1900011234567,2025-07-18,17,20.77,A
1900011234567,2025-07-18,18,19.513,A
1900011234567,2025-07-18,19,19.583,A
1900011234567,2025-07-18,20,21.189,A
1900011234567,2025-07-18,21,18.934,A
1900011234567,2025-07-18,22,19.374,A
1900011234567,2025-07-18,23,20.254,A
1900011234567,2025-07-18,24,19.009,A
1900011234567,2025-07-18,25,19.788,A
1900011234567,2025-07-18,26,19.045,A
1900011234567,2025-07-18,27,18.863,A
1900011234567,2025-07-18,28,21.021,A
1900011234567,2025-07-18,29,20.048,A
1900011234567,2025-07-18,30,19.292,A
1900011234567,2025-07-18,31,19.066,A
1900011234567,2025-07-18,32,21.183,A
1900011234567,2025-07-18,33,18.886,A
1900011234567,2025-07-18,34,19.5,A
1900011234567,2025-07-18,35,19.672,A
1900011234567,2025-07-18,36,19.515,A
1900011234567,2025-07-18,37,20.852,A
1900011234567,2025-07-18,38,20.056,A
1900011234567,2025-07-18,39,20.143,A
1900011234567,2025-07-18,40,18.928,A
1900011234567,2025-07-18,41,20.524,A
1900011234567,2025-07-18,42,20.536,A
1900011234567,2025-07-18,43,14.227,A
1900011234567,2025-07-18,44,9.25,A
1900011234567,2025-07-18,45,3.332,A
1900011234567,2025-07-18,46,3.289,A
1900011234567,2025-07-18,47,3.169,A
1900011234567,2025-07-18,48,3.272,A
1900011234567,2025-07-19,1,3.127,A
1900011234567,2025-07-19,2,3.221,A
1900011234567,2025-07-19,3,3.372,A
1900011234567,2025-07-19,4,3.399,A
1900011234567,2025-07-19,5,3.183,A
1900011234567,2025-07-19,6,3.147,A
1900011234567,2025-07-19,7,3.238,A
1900011234567,2025-07-19,8,3.391,A
1900011234567,2025-07-19,9,3.373,A
1900011234567,2025-07-19,10,3.088,A
1900011234567,2025-07-19,11,3.119,A
1900011234567,2025-07-19,12,3.219,A
1900011234567,2025-07-19,13,3.28,A
1900011234567,2025-07-19,14,3.28,A
1900011234567,2025-07-19,15,3.341,A
1900011234567,2025-07-19,16,3.197,A
1900011234567,2025-07-19,17,6.614,A
1900011234567,2025-07-19,18,6.932,A
1900011234567,2025-07-19,19,7.245,A
1900011234567,2025-07-19,20,6.867,A
1900011234567,2025-07-19,21,6.663,A
1900011234567,2025-07-19,22,7.085,A
1900011234567,2025-07-19,23,6.644,A
1900011234567,2025-07-19,24,6.621,A
1900011234567,2025-07-19,25,6.767,A
1900011234567,2025-07-19,26,6.914,A
1900011234567,2025-07-19,27,7.113,A
1900011234567,2025-07-19,28,6.961,A
1900011234567,2025-07-19,29,6.673,A
1900011234567,2025-07-19,30,7.106,A
1900011234567,2025-07-19,31,6.717,A
1900011234567,2025-07-19,32,6.927,A
1900011234567,2025-07-19,33,3.278,A
1900011234567,2025-07-19,34,3.275,A
1900011234567,2025-07-19,35,3.151,A
1900011234567,2025-07-19,36,3.324,A
1900011234567,2025-07-19,37,3.241,A
1900011234567,2025-07-19,38,3.102,A
1900011234567,2025-07-19,39,3.111,A
1900011234567,2025-07-19,40,3.065,A
1900011234567,2025-07-19,41,3.341,A
1900011234567,2025-07-19,42,3.12,A
1900011234567,2025-07-19,43,3.434,A
1900011234567,2025-07-19,44,3.204,A
1900011234567,2025-07-19,45,3.259,A
1900011234567,2025-07-19,46,3.305,A
1900011234567,2025-07-19,47,3.198,A
1900011234567,2025-07-19,48,3.206,A
1900011234567,2025-07-20,1,3.442,A
1900011234567,2025-07-20,2,3.403,A
1900011234567,2025-07-20,3,3.193,A
1900011234567,2025-07-20,4,3.168,A
1900011234567,2025-07-20,5,3.26,A
1900011234567,2025-07-20,6,3.179,A
1900011234567,2025-07-20,7,3.277,A
1900011234567,2025-07-20,8,3.249,A
1900011234567,2025-07-20,9,3.102,A
1900011234567,2025-07-20,10,3.405,A
1900011234567,2025-07-20,11,3.442,A
1900011234567,2025-07-20,12,3.403,A
1900011234567,2025-07-20,13,3.08,A
1900011234567,2025-07-20,14,3.253,A
1900011234567,2025-07-20,15,3.431,A
1900011234567,2025-07-20,16,3.335,A
1900011234567,2025-07-20,17,6.931,A
1900011234567,2025-07-20,18,7.053,A
1900011234567,2025-07-20,19,7.216,A
1900011234567,2025-07-20,20,6.961,A
1900011234567,2025-07-20,21,6.681,A
1900011234567,2025-07-20,22,6.734,A
1900011234567,2025-07-20,23,6.704,A
1900011234567,2025-07-20,24,7.061,A
1900011234567,2025-07-20,25,7.27,A
1900011234567,2025-07-20,26,6.957,A
1900011234567,2025-07-20,27,6.57,A
1900011234567,2025-07-20,28,6.801,A
1900011234567,2025-07-20,29,6.701,A
1900011234567,2025-07-20,30,6.755,A
1900011234567,2025-07-20,31,6.703,A
1900011234567,2025-07-20,32,7.057,A
1900011234567,2025-07-20,33,3.226,A
1900011234567,2025-07-20,34,3.274,A
1900011234567,2025-07-20,35,3.375,A
1900011234567,2025-07-20,36,3.281,A
1900011234567,2025-07-20,37,3.111,A
1900011234567,2025-07-20,38,3.259,A
1900011234567,2025-07-20,39,3.358,A
1900011234567,2025-07-20,40,3.339,A
1900011234567,2025-07-20,41,3.427,A
1900011234567,2025-07-20,42,3.265,A
1900011234567,2025-07-20,43,3.157,A
1900011234567,2025-07-20,44,3.345,A
1900011234567,2025-07-20,45,3.343,A
1900011234567,2025-07-20,46,3.377,A
1900011234567,2025-07-20,47,3.29,A
1900011234567,2025-07-20,48,3.309,A
1900011234567,2025-07-21,1,3.172,A
1900011234567,2025-07-21,2,3.341,A
1900011234567,2025-07-21,3,3.445,A
1900011234567,2025-07-21,4,3.296,A
1900011234567,2025-07-21,5,3.092,A
1900011234567,2025-07-21,6,3.343,A
1900011234567,2025-07-21,7,3.12,A
1900011234567,2025-07-21,8,3.172,A
1900011234567,2025-07-21,9,3.348,A
1900011234567,2025-07-21,10,3.067,A
1900011234567,2025-07-21,11,3.197,A
1900011234567,2025-07-21,12,3.106,A
1900011234567,2025-07-21,13,3.142,A
1900011234567,2025-07-21,14,8.496,A
1900011234567,2025-07-21,15,15.115,A
1900011234567,2025-07-21,16,19.01,A
1900011234567,2025-07-21,17,19.444,A
1900011234567,2025-07-21,18,19.947,A
1900011234567,2025-07-21,19,21.147,A
1900011234567,2025-07-21,20,20.878,A
1900011234567,2025-07-21,21,19.669,A
1900011234567,2025-07-21,22,20.12,A
1900011234567,2025-07-21,23,19.442,A
1900011234567,2025-07-21,24,20.421,A
1900011234567,2025-07-21,25,19.168,A
1900011234567,2025-07-21,26,20.884,A
1900011234567,2025-07-21,27,19.282,A
1900011234567,2025-07-21,28,19.82,A
1900011234567,2025-07-21,29,20.544,A
1900011234567,2025-07-21,30,20.868,A
1900011234567,2025-07-21,31,18.861,A
1900011234567,2025-07-21,32,20.365,A
1900011234567,2025-07-21,33,19.126,A
1900011234567,2025-07-21,34,19.203,A
1900011234567,2025-07-21,35,19.201,A
1900011234567,2025-07-21,36,19.237,A
1900011234567,2025-07-21,37,19.055,A
1900011234567,2025-07-21,38,19.852,A
1900011234567,2025-07-21,39,20.579,A
1900011234567,2025-07-21,40,21.064,A
1900011234567,2025-07-21,41,20.936,A
1900011234567,2025-07-21,42,19.721,A
1900011234567,2025-07-21,43,13.593,A
1900011234567,2025-07-21,44,8.833,A
1900011234567,2025-07-21,45,3.129,A
1900011234567,2025-07-21,46,3.291,A
1900011234567,2025-07-21,47,3.206,A
1900011234567,2025-07-21,48,3.405,A
1900011234567,2025-07-22,1,3.36,A
1900011234567,2025-07-22,2,3.328,A
1900011234567,2025-07-22,3,3.39,A
1900011234567,2025-07-22,4,3.068,A
1900011234567,2025-07-22,5,3.407,A
1900011234567,2025-07-22,6,3.145,A
1900011234567,2025-07-22,7,3.421,A
1900011234567,2025-07-22,8,3.153,A
1900011234567,2025-07-22,9,3.074,A
1900011234567,2025-07-22,10,3.193,A
1900011234567,2025-07-22,11,3.378,A
1900011234567,2025-07-22,12,3.192,A
1900011234567,2025-07-22,13,3.219,A
1900011234567,2025-07-22,14,8.992,A
1900011234567,2025-07-22,15,14.98,A
1900011234567,2025-07-22,16,19.896,A
1900011234567,2025-07-22,17,20.613,A
1900011234567,2025-07-22,18,19.837,A
1900011234567,2025-07-22,19,20.282,A
1900011234567,2025-07-22,20,20.224,A
1900011234567,2025-07-22,21,20.66,A
1900011234567,2025-07-22,22,21.167,A
1900011234567,2025-07-22,23,20.368,A
1900011234567,2025-07-22,24,20.158,A
1900011234567,2025-07-22,25,19.433,A
1900011234567,2025-07-22,26,21.161,A
1900011234567,2025-07-22,27,20.806,A
1900011234567,2025-07-22,28,21.136,A
1900011234567,2025-07-22,29,19.752,A
1900011234567,2025-07-22,30,19.193,A
1900011234567,2025-07-22,31,20.781,A
1900011234567,2025-07-22,32,20.999,A
1900011234567,2025-07-22,33,18.985,A
1900011234567,2025-07-22,34,19.943,A
1900011234567,2025-07-22,35,21.152,A
1900011234567,2025-07-22,36,19.431,A
1900011234567,2025-07-22,37,21.161,A
1900011234567,2025-07-22,38,19.48,A
1900011234567,2025-07-22,39,21.174,A
1900011234567,2025-07-22,40,19.839,A
1900011234567,2025-07-22,41,20.467,A
1900011234567,2025-07-22,42,20.74,A
1900011234567,2025-07-22,43,14.583,A
1900011234567,2025-07-22,44,9.274,A
1900011234567,2025-07-22,45,3.203,A
1900011234567,2025-07-22,46,3.302,A
1900011234567,2025-07-22,47,3.177,A
1900011234567,2025-07-22,48,3.116,A
1900011234567,2025-07-23,1,3.428,A
1900011234567,2025-07-23,2,3.204,A
1900011234567,2025-07-23,3,3.183,A
1900011234567,2025-07-23,4,3.115,A
1900011234567,2025-07-23,5,3.199,A
1900011234567,2025-07-23,6,3.417,A
1900011234567,2025-07-23,7,3.224,A
1900011234567,2025-07-23,8,3.441,A
1900011234567,2025-07-23,9,3.375,A
1900011234567,2025-07-23,10,3.168,A
1900011234567,2025-07-23,11,3.125,A
1900011234567,2025-07-23,12,3.304,A
1900011234567,2025-07-23,13,3.164,A
1900011234567,2025-07-23,14,8.581,A
1900011234567,2025-07-23,15,14.826,A
1900011234567,2025-07-23,16,19.664,A
1900011234567,2025-07-23,17,19.861,A
1900011234567,2025-07-23,18,21.198,A
1900011234567,2025-07-23,19,20.561,A
1900011234567,2025-07-23,20,19.887,A
1900011234567,2025-07-23,21,19.571,A
1900011234567,2025-07-23,22,20.091,A
1900011234567,2025-07-23,23,18.834,A
1900011234567,2025-07-23,24,19.918,A
1900011234567,2025-07-23,25,18.958,A
1900011234567,2025-07-23,26,18.95,A
1900011234567,2025-07-23,27,19.929,A
1900011234567,2025-07-23,28,20.983,A
1900011234567,2025-07-23,29,19.554,A
1900011234567,2025-07-23,30,19.162,A
1900011234567,2025-07-23,31,18.984,A
1900011234567,2025-07-23,32,21.152,A
1900011234567,2025-07-23,33,20.362,A
1900011234567,2025-07-23,34,21.108,A
1900011234567,2025-07-23,35,20.867,A
1900011234567,2025-07-23,36,20.483,A
1900011234567,2025-07-23,37,20.614,A
1900011234567,2025-07-23,38,20.518,A
1900011234567,2025-07-23,39,21.198,A
1900011234567,2025-07-23,40,19.668,A
1900011234567,2025-07-23,41,19.912,A
1900011234567,2025-07-23,42,19.153,A
1900011234567,2025-07-23,43,13.903,A
1900011234567,2025-07-23,44,9.086,A
1900011234567,2025-07-23,45,3.19,A
1900011234567,2025-07-23,46,3.223,A
1900011234567,2025-07-23,47,3.078,A
1900011234567,2025-07-23,48,3.22,A
1900011234567,2025-07-24,1,3.224,A
1900011234567,2025-07-24,2,3.154,A
1900011234567,2025-07-24,3,3.261,A
1900011234567,2025-07-24,4,3.318,A
1900011234567,2025-07-24,5,3.06,A
1900011234567,2025-07-24,6,3.229,A
1900011234567,2025-07-24,7,3.306,A
1900011234567,2025-07-24,8,3.386,A
1900011234567,2025-07-24,9,3.172,A
1900011234567,2025-07-24,10,3.08,A
1900011234567,2025-07-24,11,3.191,A
1900011234567,2025-07-24,12,3.099,A
1900011234567,2025-07-24,13,3.422,A
1900011234567,2025-07-24,14,9.106,A
1900011234567,2025-07-24,15,14.09,A
1900011234567,2025-07-24,16,19.242,A
1900011234567,2025-07-24,17,18.805,A
1900011234567,2025-07-24,18,19.897,A
1900011234567,2025-07-24,19,19.612,A
1900011234567,2025-07-24,20,19.278,A
1900011234567,2025-07-24,21,20.925,A
1900011234567,2025-07-24,22,19.658,A
1900011234567,2025-07-24,23,20.661,A
1900011234567,2025-07-24,24,19.058,A
1900011234567,2025-07-24,25,20.473,A
1900011234567,2025-07-24,26,18.916,A
1900011234567,2025-07-24,27,20.544,A
1900011234567,2025-07-24,28,19.518,A
1900011234567,2025-07-24,29,19.605,A
1900011234567,2025-07-24,30,19.968,A
1900011234567,2025-07-24,31,19.028,A
1900011234567,2025-07-24,32,19.059,A
1900011234567,2025-07-24,33,20.483,A
1900011234567,2025-07-24,34,18.965,A
1900011234567,2025-07-24,35,20.425,A
1900011234567,2025-07-24,36,18.975,A
1900011234567,2025-07-24,37,19.378,A
1900011234567,2025-07-24,38,19.669,A
1900011234567,2025-07-24,39,20.825,A
1900011234567,2025-07-24,40,19.18,A
1900011234567,2025-07-24,41,20.75,A
1900011234567,2025-07-24,42,20.266,A
1900011234567,2025-07-24,43,14.229,A
1900011234567,2025-07-24,44,9.039,A
1900011234567,2025-07-24,45,3.33,A
1900011234567,2025-07-24,46,3.24,A
1900011234567,2025-07-24,47,3.312,A
1900011234567,2025-07-24,48,3.429,A
1900011234567,2025-07-25,1,3.209,A
1900011234567,2025-07-25,2,3.348,A
1900011234567,2025-07-25,3,3.409,A
1900011234567,2025-07-25,4,3.096,A
1900011234567,2025-07-25,5,3.307,A
1900011234567,2025-07-25,6,3.337,A
1900011234567,2025-07-25,7,3.315,A
1900011234567,2025-07-25,8,3.406,A
1900011234567,2025-07-25,9,3.265,A
1900011234567,2025-07-25,10,3.412,A
1900011234567,2025-07-25,11,3.066,A
1900011234567,2025-07-25,12,3.202,A
1900011234567,2025-07-25,13,3.26,A
1900011234567,2025-07-25,14,8.573,A
1900011234567,2025-07-25,15,14.17,A
1900011234567,2025-07-25,16,19.675,A
1900011234567,2025-07-25,17,20.514,A
1900011234567,2025-07-25,18,19.613,A
1900011234567,2025-07-25,19,20.749,A
1900011234567,2025-07-25,20,21.11,A
1900011234567,2025-07-25,21,19.266,A
1900011234567,2025-07-25,22,20.054,A
1900011234567,2025-07-25,23,18.851,A
1900011234567,2025-07-25,24,20.069,A
1900011234567,2025-07-25,25,20.688,A
1900011234567,2025-07-25,26,21.168,A
1900011234567,2025-07-25,27,21.042,A
1900011234567,2025-07-25,28,20.081,A
1900011234567,2025-07-25,29,19.578,A
1900011234567,2025-07-25,30,20.205,A
1900011234567,2025-07-25,31,20.744,A
1900011234567,2025-07-25,32,19.416,A
1900011234567,2025-07-25,33,20.505,A
1900011234567,2025-07-25,34,20.629,A
1900011234567,2025-07-25,35,20.094,A
1900011234567,2025-07-25,36,19.964,A
1900011234567,2025-07-25,37,19.339,A
1900011234567,2025-07-25,38,20.666,A
1900011234567,2025-07-25,39,20.128,A
1900011234567,2025-07-25,40,19.886,A
1900011234567,2025-07-25,41,20.632,A
1900011234567,2025-07-25,42,20.972,A
1900011234567,2025-07-25,43,14.859,A
1900011234567,2025-07-25,44,8.453,A
1900011234567,2025-07-25,45,3.258,A
1900011234567,2025-07-25,46,3.254,A
1900011234567,2025-07-25,47,3.265,A
1900011234567,2025-07-25,48,3.343,A
1900011234567,2025-07-26,1,3.333,A
1900011234567,2025-07-26,2,3.23,A
1900011234567,2025-07-26,3,3.421,A
1900011234567,2025-07-26,4,3.078,A
1900011234567,2025-07-26,5,3.384,A
1900011234567,2025-07-26,6,3.373,A
1900011234567,2025-07-26,7,3.355,A
1900011234567,2025-07-26,8,3.378,A
1900011234567,2025-07-26,9,3.326,A
1900011234567,2025-07-26,10,3.187,A
1900011234567,2025-07-26,11,3.249,A
1900011234567,2025-07-26,12,3.135,A
1900011234567,2025-07-26,13,3.371,A
1900011234567,2025-07-26,14,3.231,A
1900011234567,2025-07-26,15,3.149,A
1900011234567,2025-07-26,16,3.423,A
1900011234567,2025-07-26,17,6.727,A
1900011234567,2025-07-26,18,7.116,A
1900011234567,2025-07-26,19,6.643,A
1900011234567,2025-07-26,20,7.151,A
1900011234567,2025-07-26,21,6.885,A
1900011234567,2025-07-26,22,7.161,A
1900011234567,2025-07-26,23,6.871,A
1900011234567,2025-07-26,24,7.174,A
1900011234567,2025-07-26,25,6.626,A
1900011234567,2025-07-26,26,6.806,A
1900011234567,2025-07-26,27,7.038,A
1900011234567,2025-07-26,28,6.856,A
1900011234567,2025-07-26,29,7.178,A
1900011234567,2025-07-26,30,6.551,A
1900011234567,2025-07-26,31,6.998,A
1900011234567,2025-07-26,32,6.537,A
1900011234567,2025-07-26,33,3.084,A
1900011234567,2025-07-26,34,3.138,A
1900011234567,2025-07-26,35,3.3,A
1900011234567,2025-07-26,36,3.184,A
1900011234567,2025-07-26,37,3.183,A
1900011234567,2025-07-26,38,3.317,A
1900011234567,2025-07-26,39,3.303,A
1900011234567,2025-07-26,40,3.163,A
1900011234567,2025-07-26,41,3.363,A
1900011234567,2025-07-26,42,3.269,A
1900011234567,2025-07-26,43,3.317,A
1900011234567,2025-07-26,44,3.149,A
1900011234567,2025-07-26,45,3.122,A
1900011234567,2025-07-26,46,3.355,A
1900011234567,2025-07-26,47,3.19,A
1900011234567,2025-07-26,48,3.272,A
1900011234567,2025-07-27,1,3.074,A
1900011234567,2025-07-27,2,3.367,A
1900011234567,2025-07-27,3,3.337,A
1900011234567,2025-07-27,4,3.319,A
1900011234567,2025-07-27,5,3.348,A
1900011234567,2025-07-27,6,3.374,A
1900011234567,2025-07-27,7,3.127,A
1900011234567,2025-07-27,8,3.393,A
1900011234567,2025-07-27,9,3.114,A
1900011234567,2025-07-27,10,3.405,A
1900011234567,2025-07-27,11,3.28,A
1900011234567,2025-07-27,12,3.328,A
1900011234567,2025-07-27,13,3.24,A
1900011234567,2025-07-27,14,3.327,A
1900011234567,2025-07-27,15,3.238,A
1900011234567,2025-07-27,16,3.137,A
1900011234567,2025-07-27,17,6.782,A
1900011234567,2025-07-27,18,6.786,A
1900011234567,2025-07-27,19,6.583,A
1900011234567,2025-07-27,20,7.006,A
1900011234567,2025-07-27,21,7.0,A
1900011234567,2025-07-27,22,7.053,A
1900011234567,2025-07-27,23,7.265,A
1900011234567,2025-07-27,24,6.754,A
1900011234567,2025-07-27,25,6.69,A
1900011234567,2025-07-27,26,6.945,A
1900011234567,2025-07-27,27,6.718,A
1900011234567,2025-07-27,28,7.194,A
1900011234567,2025-07-27,29,6.951,A
1900011234567,2025-07-27,30,7.336,A
1900011234567,2025-07-27,31,7.195,A
1900011234567,2025-07-27,32,6.755,A
1900011234567,2025-07-27,33,3.382,A
1900011234567,2025-07-27,34,3.188,A
1900011234567,2025-07-27,35,3.064,A
1900011234567,2025-07-27,36,3.055,A
1900011234567,2025-07-27,37,3.152,A
1900011234567,2025-07-27,38,3.279,A
1900011234567,2025-07-27,39,3.29,A
1900011234567,2025-07-27,40,3.204,A
1900011234567,2025-07-27,41,3.129,A
1900011234567,2025-07-27,42,3.204,A
1900011234567,2025-07-27,43,3.073,A
1900011234567,2025-07-27,44,3.408,A
1900011234567,2025-07-27,45,3.335,A
1900011234567,2025-07-27,46,3.2,A
1900011234567,2025-07-27,47,3.121,A
1900011234567,2025-07-27,48,3.424,A
1900011234567,2025-07-28,1,3.334,A
1900011234567,2025-07-28,2,3.281,A
1900011234567,2025-07-28,3,3.413,A
1900011234567,2025-07-28,4,3.107,A
1900011234567,2025-07-28,5,3.271,A
1900011234567,2025-07-28,6,3.352,A
1900011234567,2025-07-28,7,3.206,A
1900011234567,2025-07-28,8,3.289,A
1900011234567,2025-07-28,9,3.081,A
1900011234567,2025-07-28,10,3.354,A
1900011234567,2025-07-28,11,3.22,A
1900011234567,2025-07-28,12,3.207,A
1900011234567,2025-07-28,13,3.326,A
1900011234567,2025-07-28,14,8.508,A
1900011234567,2025-07-28,15,14.395,A
1900011234567,2025-07-28,16,19.532,A
1900011234567,2025-07-28,17,20.809,A
1900011234567,2025-07-28,18,19.282,A
1900011234567,2025-07-28,19,21.111,A
1900011234567,2025-07-28,20,19.367,A
1900011234567,2025-07-28,21,20.744,A
1900011234567,2025-07-28,22,21.158,A
1900011234567,2025-07-28,23,19.044,A
1900011234567,2025-07-28,24,20.609,A
1900011234567,2025-07-28,25,18.866,A
1900011234567,2025-07-28,26,20.116,A
1900011234567,2025-07-28,27,19.346,A
1900011234567,2025-07-28,28,20.677,A
1900011234567,2025-07-28,29,20.163,A
1900011234567,2025-07-28,30,19.116,A
1900011234567,2025-07-28,31,20.918,A
1900011234567,2025-07-28,32,20.586,A
1900011234567,2025-07-28,33,20.465,A
1900011234567,2025-07-28,34,19.208,A
1900011234567,2025-07-28,35,19.298,A
1900011234567,2025-07-28,36,19.971,A
1900011234567,2025-07-28,37,19.438,A
1900011234567,2025-07-28,38,19.372,A
1900011234567,2025-07-28,39,19.406,A
1900011234567,2025-07-28,40,20.884,A
1900011234567,2025-07-28,41,19.389,A
1900011234567,2025-07-28,42,19.572,A
1900011234567,2025-07-28,43,15.041,A
1900011234567,2025-07-28,44,8.743,A
1900011234567,2025-07-28,45,3.207,A
1900011234567,2025-07-28,46,3.159,A
1900011234567,2025-07-28,47,3.22,A
1900011234567,2025-07-28,48,3.229,A
1900011234567,2025-07-29,1,3.111,A
1900011234567,2025-07-29,2,3.379,A
1900011234567,2025-07-29,3,3.114,A
1900011234567,2025-07-29,4,3.119,A
1900011234567,2025-07-29,5,3.085,A
1900011234567,2025-07-29,6,3.344,A
1900011234567,2025-07-29,7,3.376,A
1900011234567,2025-07-29,8,3.168,A
1900011234567,2025-07-29,9,3.3,A
1900011234567,2025-07-29,10,3.18,A
1900011234567,2025-07-29,11,3.246,A
1900011234567,2025-07-29,12,3.379,A
1900011234567,2025-07-29,13,3.097,A
1900011234567,2025-07-29,14,9.292,A
1900011234567,2025-07-29,15,13.983,A
1900011234567,2025-07-29,16,19.12,A
1900011234567,2025-07-29,17,20.208,A
1900011234567,2025-07-29,18,20.503,A
1900011234567,2025-07-29,19,19.867,A
1900011234567,2025-07-29,20,20.772,A
1900011234567,2025-07-29,21,20.259,A
1900011234567,2025-07-29,22,19.826,A
1900011234567,2025-07-29,23,20.479,A
1900011234567,2025-07-29,24,19.193,A
1900011234567,2025-07-29,25,19.874,A
1900011234567,2025-07-29,26,20.202,A
1900011234567,2025-07-29,27,20.933,A
1900011234567,2025-07-29,28,19.047,A
1900011234567,2025-07-29,29,19.987,A
1900011234567,2025-07-29,30,19.811,A
1900011234567,2025-07-29,31,20.804,A
1900011234567,2025-07-29,32,19.46,A
1900011234567,2025-07-29,33,21.004,A
1900011234567,2025-07-29,34,20.83,A
1900011234567,2025-07-29,35,20.891,A
1900011234567,2025-07-29,36,20.24,A
1900011234567,2025-07-29,37,21.17,A
1900011234567,2025-07-29,38,19.782,A
1900011234567,2025-07-29,39,20.249,A
1900011234567,2025-07-29,40,19.225,A
1900011234567,2025-07-29,41,20.606,A
1900011234567,2025-07-29,42,19.175,A
1900011234567,2025-07-29,43,14.839,A
1900011234567,2025-07-29,44,8.97,A
1900011234567,2025-07-29,45,3.42,A
1900011234567,2025-07-29,46,3.257,A
1900011234567,2025-07-29,47,3.418,A
1900011234567,2025-07-29,48,3.275,A
1900011234567,2025-07-30,1,3.409,A
1900011234567,2025-07-30,2,3.314,A
1900011234567,2025-07-30,3,3.102,A
1900011234567,2025-07-30,4,3.397,A
1900011234567,2025-07-30,5,3.257,A
1900011234567,2025-07-30,6,3.309,A
1900011234567,2025-07-30,7,3.441,A
1900011234567,2025-07-30,8,3.135,A
1900011234567,2025-07-30,9,3.377,A
1900011234567,2025-07-30,10,3.272,A
1900011234567,2025-07-30,11,3.23,A
1900011234567,2025-07-30,12,3.298,A
1900011234567,2025-07-30,13,3.132,A
1900011234567,2025-07-30,14,8.775,A
1900011234567,2025-07-30,15,13.553,A
1900011234567,2025-07-30,16,20.725,A
1900011234567,2025-07-30,17,19.85,A
1900011234567,2025-07-30,18,20.727,A
1900011234567,2025-07-30,19,19.412,A
1900011234567,2025-07-30,20,20.903,A
1900011234567,2025-07-30,21,21.036,A
1900011234567,2025-07-30,22,20.017,A
1900011234567,2025-07-30,23,20.422,A
1900011234567,2025-07-30,24,20.118,A
1900011234567,2025-07-30,25,20.301,A
1900011234567,2025-07-30,26,19.618,A
1900011234567,2025-07-30,27,20.851,A
1900011234567,2025-07-30,28,20.123,A
1900011234567,2025-07-30,29,20.003,A
1900011234567,2025-07-30,30,20.163,A
1900011234567,2025-07-30,31,19.564,A
1900011234567,2025-07-30,32,19.93,A
1900011234567,2025-07-30,33,20.936,A
1900011234567,2025-07-30,34,20.989,A
1900011234567,2025-07-30,35,20.255,A
1900011234567,2025-07-30,36,20.679,A
1900011234567,2025-07-30,37,19.348,A
1900011234567,2025-07-30,38,20.938,A
1900011234567,2025-07-30,39,19.855,A
1900011234567,2025-07-30,40,20.936,A
1900011234567,2025-07-30,41,20.528,A
1900011234567,2025-07-30,42,19.043,A
1900011234567,2025-07-30,43,13.58,A
1900011234567,2025-07-30,44,8.772,A
1900011234567,2025-07-30,45,3.264,A
1900011234567,2025-07-30,46,3.401,A
1900011234567,2025-07-30,47,3.32,A
1900011234567,2025-07-30,48,3.274,A
1900011234567,2025-07-31,1,3.139,A
1900011234567,2025-07-31,2,3.437,A
1900011234567,2025-07-31,3,3.262,A
1900011234567,2025-07-31,4,3.291,A
1900011234567,2025-07-31,5,3.284,A
1900011234567,2025-07-31,6,3.242,A
1900011234567,2025-07-31,7,3.209,A
1900011234567,2025-07-31,8,3.339,A
1900011234567,2025-07-31,9,3.106,A
1900011234567,2025-07-31,10,3.315,A
1900011234567,2025-07-31,11,3.214,A
1900011234567,2025-07-31,12,3.345,A
1900011234567,2025-07-31,13,3.313,A
1900011234567,2025-07-31,14,8.981,A
1900011234567,2025-07-31,15,14.699,A
1900011234567,2025-07-31,16,18.854,A
1900011234567,2025-07-31,17,20.175,A
1900011234567,2025-07-31,18,20.211,A
1900011234567,2025-07-31,19,19.822,A
1900011234567,2025-07-31,20,19.932,A
1900011234567,2025-07-31,21,19.468,A
1900011234567,2025-07-31,22,20.771,A
1900011234567,2025-07-31,23,20.565,A
1900011234567,2025-07-31,24,19.95,A
1900011234567,2025-07-31,25,20.633,A
1900011234567,2025-07-31,26,18.966,A
1900011234567,2025-07-31,27,20.922,A
1900011234567,2025-07-31,28,20.771,A
1900011234567,2025-07-31,29,21.038,A
1900011234567,2025-07-31,30,18.899,A
1900011234567,2025-07-31,31,20.41,A
1900011234567,2025-07-31,32,19.619,A
1900011234567,2025-07-31,33,20.448,A
1900011234567,2025-07-31,34,20.858,A
1900011234567,2025-07-31,35,19.251,A
1900011234567,2025-07-31,36,21.143,A
1900011234567,2025-07-31,37,19.229,A
1900011234567,2025-07-31,38,19.13,A
1900011234567,2025-07-31,39,19.99,A
1900011234567,2025-07-31,40,20.398,A
1900011234567,2025-07-31,41,19.213,A
1900011234567,2025-07-31,42,20.787,A
1900011234567,2025-07-31,43,15.078,A
1900011234567,2025-07-31,44,8.994,A
1900011234567,2025-07-31,45,3.102,A
1900011234567,2025-07-31,46,3.231,A
1900011234567,2025-07-31,47,3.343,A
1900011234567,2025-07-31,48,3.351,A
1900011234567,2025-08-01,1,3.185,A
1900011234567,2025-08-01,2,3.347,A
1900011234567,2025-08-01,3,3.176,A
1900011234567,2025-08-01,4,3.317,A
1900011234567,2025-08-01,5,3.07,A
1900011234567,2025-08-01,6,3.398,A
1900011234567,2025-08-01,7,3.066,A
1900011234567,2025-08-01,8,3.171,A
1900011234567,2025-08-01,9,3.122,A
1900011234567,2025-08-01,10,3.06,A
1900011234567,2025-08-01,11,3.161,A
1900011234567,2025-08-01,12,3.169,E
1900011234567,2025-08-01,13,3.209,A
1900011234567,2025-08-01,14,9.032,A
1900011234567,2025-08-01,15,13.866,A
1900011234567,2025-08-01,16,20.833,A
1900011234567,2025-08-01,17,19.336,A
1900011234567,2025-08-01,18,19.341,A
1900011234567,2025-08-01,19,20.814,A
1900011234567,2025-08-01,20,19.321,A
1900011234567,2025-08-01,21,19.746,A
1900011234567,2025-08-01,22,19.963,A
1900011234567,2025-08-01,23,19.827,A
1900011234567,2025-08-01,24,18.819,E
1900011234567,2025-08-01,25,18.915,A
1900011234567,2025-08-01,26,20.839,A
1900011234567,2025-08-01,27,20.677,A
1900011234567,2025-08-01,28,19.732,A
1900011234567,2025-08-01,29,21.001,A
1900011234567,2025-08-01,30,19.745,A
1900011234567,2025-08-01,31,20.079,A
1900011234567,2025-08-01,32,19.47,A
1900011234567,2025-08-01,33,19.105,A
1900011234567,2025-08-01,34,20.209,A
1900011234567,2025-08-01,35,20.797,A
1900011234567,2025-08-01,36,19.703,E
1900011234567,2025-08-01,37,19.214,A
1900011234567,2025-08-01,38,19.352,A
1900011234567,2025-08-01,39,19.594,A
1900011234567,2025-08-01,40,19.177,A
1900011234567,2025-08-01,41,19.429,A
1900011234567,2025-08-01,42,20.376,A
1900011234567,2025-08-01,43,14.003,A
1900011234567,2025-08-01,44,9.312,A
1900011234567,2025-08-01,45,3.27,A
1900011234567,2025-08-01,46,3.059,A
1900011234567,2025-08-01,47,3.169,A
1900011234567,2025-08-01,48,3.214,E
1900011234567,2025-08-02,1,3.154,A
1900011234567,2025-08-02,2,3.307,A
1900011234567,2025-08-02,3,3.312,A
1900011234567,2025-08-02,4,3.152,A
1900011234567,2025-08-02,5,3.419,A
1900011234567,2025-08-02,6,3.304,A
1900011234567,2025-08-02,7,3.412,A
1900011234567,2025-08-02,8,3.141,A
1900011234567,2025-08-02,9,3.071,A
1900011234567,2025-08-02,10,3.328,A
1900011234567,2025-08-02,11,3.394,A
1900011234567,2025-08-02,12,3.317,E
1900011234567,2025-08-02,13,3.156,A
1900011234567,2025-08-02,14,3.308,A
1900011234567,2025-08-02,15,3.306,A
1900011234567,2025-08-02,16,3.109,A
1900011234567,2025-08-02,17,6.591,A
1900011234567,2025-08-02,18,7.334,A
1900011234567,2025-08-02,19,7.2,A
1900011234567,2025-08-02,20,6.626,A
1900011234567,2025-08-02,21,6.668,A
1900011234567,2025-08-02,22,7.265,A
1900011234567,2025-08-02,23,6.614,A
1900011234567,2025-08-02,24,6.969,E
1900011234567,2025-08-02,25,7.082,A
1900011234567,2025-08-02,26,7.135,A
1900011234567,2025-08-02,27,6.612,A
1900011234567,2025-08-02,28,6.67,A
1900011234567,2025-08-02,29,7.295,A
1900011234567,2025-08-02,30,7.032,A
1900011234567,2025-08-02,31,6.853,A
1900011234567,2025-08-02,32,6.585,A
1900011234567,2025-08-02,33,3.333,A
1900011234567,2025-08-02,34,3.346,A
1900011234567,2025-08-02,35,3.357,A
1900011234567,2025-08-02,36,3.336,E
1900011234567,2025-08-02,37,3.156,A
1900011234567,2025-08-02,38,3.305,A
1900011234567,2025-08-02,39,3.389,A
1900011234567,2025-08-02,40,3.073,A
1900011234567,2025-08-02,41,3.097,A
1900011234567,2025-08-02,42,3.159,A
1900011234567,2025-08-02,43,3.338,A
1900011234567,2025-08-02,44,3.249,A
1900011234567,2025-08-02,45,3.21,A
1900011234567,2025-08-02,46,3.325,A
1900011234567,2025-08-02,47,3.296,A
1900011234567,2025-08-02,48,3.299,E
1900011234567,2025-08-03,1,3.11,A
1900011234567,2025-08-03,2,3.352,A
1900011234567,2025-08-03,3,3.375,A
1900011234567,2025-08-03,4,3.214,A
1900011234567,2025-08-03,5,3.275,A
1900011234567,2025-08-03,6,3.169,A
1900011234567,2025-08-03,7,3.264,A
1900011234567,2025-08-03,8,3.342,A
1900011234567,2025-08-03,9,3.314,A
1900011234567,2025-08-03,10,3.142,A
1900011234567,2025-08-03,11,3.355,A
1900011234567,2025-08-03,12,3.316,E
1900011234567,2025-08-03,13,3.242,A
1900011234567,2025-08-03,14,3.178,A
1900011234567,2025-08-03,15,3.189,A
1900011234567,2025-08-03,16,3.273,A
1900011234567,2025-08-03,17,6.982,A
1900011234567,2025-08-03,18,6.946,A
1900011234567,2025-08-03,19,6.804,A
1900011234567,2025-08-03,20,6.724,A
1900011234567,2025-08-03,21,7.237,A
1900011234567,2025-08-03,22,6.552,A
1900011234567,2025-08-03,23,7.076,A
1900011234567,2025-08-03,24,7.186,E
1900011234567,2025-08-03,25,7.071,A
1900011234567,2025-08-03,26,6.758,A
1900011234567,2025-08-03,27,6.612,A
1900011234567,2025-08-03,28,7.203,A
1900011234567,2025-08-03,29,7.117,A
1900011234567,2025-08-03,30,7.022,A
1900011234567,2025-08-03,31,6.624,A
1900011234567,2025-08-03,32,7.215,A
1900011234567,2025-08-03,33,3.096,A
1900011234567,2025-08-03,34,3.125,A
1900011234567,2025-08-03,35,3.395,A
1900011234567,2025-08-03,36,3.3,E
1900011234567,2025-08-03,37,3.317,A
1900011234567,2025-08-03,38,3.299,A
1900011234567,2025-08-03,39,3.21,A
1900011234567,2025-08-03,40,3.07,A
1900011234567,2025-08-03,41,3.258,A
1900011234567,2025-08-03,42,3.312,A
1900011234567,2025-08-03,43,3.265,A
1900011234567,2025-08-03,44,3.224,A
1900011234567,2025-08-03,45,3.377,A
1900011234567,2025-08-03,46,3.199,A
1900011234567,2025-08-03,47,3.161,A
1900011234567,2025-08-03,48,3.203,E
1900011234567,2025-08-04,1,3.325,A
1900011234567,2025-08-04,2,3.311,A
1900011234567,2025-08-04,3,3.413,A
1900011234567,2025-08-04,4,3.123,A
1900011234567,2025-08-04,5,3.196,A
1900011234567,2025-08-04,6,3.335,A
1900011234567,2025-08-04,7,3.185,A
1900011234567,2025-08-04,8,3.171,A
1900011234567,2025-08-04,9,3.141,A
1900011234567,2025-08-04,10,3.342,A
1900011234567,2025-08-04,11,3.137,A
1900011234567,2025-08-04,12,3.275,E
1900011234567,2025-08-04,13,3.335,A
1900011234567,2025-08-04,14,8.332,A
1900011234567,2025-08-04,15,14.759,A
1900011234567,2025-08-04,16,19.062,A
1900011234567,2025-08-04,17,19.398,A
1900011234567,2025-08-04,18,20.787,A
1900011234567,2025-08-04,19,20.127,A
1900011234567,2025-08-04,20,20.912,A
1900011234567,2025-08-04,21,19.356,A
1900011234567,2025-08-04,22,20.854,A
1900011234567,2025-08-04,23,19.384,A
1900011234567,2025-08-04,24,20.816,E
1900011234567,2025-08-04,25,20.063,A
1900011234567,2025-08-04,26,19.034,A
1900011234567,2025-08-04,27,21.09,A
1900011234567,2025-08-04,28,18.959,A
1900011234567,2025-08-04,29,20.208,A
1900011234567,2025-08-04,30,19.924,A
1900011234567,2025-08-04,31,20.59,A
1900011234567,2025-08-04,32,19.335,A
1900011234567,2025-08-04,33,20.179,A
1900011234567,2025-08-04,34,19.755,A
1900011234567,2025-08-04,35,19.367,A
1900011234567,2025-08-04,36,19.395,E
1900011234567,2025-08-04,37,20.776,A
1900011234567,2025-08-04,38,20.637,A
1900011234567,2025-08-04,39,21.101,A
1900011234567,2025-08-04,40,20.411,A
1900011234567,2025-08-04,41,21.059,A
1900011234567,2025-08-04,42,20.617,A
1900011234567,2025-08-04,43,14.878,A
1900011234567,2025-08-04,44,8.849,A
1900011234567,2025-08-04,45,3.42,A
1900011234567,2025-08-04,46,3.338,A
1900011234567,2025-08-04,47,3.34,A
1900011234567,2025-08-04,48,3.064,E
1900011234567,2025-08-05,1,3.191,A
1900011234567,2025-08-05,2,3.107,A
1900011234567,2025-08-05,3,3.263,A
1900011234567,2025-08-05,4,3.103,A
1900011234567,2025-08-05,5,3.21,A
1900011234567,2025-08-05,6,3.146,A
1900011234567,2025-08-05,7,3.169,A
1900011234567,2025-08-05,8,3.255,A
1900011234567,2025-08-05,9,3.254,A
1900011234567,2025-08-05,10,3.344,A
1900011234567,2025-08-05,11,3.056,A
1900011234567,2025-08-05,12,3.423,E
1900011234567,2025-08-05,13,3.351,A
1900011234567,2025-08-05,14,9.038,A
1900011234567,2025-08-05,15,14.24,A
1900011234567,2025-08-05,16,18.997,A
1900011234567,2025-08-05,17,20.232,A
1900011234567,2025-08-05,18,19.526,A
1900011234567,2025-08-05,19,20.841,A
1900011234567,2025-08-05,20,19.311,A
1900011234567,2025-08-05,21,20.415,A
1900011234567,2025-08-05,22,19.826,A
1900011234567,2025-08-05,23,20.884,A
1900011234567,2025-08-05,24,20.063,E
1900011234567,2025-08-05,25,20.458,A
1900011234567,2025-08-05,26,20.712,A
1900011234567,2025-08-05,27,19.683,A
1900011234567,2025-08-05,28,20.289,A
1900011234567,2025-08-05,29,19.362,A
1900011234567,2025-08-05,30,19.188,A
1900011234567,2025-08-05,31,20.92,A
1900011234567,2025-08-05,32,20.201,A
1900011234567,2025-08-05,33,21.116,A
1900011234567,2025-08-05,34,19.433,A
1900011234567,2025-08-05,35,19.435,A
1900011234567,2025-08-05,36,19.592,E
1900011234567,2025-08-05,37,20.38,A
1900011234567,2025-08-05,38,19.201,A
1900011234567,2025-08-05,39,20.26,A
1900011234567,2025-08-05,40,19.303,A
1900011234567,2025-08-05,41,19.062,A
1900011234567,2025-08-05,42,20.137,A
1900011234567,2025-08-05,43,13.894,A
1900011234567,2025-08-05,44,9.351,A
1900011234567,2025-08-05,45,3.297,A
1900011234567,2025-08-05,46,3.401,A
1900011234567,2025-08-05,47,3.295,A
1900011234567,2025-08-05,48,3.347,E
1900011234567,2025-08-06,1,3.133,A
1900011234567,2025-08-06,2,3.238,A
1900011234567,2025-08-06,3,3.245,A
1900011234567,2025-08-06,4,3.159,A
1900011234567,2025-08-06,5,3.37,A
1900011234567,2025-08-06,6,3.109,A
1900011234567,2025-08-06,7,3.208,A
1900011234567,2025-08-06,8,3.077,A
1900011234567,2025-08-06,9,3.219,A
1900011234567,2025-08-06,10,3.262,A
1900011234567,2025-08-06,11,3.188,A
1900011234567,2025-08-06,12,3.414,E
1900011234567,2025-08-06,13,3.255,A
1900011234567,2025-08-06,14,8.91,A
1900011234567,2025-08-06,15,14.168,A
1900011234567,2025-08-06,16,19.156,A
1900011234567,2025-08-06,17,18.822,A
1900011234567,2025-08-06,18,21.156,A
1900011234567,2025-08-06,19,20.319,A
1900011234567,2025-08-06,20,21.197,A
1900011234567,2025-08-06,21,20.072,A
1900011234567,2025-08-06,22,20.596,A
1900011234567,2025-08-06,23,20.094,A
1900011234567,2025-08-06,24,18.882,E
1900011234567,2025-08-06,25,20.237,A
1900011234567,2025-08-06,26,20.316,A
1900011234567,2025-08-06,27,20.031,A
1900011234567,2025-08-06,28,19.267,A
1900011234567,2025-08-06,29,19.118,A
1900011234567,2025-08-06,30,20.553,A
1900011234567,2025-08-06,31,20.292,A
1900011234567,2025-08-06,32,20.602,A
1900011234567,2025-08-06,33,20.862,A
1900011234567,2025-08-06,34,20.516,A
1900011234567,2025-08-06,35,19.58,A
1900011234567,2025-08-06,36,19.848,E
1900011234567,2025-08-06,37,21.038,A
1900011234567,2025-08-06,38,20.982,A
1900011234567,2025-08-06,39,19.834,A
1900011234567,2025-08-06,40,20.719,A
1900011234567,2025-08-06,41,18.98,A
1900011234567,2025-08-06,42,19.657,A
1900011234567,2025-08-06,43,13.874,A
1900011234567,2025-08-06,44,8.493,A
1900011234567,2025-08-06,45,3.291,A
1900011234567,2025-08-06,46,3.433,A
1900011234567,2025-08-06,47,3.354,A
1900011234567,2025-08-06,48,3.311,E
1900011234567,2025-08-07,1,3.369,A
1900011234567,2025-08-07,2,3.142,A
1900011234567,2025-08-07,3,3.262,A
1900011234567,2025-08-07,4,3.438,A
1900011234567,2025-08-07,5,3.282,A
1900011234567,2025-08-07,6,3.298,A
1900011234567,2025-08-07,7,3.393,A
1900011234567,2025-08-07,8,3.347,A
1900011234567,2025-08-07,9,3.285,A
1900011234567,2025-08-07,10,3.09,A
1900011234567,2025-08-07,11,3.111,A
1900011234567,2025-08-07,12,3.352,E
1900011234567,2025-08-07,13,3.248,A
1900011234567,2025-08-07,14,8.782,A
1900011234567,2025-08-07,15,15.119,A
1900011234567,2025-08-07,16,18.986,A
1900011234567,2025-08-07,17,19.309,A
1900011234567,2025-08-07,18,20.037,A
1900011234567,2025-08-07,19,20.113,A
1900011234567,2025-08-07,20,19.263,A
1900011234567,2025-08-07,21,18.82,A
1900011234567,2025-08-07,22,18.956,A
1900011234567,2025-08-07,23,20.349,A
1900011234567,2025-08-07,24,19.939,E
1900011234567,2025-08-07,25,19.012,A
1900011234567,2025-08-07,26,20.394,A
1900011234567,2025-08-07,27,19.25,A
1900011234567,2025-08-07,28,20.065,A
1900011234567,2025-08-07,29,18.916,A
1900011234567,2025-08-07,30,19.691,A
1900011234567,2025-08-07,31,19.554,A
1900011234567,2025-08-07,32,19.995,A
1900011234567,2025-08-07,33,19.279,A
1900011234567,2025-08-07,34,20.092,A
1900011234567,2025-08-07,35,19.522,A
1900011234567,2025-08-07,36,18.938,E
1900011234567,2025-08-07,37,20.351,A
1900011234567,2025-08-07,38,19.453,A
1900011234567,2025-08-07,39,19.466,A
1900011234567,2025-08-07,40,19.856,A
1900011234567,2025-08-07,41,19.877,A
1900011234567,2025-08-07,42,19.936,A
1900011234567,2025-08-07,43,15.083,A
1900011234567,2025-08-07,44,8.656,A
1900011234567,2025-08-07,45,3.08,A
1900011234567,2025-08-07,46,3.157,A
1900011234567,2025-08-07,47,3.378,A
1900011234567,2025-08-07,48,3.119,E
1900011234567,2025-08-08,1,3.419,A
1900011234567,2025-08-08,2,3.179,A
1900011234567,2025-08-08,3,3.363,A
1900011234567,2025-08-08,4,3.429,A
1900011234567,2025-08-08,5,3.215,A
1900011234567,2025-08-08,6,3.173,A
1900011234567,2025-08-08,7,3.094,A
1900011234567,2025-08-08,8,3.254,A
1900011234567,2025-08-08,9,3.172,A
1900011234567,2025-08-08,10,3.152,A
1900011234567,2025-08-08,11,3.185,A
1900011234567,2025-08-08,12,3.173,E
1900011234567,2025-08-08,13,3.14,A
1900011234567,2025-08-08,14,8.424,A
1900011234567,2025-08-08,15,14.971,A
1900011234567,2025-08-08,16,19.549,A
1900011234567,2025-08-08,17,19.257,A
1900011234567,2025-08-08,18,20.922,A
1900011234567,2025-08-08,19,18.904,A
1900011234567,2025-08-08,20,20.51,A
1900011234567,2025-08-08,21,21.191,A
1900011234567,2025-08-08,22,20.733,A
1900011234567,2025-08-08,23,20.247,A
1900011234567,2025-08-08,24,20.277,E
1900011234567,2025-08-08,25,19.627,A
1900011234567,2025-08-08,26,19.671,A
1900011234567,2025-08-08,27,20.295,A
1900011234567,2025-08-08,28,19.839,A
1900011234567,2025-08-08,29,20.646,A
1900011234567,2025-08-08,30,20.718,A
1900011234567,2025-08-08,31,19.2,A
1900011234567,2025-08-08,32,19.388,A
1900011234567,2025-08-08,33,20.852,A
1900011234567,2025-08-08,34,18.848,A
1900011234567,2025-08-08,35,21.052,A
1900011234567,2025-08-08,36,19.528,E
1900011234567,2025-08-08,37,18.956,A
1900011234567,2025-08-08,38,19.259,A
1900011234567,2025-08-08,39,19.897,A
1900011234567,2025-08-08,40,20.211,A
1900011234567,2025-08-08,41,19.195,A
1900011234567,2025-08-08,42,20.778,A
1900011234567,2025-08-08,43,13.663,A
1900011234567,2025-08-08,44,8.304,A
1900011234567,2025-08-08,45,3.082,A
1900011234567,2025-08-08,46,3.119,A
1900011234567,2025-08-08,47,3.379,A
1900011234567,2025-08-08,48,3.213,E
1900011234567,2025-08-09,1,3.253,A
1900011234567,2025-08-09,2,3.251,A
1900011234567,2025-08-09,3,3.369,A
1900011234567,2025-08-09,4,3.389,A
1900011234567,2025-08-09,5,3.155,A
1900011234567,2025-08-09,6,3.064,A
1900011234567,2025-08-09,7,3.402,A
1900011234567,2025-08-09,8,3.081,A
1900011234567,2025-08-09,9,3.385,A
1900011234567,2025-08-09,10,3.248,A
1900011234567,2025-08-09,11,3.186,A
1900011234567,2025-08-09,12,3.197,E
1900011234567,2025-08-09,13,3.213,A
1900011234567,2025-08-09,14,3.206,A
1900011234567,2025-08-09,15,3.065,A
1900011234567,2025-08-09,16,3.1,A
1900011234567,2025-08-09,17,7.34,A
1900011234567,2025-08-09,18,6.958,A
1900011234567,2025-08-09,19,6.7,A
1900011234567,2025-08-09,20,6.833,A
1900011234567,2025-08-09,21,7.347,A
1900011234567,2025-08-09,22,7.241,A
1900011234567,2025-08-09,23,7.212,A
1900011234567,2025-08-09,24,7.213,E
1900011234567,2025-08-09,25,6.99,A
1900011234567,2025-08-09,26,6.57,A
1900011234567,2025-08-09,27,7.235,A
1900011234567,2025-08-09,28,6.795,A
1900011234567,2025-08-09,29,7.259,A
1900011234567,2025-08-09,30,7.248,A
1900011234567,2025-08-09,31,6.852,A
1900011234567,2025-08-09,32,7.244,A
1900011234567,2025-08-09,33,3.421,A
1900011234567,2025-08-09,34,3.183,A
1900011234567,2025-08-09,35,3.312,A
1900011234567,2025-08-09,36,3.159,E
1900011234567,2025-08-09,37,3.192,A
1900011234567,2025-08-09,38,3.366,A
1900011234567,2025-08-09,39,3.443,A
1900011234567,2025-08-09,40,3.36,A
1900011234567,2025-08-09,41,3.173,A
1900011234567,2025-08-09,42,3.219,A
1900011234567,2025-08-09,43,3.243,A
1900011234567,2025-08-09,44,3.157,A
1900011234567,2025-08-09,45,3.149,A
1900011234567,2025-08-09,46,3.098,A
1900011234567,2025-08-09,47,3.429,A
1900011234567,2025-08-09,48,3.189,E
1900011234567,2025-08-10,1,3.079,A
1900011234567,2025-08-10,2,3.312,A
1900011234567,2025-08-10,3,3.318,A
1900011234567,2025-08-10,4,3.284,A
1900011234567,2025-08-10,5,3.123,A
1900011234567,2025-08-10,6,3.161,A
1900011234567,2025-08-10,7,3.246,A
1900011234567,2025-08-10,8,3.065,A
1900011234567,2025-08-10,9,3.097,A
1900011234567,2025-08-10,10,3.123,A
1900011234567,2025-08-10,11,3.41,A
1900011234567,2025-08-10,12,3.199,E
1900011234567,2025-08-10,13,3.113,A
1900011234567,2025-08-10,14,3.312,A
1900011234567,2025-08-10,15,3.288,A
1900011234567,2025-08-10,16,3.151,A
1900011234567,2025-08-10,17,6.992,A
1900011234567,2025-08-10,18,6.939,A
1900011234567,2025-08-10,19,6.935,A
1900011234567,2025-08-10,20,7.021,A
1900011234567,2025-08-10,21,7.013,A
1900011234567,2025-08-10,22,6.718,A
1900011234567,2025-08-10,23,6.614,A
1900011234567,2025-08-10,24,6.662,E
1900011234567,2025-08-10,25,6.87,A
1900011234567,2025-08-10,26,6.693,A
1900011234567,2025-08-10,27,7.225,A
1900011234567,2025-08-10,28,6.979,A
1900011234567,2025-08-10,29,7.094,A
1900011234567,2025-08-10,30,7.313,A
1900011234567,2025-08-10,31,6.624,A
1900011234567,2025-08-10,32,6.601,A
1900011234567,2025-08-10,33,3.099,A
1900011234567,2025-08-10,34,3.44,A
1900011234567,2025-08-10,35,3.255,A
1900011234567,2025-08-10,36,3.394,E
1900011234567,2025-08-10,37,3.092,A
1900011234567,2025-08-10,38,3.088,A
1900011234567,2025-08-10,39,3.083,A
1900011234567,2025-08-10,40,3.15,A
1900011234567,2025-08-10,41,3.2,A
1900011234567,2025-08-10,42,3.339,A
1900011234567,2025-08-10,43,3.351,A
1900011234567,2025-08-10,44,3.213,A
1900011234567,2025-08-10,45,3.36,A
1900011234567,2025-08-10,46,3.425,A
1900011234567,2025-08-10,47,3.398,A
1900011234567,2025-08-10,48,3.346,E
1900011234567,2025-08-11,1,3.254,A
1900011234567,2025-08-11,2,3.268,A
1900011234567,2025-08-11,3,3.432,A
1900011234567,2025-08-11,4,3.078,A
1900011234567,2025-08-11,5,3.288,A
1900011234567,2025-08-11,6,3.269,A
1900011234567,2025-08-11,7,3.356,A
1900011234567,2025-08-11,8,3.062,A
1900011234567,2025-08-11,9,3.371,A
1900011234567,2025-08-11,10,3.238,A
1900011234567,2025-08-11,11,3.225,A
1900011234567,2025-08-11,12,3.237,E
1900011234567,2025-08-11,13,3.218,A
1900011234567,2025-08-11,14,8.678,A
1900011234567,2025-08-11,15,14.007,A
1900011234567,2025-08-11,16,20.351,A
1900011234567,2025-08-11,17,20.526,A
1900011234567,2025-08-11,18,20.673,A
1900011234567,2025-08-11,19,20.617,A
1900011234567,2025-08-11,20,21.053,A
1900011234567,2025-08-11,21,19.097,A
1900011234567,2025-08-11,22,20.821,A
1900011234567,2025-08-11,23,20.972,A
1900011234567,2025-08-11,24,19.684,E
1900011234567,2025-08-11,25,19.252,A
1900011234567,2025-08-11,26,19.898,A
1900011234567,2025-08-11,27,19.875,A
1900011234567,2025-08-11,28,21.084,A
1900011234567,2025-08-11,29,19.073,A
1900011234567,2025-08-11,30,21.148,A
1900011234567,2025-08-11,31,20.52,A
1900011234567,2025-08-11,32,19.707,A
1900011234567,2025-08-11,33,21.028,A
1900011234567,2025-08-11,34,19.305,A
1900011234567,2025-08-11,35,19.277,A
1900011234567,2025-08-11,36,19.814,E
1900011234567,2025-08-11,37,20.169,A
1900011234567,2025-08-11,38,20.269,A
1900011234567,2025-08-11,39,19.589,A
1900011234567,2025-08-11,40,19.487,A
1900011234567,2025-08-11,41,19.992,A
1900011234567,2025-08-11,42,19.593,A
1900011234567,2025-08-11,43,14.225,A
1900011234567,2025-08-11,44,9.119,A
1900011234567,2025-08-11,45,3.14,A
1900011234567,2025-08-11,46,3.167,A
1900011234567,2025-08-11,47,3.424,A
1900011234567,2025-08-11,48,3.149,E
1900011234567,2025-08-12,1,3.113,A
1900011234567,2025-08-12,2,3.312,A
1900011234567,2025-08-12,3,3.169,A
1900011234567,2025-08-12,4,3.063,A
1900011234567,2025-08-12,5,3.185,A
1900011234567,2025-08-12,6,3.232,A
1900011234567,2025-08-12,7,3.151,A
1900011234567,2025-08-12,8,3.229,A
1900011234567,2025-08-12,9,3.347,A
1900011234567,2025-08-12,10,3.06,A
1900011234567,2025-08-12,11,3.216,A
1900011234567,2025-08-12,12,3.263,E
1900011234567,2025-08-12,13,3.25,A
1900011234567,2025-08-12,14,9.336,A
1900011234567,2025-08-12,15,13.976,A
1900011234567,2025-08-12,16,18.851,A
1900011234567,2025-08-12,17,20.496,A
1900011234567,2025-08-12,18,19.119,A
1900011234567,2025-08-12,19,20.178,A
1900011234567,2025-08-12,20,19.304,A
1900011234567,2025-08-12,21,20.044,A
1900011234567,2025-08-12,22,21.089,A
1900011234567,2025-08-12,23,19.36,A
1900011234567,2025-08-12,24,18.948,E
1900011234567,2025-08-12,25,18.83,A
1900011234567,2025-08-12,26,20.336,A
1900011234567,2025-08-12,27,19.199,A
1900011234567,2025-08-12,28,20.73,A
1900011234567,2025-08-12,29,20.914,A
1900011234567,2025-08-12,30,19.167,A
1900011234567,2025-08-12,31,20.593,A
1900011234567,2025-08-12,32,20.82,A
1900011234567,2025-08-12,33,19.754,A
1900011234567,2025-08-12,34,19.033,A
1900011234567,2025-08-12,35,19.688,A
1900011234567,2025-08-12,36,19.466,E
1900011234567,2025-08-12,37,21.148,A
1900011234567,2025-08-12,38,20.005,A
1900011234567,2025-08-12,39,20.451,A
1900011234567,2025-08-12,40,21.188,A
1900011234567,2025-08-12,41,19.824,A
1900011234567,2025-08-12,42,20.096,A
1900011234567,2025-08-12,43,14.487,A
1900011234567,2025-08-12,44,8.741,A
1900011234567,2025-08-12,45,3.171,A
1900011234567,2025-08-12,46,3.358,A
1900011234567,2025-08-12,47,3.171,A
1900011234567,2025-08-12,48,3.087,E
1900011234567,2025-08-13,1,3.177,A
1900011234567,2025-08-13,2,3.135,A
1900011234567,2025-08-13,3,3.413,A
1900011234567,2025-08-13,4,3.192,A
1900011234567,2025-08-13,5,3.365,A
1900011234567,2025-08-13,6,3.164,A
1900011234567,2025-08-13,7,3.416,A
1900011234567,2025-08-13,8,3.093,A
1900011234567,2025-08-13,9,3.29,A
1900011234567,2025-08-13,10,3.175,A
1900011234567,2025-08-13,11,3.123,A
1900011234567,2025-08-13,12,3.2,E
1900011234567,2025-08-13,13,3.345,A
1900011234567,2025-08-13,14,8.305,A
1900011234567,2025-08-13,15,15.246,A
1900011234567,2025-08-13,16,19.042,A
1900011234567,2025-08-13,17,19.254,A
1900011234567,2025-08-13,18,20.098,A
1900011234567,2025-08-13,19,19.46,A
1900011234567,2025-08-13,20,19.296,A
1900011234567,2025-08-13,21,18.86,A
1900011234567,2025-08-13,22,20.73,A
1900011234567,2025-08-13,23,20.444,A
1900011234567,2025-08-13,24,19.143,E
1900011234567,2025-08-13,25,19.888,A
1900011234567,2025-08-13,26,19.308,A
1900011234567,2025-08-13,27,19.775,A
1900011234567,2025-08-13,28,18.879,A
1900011234567,2025-08-13,29,19.502,A
1900011234567,2025-08-13,30,20.938,A
1900011234567,2025-08-13,31,19.932,A
1900011234567,2025-08-13,32,20.551,A
1900011234567,2025-08-13,33,20.687,A
1900011234567,2025-08-13,34,18.822,A
1900011234567,2025-08-13,35,19.557,A
1900011234567,2025-08-13,36,20.2,E
1900011234567,2025-08-13,37,20.481,A
1900011234567,2025-08-13,38,20.955,A
1900011234567,2025-08-13,39,19.249,A
1900011234567,2025-08-13,40,19.459,A
1900011234567,2025-08-13,41,19.28,A
1900011234567,2025-08-13,42,20.922,A
1900011234567,2025-08-13,43,13.577,A
1900011234567,2025-08-13,44,8.762,A
1900011234567,2025-08-13,45,3.156,A
1900011234567,2025-08-13,46,3.222,A
1900011234567,2025-08-13,47,3.104,A
1900011234567,2025-08-13,48,3.418,E
1900011234567,2025-08-14,1,3.331,A
1900011234567,2025-08-14,2,3.098,A
1900011234567,2025-08-14,3,3.319,A
1900011234567,2025-08-14,4,3.16,A
1900011234567,2025-08-14,5,3.129,A
1900011234567,2025-08-14,6,3.185,A
1900011234567,2025-08-14,7,3.306,A
1900011234567,2025-08-14,8,3.146,A
1900011234567,2025-08-14,9,3.432,A
1900011234567,2025-08-14,10,3.09,A
1900011234567,2025-08-14,11,3.083,A
1900011234567,2025-08-14,12,3.165,E
1900011234567,2025-08-14,13,3.228,A
1900011234567,2025-08-14,14,8.908,A
1900011234567,2025-08-14,15,15.05,A
1900011234567,2025-08-14,16,20.456,A
1900011234567,2025-08-14,17,20.538,A
1900011234567,2025-08-14,18,20.206,A
1900011234567,2025-08-14,19,21.096,A
1900011234567,2025-08-14,20,20.5,A
1900011234567,2025-08-14,21,20.205,A
1900011234567,2025-08-14,22,18.967,A
1900011234567,2025-08-14,23,20.624,A
1900011234567,2025-08-14,24,20.032,E
1900011234567,2025-08-14,25,19.802,A
1900011234567,2025-08-14,26,19.491,A
1900011234567,2025-08-14,27,20.61,A
1900011234567,2025-08-14,28,19.108,A
1900011234567,2025-08-14,29,21.079,A
1900011234567,2025-08-14,30,19.614,A
1900011234567,2025-08-14,31,20.897,A
1900011234567,2025-08-14,32,20.353,A
1900011234567,2025-08-14,33,19.36,A
1900011234567,2025-08-14,34,19.586,A
1900011234567,2025-08-14,35,19.115,A
1900011234567,2025-08-14,36,20.927,E
1900011234567,2025-08-14,37,20.446,A
1900011234567,2025-08-14,38,19.616,A
1900011234567,2025-08-14,39,20.451,A
1900011234567,2025-08-14,40,19.15,A
1900011234567,2025-08-14,41,19.182,A
1900011234567,2025-08-14,42,20.646,A
1900011234567,2025-08-14,43,14.845,A
1900011234567,2025-08-14,44,9.013,A
1900011234567,2025-08-14,45,3.222,A
1900011234567,2025-08-14,46,3.334,A
1900011234567,2025-08-14,47,3.158,A
1900011234567,2025-08-14,48,3.403,E
1900011234567,2025-08-15,1,3.059,A
1900011234567,2025-08-15,2,3.135,A
1900011234567,2025-08-15,3,3.355,A
1900011234567,2025-08-15,4,3.162,A
1900011234567,2025-08-15,5,3.292,A
1900011234567,2025-08-15,6,3.144,A
1900011234567,2025-08-15,7,3.164,A
1900011234567,2025-08-15,8,3.167,A
1900011234567,2025-08-15,9,3.363,A
1900011234567,2025-08-15,10,3.238,A
1900011234567,2025-08-15,11,3.232,A
1900011234567,2025-08-15,12,3.284,E
1900011234567,2025-08-15,13,3.141,A
1900011234567,2025-08-15,14,8.769,A
1900011234567,2025-08-15,15,14.448,A
1900011234567,2025-08-15,16,21.049,A
1900011234567,2025-08-15,17,19.928,A
1900011234567,2025-08-15,18,20.416,A
1900011234567,2025-08-15,19,20.025,A
1900011234567,2025-08-15,20,20.752,A
1900011234567,2025-08-15,21,21.006,A
1900011234567,2025-08-15,22,19.702,A
1900011234567,2025-08-15,23,20.782,A
1900011234567,2025-08-15,24,20.173,E
1900011234567,2025-08-15,25,19.484,A
1900011234567,2025-08-15,26,20.146,A
1900011234567,2025-08-15,27,20.704,A
1900011234567,2025-08-15,28,19.008,A
1900011234567,2025-08-15,29,21.147,A
1900011234567,2025-08-15,30,19.166,A
1900011234567,2025-08-15,31,20.59,A
1900011234567,2025-08-15,32,20.168,A
1900011234567,2025-08-15,33,21.071,A
1900011234567,2025-08-15,34,21.144,A
1900011234567,2025-08-15,35,19.835,A
1900011234567,2025-08-15,36,20.668,E
1900011234567,2025-08-15,37,19.084,A
1900011234567,2025-08-15,38,21.085,A
1900011234567,2025-08-15,39,20.416,A
1900011234567,2025-08-15,40,21.136,A
1900011234567,2025-08-15,41,19.372,A
1900011234567,2025-08-15,42,18.94,A
1900011234567,2025-08-15,43,14.791,A
1900011234567,2025-08-15,44,8.495,A
1900011234567,2025-08-15,45,3.133,A
1900011234567,2025-08-15,46,3.084,A
1900011234567,2025-08-15,47,3.25,A
1900011234567,2025-08-15,48,3.076,E
1900011234567,2025-08-16,1,3.406,A
1900011234567,2025-08-16,2,3.117,A
1900011234567,2025-08-16,3,3.243,A
1900011234567,2025-08-16,4,3.3,A
1900011234567,2025-08-16,5,3.091,A
1900011234567,2025-08-16,6,3.059,A
1900011234567,2025-08-16,7,3.238,A
1900011234567,2025-08-16,8,3.059,A
1900011234567,2025-08-16,9,3.351,A
1900011234567,2025-08-16,10,3.406,A
1900011234567,2025-08-16,11,3.438,A
1900011234567,2025-08-16,12,3.107,E
1900011234567,2025-08-16,13,3.307,A
1900011234567,2025-08-16,14,3.255,A
1900011234567,2025-08-16,15,3.204,A
1900011234567,2025-08-16,16,3.209,A
1900011234567,2025-08-16,17,6.59,A
1900011234567,2025-08-16,18,7.194,A
1900011234567,2025-08-16,19,7.235,A
1900011234567,2025-08-16,20,7.205,A
1900011234567,2025-08-16,21,7.172,A
1900011234567,2025-08-16,22,6.675,A
1900011234567,2025-08-16,23,6.671,A
1900011234567,2025-08-16,24,7.067,E
1900011234567,2025-08-16,25,7.137,A
1900011234567,2025-08-16,26,6.528,A
1900011234567,2025-08-16,27,6.698,A
1900011234567,2025-08-16,28,6.855,A
1900011234567,2025-08-16,29,6.955,A
1900011234567,2025-08-16,30,7.321,A
1900011234567,2025-08-16,31,7.345,A
1900011234567,2025-08-16,32,6.701,A
1900011234567,2025-08-16,33,3.339,A
1900011234567,2025-08-16,34,3.376,A
1900011234567,2025-08-16,35,3.343,A
1900011234567,2025-08-16,36,3.201,E
1900011234567,2025-08-16,37,3.139,A
1900011234567,2025-08-16,38,3.122,A
1900011234567,2025-08-16,39,3.136,A
1900011234567,2025-08-16,40,3.151,A
1900011234567,2025-08-16,41,3.201,A
1900011234567,2025-08-16,42,3.375,A
1900011234567,2025-08-16,43,3.428,A
1900011234567,2025-08-16,44,3.366,A
1900011234567,2025-08-16,45,3.196,A
1900011234567,2025-08-16,46,3.438,A
1900011234567,2025-08-16,47,3.181,A
1900011234567,2025-08-16,48,3.328,E
1900011234567,2025-08-17,1,3.245,A
1900011234567,2025-08-17,2,3.122,A
1900011234567,2025-08-17,3,3.203,A
1900011234567,2025-08-17,4,3.12,A
1900011234567,2025-08-17,5,3.401,A
1900011234567,2025-08-17,6,3.204,A
1900011234567,2025-08-17,7,3.092,A
1900011234567,2025-08-17,8,3.225,A
1900011234567,2025-08-17,9,3.289,A
1900011234567,2025-08-17,10,3.078,A
1900011234567,2025-08-17,11,3.141,A
1900011234567,2025-08-17,12,3.177,E
1900011234567,2025-08-17,13,3.152,A
1900011234567,2025-08-17,14,3.318,A
1900011234567,2025-08-17,15,3.213,A
1900011234567,2025-08-17,16,3.318,A
1900011234567,2025-08-17,17,7.01,A
1900011234567,2025-08-17,18,7.308,A
1900011234567,2025-08-17,19,6.647,A
1900011234567,2025-08-17,20,6.746,A
1900011234567,2025-08-17,21,6.567,A
1900011234567,2025-08-17,22,7.315,A
1900011234567,2025-08-17,23,6.764,A
1900011234567,2025-08-17,24,7.234,E
1900011234567,2025-08-17,25,6.805,A
1900011234567,2025-08-17,26,6.9,A
1900011234567,2025-08-17,27,7.037,A
1900011234567,2025-08-17,28,6.981,A
1900011234567,2025-08-17,29,7.133,A
1900011234567,2025-08-17,30,6.592,A
1900011234567,2025-08-17,31,7.286,A
1900011234567,2025-08-17,32,7.186,A
1900011234567,2025-08-17,33,3.056,A
1900011234567,2025-08-17,34,3.076,A
1900011234567,2025-08-17,35,3.32,A
1900011234567,2025-08-17,36,3.265,E
1900011234567,2025-08-17,37,3.306,A
1900011234567,2025-08-17,38,3.214,A
1900011234567,2025-08-17,39,3.181,A
1900011234567,2025-08-17,40,3.195,A
1900011234567,2025-08-17,41,3.143,A
1900011234567,2025-08-17,42,3.158,A
1900011234567,2025-08-17,43,3.223,A
1900011234567,2025-08-17,44,3.437,A
1900011234567,2025-08-17,45,3.199,A
1900011234567,2025-08-17,46,3.433,A
1900011234567,2025-08-17,47,3.306,A
1900011234567,2025-08-17,48,3.204,E
1900011234567,2025-08-18,1,3.404,A
1900011234567,2025-08-18,2,3.243,A
1900011234567,2025-08-18,3,3.3,A
1900011234567,2025-08-18,4,3.445,A
1900011234567,2025-08-18,5,3.268,A
1900011234567,2025-08-18,6,3.214,A
1900011234567,2025-08-18,7,3.275,A
1900011234567,2025-08-18,8,3.122,A
1900011234567,2025-08-18,9,3.222,A
1900011234567,2025-08-18,10,3.282,A
1900011234567,2025-08-18,11,3.282,A
1900011234567,2025-08-18,12,3.321,E
1900011234567,2025-08-18,13,3.148,A
1900011234567,2025-08-18,14,8.74,A
1900011234567,2025-08-18,15,14.33,A
1900011234567,2025-08-18,16,19.43,A
1900011234567,2025-08-18,17,19.052,A
1900011234567,2025-08-18,18,21.086,A
1900011234567,2025-08-18,19,20.465,A
1900011234567,2025-08-18,20,19.789,A
1900011234567,2025-08-18,21,20.38,A
1900011234567,2025-08-18,22,19.166,A
1900011234567,2025-08-18,23,20.268,A
1900011234567,2025-08-18,24,19.613,E
1900011234567,2025-08-18,25,19.721,A
1900011234567,2025-08-18,26,19.367,A
1900011234567,2025-08-18,27,20.391,A
1900011234567,2025-08-18,28,21.196,A
1900011234567,2025-08-18,29,19.433,A
1900011234567,2025-08-18,30,20.307,A
1900011234567,2025-08-18,31,20.273,A
1900011234567,2025-08-18,32,19.466,A
1900011234567,2025-08-18,33,20.69,A
1900011234567,2025-08-18,34,20.037,A
1900011234567,2025-08-18,35,20.367,A
1900011234567,2025-08-18,36,19.912,E
1900011234567,2025-08-18,37,20.525,A
1900011234567,2025-08-18,38,19.985,A
1900011234567,2025-08-18,39,19.342,A
1900011234567,2025-08-18,40,21.005,A
1900011234567,2025-08-18,41,21.193,A
1900011234567,2025-08-18,42,20.506,A
1900011234567,2025-08-18,43,14.607,A
1900011234567,2025-08-18,44,9.065,A
1900011234567,2025-08-18,45,3.309,A
1900011234567,2025-08-18,46,3.225,A
1900011234567,2025-08-18,47,3.1,A
1900011234567,2025-08-18,48,3.385,E
1900011234567,2025-08-19,1,3.174,A
1900011234567,2025-08-19,2,3.115,A
1900011234567,2025-08-19,3,3.366,A
1900011234567,2025-08-19,4,3.352,A
1900011234567,2025-08-19,5,3.277,A
1900011234567,2025-08-19,6,3.076,A
1900011234567,2025-08-19,7,3.357,A
1900011234567,2025-08-19,8,3.332,A
1900011234567,2025-08-19,9,3.065,A
1900011234567,2025-08-19,10,3.107,A
1900011234567,2025-08-19,11,3.39,A
1900011234567,2025-08-19,12,3.341,E
1900011234567,2025-08-19,13,3.119,A
1900011234567,2025-08-19,14,8.809,A
1900011234567,2025-08-19,15,13.628,A
1900011234567,2025-08-19,16,20.78,A
1900011234567,2025-08-19,17,20.893,A
1900011234567,2025-08-19,18,20.403,A
1900011234567,2025-08-19,19,19.51,A
1900011234567,2025-08-19,20,19.043,A
1900011234567,2025-08-19,21,19.699,A
1900011234567,2025-08-19,22,19.986,A
1900011234567,2025-08-19,23,19.289,A
1900011234567,2025-08-19,24,21.059,E
1900011234567,2025-08-19,25,19.735,A
1900011234567,2025-08-19,26,19.656,A
1900011234567,2025-08-19,27,20.141,A
1900011234567,2025-08-19,28,21.026,A
1900011234567,2025-08-19,29,19.842,A
1900011234567,2025-08-19,30,18.988,A
1900011234567,2025-08-19,31,18.827,A
1900011234567,2025-08-19,32,19.474,A
1900011234567,2025-08-19,33,19.826,A
1900011234567,2025-08-19,34,20.123,A
1900011234567,2025-08-19,35,19.788,A
1900011234567,2025-08-19,36,20.415,E
1900011234567,2025-08-19,37,18.925,A
1900011234567,2025-08-19,38,20.914,A
1900011234567,2025-08-19,39,20.82,A
1900011234567,2025-08-19,40,21.143,A
1900011234567,2025-08-19,41,21.199,A
1900011234567,2025-08-19,42,20.717,A
1900011234567,2025-08-19,43,14.573,A
1900011234567,2025-08-19,44,8.643,A
1900011234567,2025-08-19,45,3.077,A
1900011234567,2025-08-19,46,3.397,A
1900011234567,2025-08-19,47,3.117,A
1900011234567,2025-08-19,48,3.285,E
1900011234567,2025-08-20,1,3.174,A
1900011234567,2025-08-20,2,3.296,A
1900011234567,2025-08-20,3,3.318,A
1900011234567,2025-08-20,4,3.167,A
1900011234567,2025-08-20,5,3.226,A
1900011234567,2025-08-20,6,3.185,A
1900011234567,2025-08-20,7,3.084,A
1900011234567,2025-08-20,8,3.353,A
1900011234567,2025-08-20,9,3.1,A
1900011234567,2025-08-20,10,3.234,A
1900011234567,2025-08-20,11,3.354,A
1900011234567,2025-08-20,12,3.254,E
1900011234567,2025-08-20,13,3.066,A
1900011234567,2025-08-20,14,8.8,A
1900011234567,2025-08-20,15,14.006,A
1900011234567,2025-08-20,16,20.433,A
1900011234567,2025-08-20,17,20.896,A
1900011234567,2025-08-20,18,21.02,A
1900011234567,2025-08-20,19,19.925,A
1900011234567,2025-08-20,20,20.838,A
1900011234567,2025-08-20,21,19.261,A
1900011234567,2025-08-20,22,21.096,A
1900011234567,2025-08-20,23,21.099,A
1900011234567,2025-08-20,24,20.692,E
1900011234567,2025-08-20,25,19.755,A
1900011234567,2025-08-20,26,19.995,A
1900011234567,2025-08-20,27,20.888,A
1900011234567,2025-08-20,28,20.938,A
1900011234567,2025-08-20,29,20.599,A
1900011234567,2025-08-20,30,20.018,A
1900011234567,2025-08-20,31,19.976,A
1900011234567,2025-08-20,32,19.639,A
1900011234567,2025-08-20,33,19.015,A
1900011234567,2025-08-20,34,20.315,A
1900011234567,2025-08-20,35,21.08,A
1900011234567,2025-08-20,36,20.337,E
1900011234567,2025-08-20,37,19.759,A
1900011234567,2025-08-20,38,20.911,A
1900011234567,2025-08-20,39,19.576,A
1900011234567,2025-08-20,40,19.653,A
1900011234567,2025-08-20,41,20.604,A
1900011234567,2025-08-20,42,19.039,A
1900011234567,2025-08-20,43,14.639,A
1900011234567,2025-08-20,44,8.389,A
1900011234567,2025-08-20,45,3.069,A
1900011234567,2025-08-20,46,3.37,A
1900011234567,2025-08-20,47,3.271,A
1900011234567,2025-08-20,48,3.154,E
1900011234567,2025-08-21,1,3.43,A
1900011234567,2025-08-21,2,3.152,A
1900011234567,2025-08-21,3,3.441,A
1900011234567,2025-08-21,4,3.286,A
1900011234567,2025-08-21,5,3.099,A
1900011234567,2025-08-21,6,3.23,A
1900011234567,2025-08-21,7,3.089,A
1900011234567,2025-08-21,8,3.227,A
1900011234567,2025-08-21,9,3.332,A
1900011234567,2025-08-21,10,3.269,A
1900011234567,2025-08-21,11,3.221,A
1900011234567,2025-08-21,12,3.379,E
1900011234567,2025-08-21,13,3.137,A
1900011234567,2025-08-21,14,8.746,A
1900011234567,2025-08-21,15,13.676,A
1900011234567,2025-08-21,16,19.482,A
1900011234567,2025-08-21,17,20.021,A
1900011234567,2025-08-21,18,20.655,A
1900011234567,2025-08-21,19,20.106,A
1900011234567,2025-08-21,20,21.012,A
1900011234567,2025-08-21,21,20.617,A
1900011234567,2025-08-21,22,21.128,A
1900011234567,2025-08-21,23,20.033,A
1900011234567,2025-08-21,24,20.561,E
1900011234567,2025-08-21,25,19.333,A
1900011234567,2025-08-21,26,19.385,A
1900011234567,2025-08-21,27,20.403,A
1900011234567,2025-08-21,28,19.706,A
1900011234567,2025-08-21,29,18.87,A
1900011234567,2025-08-21,30,19.883,A
1900011234567,2025-08-21,31,18.837,A
1900011234567,2025-08-21,32,19.047,A
1900011234567,2025-08-21,33,19.034,A
1900011234567,2025-08-21,34,19.359,A
1900011234567,2025-08-21,35,19.863,A
1900011234567,2025-08-21,36,19.917,E
1900011234567,2025-08-21,37,20.298,A
1900011234567,2025-08-21,38,20.931,A
1900011234567,2025-08-21,39,19.569,A
1900011234567,2025-08-21,40,20.506,A
1900011234567,2025-08-21,41,20.183,A
1900011234567,2025-08-21,42,20.256,A
1900011234567,2025-08-21,43,15.177,A
1900011234567,2025-08-21,44,8.605,A
1900011234567,2025-08-21,45,3.279,A
1900011234567,2025-08-21,46,3.427,A
1900011234567,2025-08-21,47,3.354,A
1900011234567,2025-08-21,48,3.081,E
1900011234567,2025-08-22,1,3.192,A
1900011234567,2025-08-22,2,3.369,A
1900011234567,2025-08-22,3,3.354,A
1900011234567,2025-08-22,4,3.1,A
1900011234567,2025-08-22,5,3.336,A
1900011234567,2025-08-22,6,3.441,A
1900011234567,2025-08-22,7,3.26,A
1900011234567,2025-08-22,8,3.41,A
1900011234567,2025-08-22,9,3.092,A
1900011234567,2025-08-22,10,3.165,A
1900011234567,2025-08-22,11,3.153,A
1900011234567,2025-08-22,12,3.197,E
1900011234567,2025-08-22,13,3.427,A
1900011234567,2025-08-22,14,9.176,A
1900011234567,2025-08-22,15,14.754,A
1900011234567,2025-08-22,16,18.813,A
1900011234567,2025-08-22,17,19.216,A
1900011234567,2025-08-22,18,19.192,A
1900011234567,2025-08-22,19,19.89,A
1900011234567,2025-08-22,20,21.033,A
1900011234567,2025-08-22,21,21.118,A
1900011234567,2025-08-22,22,19.437,A
1900011234567,2025-08-22,23,20.896,A
1900011234567,2025-08-22,24,20.087,E
1900011234567,2025-08-22,25,20.507,A
1900011234567,2025-08-22,26,21.081,A
1900011234567,2025-08-22,27,20.607,A
1900011234567,2025-08-22,28,20.811,A
1900011234567,2025-08-22,29,20.379,A
1900011234567,2025-08-22,30,19.186,A
1900011234567,2025-08-22,31,19.459,A
1900011234567,2025-08-22,32,19.08,A
1900011234567,2025-08-22,33,19.75,A
1900011234567,2025-08-22,34,20.689,A
1900011234567,2025-08-22,35,20.7,A
1900011234567,2025-08-22,36,19.064,E
1900011234567,2025-08-22,37,19.08,A
1900011234567,2025-08-22,38,18.944,A
1900011234567,2025-08-22,39,20.254,A
1900011234567,2025-08-22,40,19.918,A
1900011234567,2025-08-22,41,19.358,A
1900011234567,2025-08-22,42,20.593,A
1900011234567,2025-08-22,43,15.218,A
1900011234567,2025-08-22,44,9.084,A
1900011234567,2025-08-22,45,3.07,A
1900011234567,2025-08-22,46,3.347,A
1900011234567,2025-08-22,47,3.393,A
1900011234567,2025-08-22,48,3.229,E
1900011234567,2025-08-23,1,3.078,A
1900011234567,2025-08-23,2,3.07,A
1900011234567,2025-08-23,3,3.302,A
1900011234567,2025-08-23,4,3.273,A
1900011234567,2025-08-23,5,3.078,A
1900011234567,2025-08-23,6,3.057,A
1900011234567,2025-08-23,7,3.112,A
1900011234567,2025-08-23,8,3.187,A
1900011234567,2025-08-23,9,3.207,A
1900011234567,2025-08-23,10,3.38,A
1900011234567,2025-08-23,11,3.171,A
1900011234567,2025-08-23,12,3.214,E
1900011234567,2025-08-23,13,3.409,A
1900011234567,2025-08-23,14,3.187,A
1900011234567,2025-08-23,15,3.355,A
1900011234567,2025-08-23,16,3.384,A
1900011234567,2025-08-23,17,7.026,A
1900011234567,2025-08-23,18,7.102,A
1900011234567,2025-08-23,19,7.058,A
1900011234567,2025-08-23,20,6.836,A
1900011234567,2025-08-23,21,7.261,A
1900011234567,2025-08-23,22,7.121,A
1900011234567,2025-08-23,23,6.553,A
1900011234567,2025-08-23,24,7.092,E
1900011234567,2025-08-23,25,7.328,A
1900011234567,2025-08-23,26,6.7,A
1900011234567,2025-08-23,27,6.588,A
1900011234567,2025-08-23,28,6.816,A
1900011234567,2025-08-23,29,6.775,A
1900011234567,2025-08-23,30,6.561,A
1900011234567,2025-08-23,31,7.134,A
1900011234567,2025-08-23,32,7.13,A
1900011234567,2025-08-23,33,3.162,A
1900011234567,2025-08-23,34,3.227,A
1900011234567,2025-08-23,35,3.196,A
1900011234567,2025-08-23,36,3.249,E
1900011234567,2025-08-23,37,3.296,A
1900011234567,2025-08-23,38,3.347,A
1900011234567,2025-08-23,39,3.184,A
1900011234567,2025-08-23,40,3.105,A
1900011234567,2025-08-23,41,3.412,A
1900011234567,2025-08-23,42,3.107,A
1900011234567,2025-08-23,43,3.175,A
1900011234567,2025-08-23,44,3.155,A
1900011234567,2025-08-23,45,3.076,A
1900011234567,2025-08-23,46,3.424,A
1900011234567,2025-08-23,47,3.377,A
1900011234567,2025-08-23,48,3.332,E
1900011234567,2025-08-24,1,3.441,A
1900011234567,2025-08-24,2,3.195,A
1900011234567,2025-08-24,3,3.13,A
1900011234567,2025-08-24,4,3.299,A
1900011234567,2025-08-24,5,3.28,A
1900011234567,2025-08-24,6,3.431,A
1900011234567,2025-08-24,7,3.066,A
1900011234567,2025-08-24,8,3.283,A
1900011234567,2025-08-24,9,3.375,A
1900011234567,2025-08-24,10,3.41,A
1900011234567,2025-08-24,11,3.249,A
1900011234567,2025-08-24,12,3.224,E
1900011234567,2025-08-24,13,3.444,A
1900011234567,2025-08-24,14,3.387,A
1900011234567,2025-08-24,15,3.062,A
1900011234567,2025-08-24,16,3.153,A
1900011234567,2025-08-24,17,7.01,A
1900011234567,2025-08-24,18,6.81,A
1900011234567,2025-08-24,19,7.345,A
1900011234567,2025-08-24,20,7.174,A
1900011234567,2025-08-24,21,7.019,A
1900011234567,2025-08-24,22,6.697,A
1900011234567,2025-08-24,23,7.297,A
1900011234567,2025-08-24,24,6.926,E
1900011234567,2025-08-24,25,6.989,A
1900011234567,2025-08-24,26,6.644,A
1900011234567,2025-08-24,27,7.018,A
1900011234567,2025-08-24,28,7.188,A
1900011234567,2025-08-24,29,7.224,A
1900011234567,2025-08-24,30,6.717,A
1900011234567,2025-08-24,31,6.771,A
1900011234567,2025-08-24,32,7.05,A
1900011234567,2025-08-24,33,3.419,A
1900011234567,2025-08-24,34,3.402,A
1900011234567,2025-08-24,35,3.126,A
1900011234567,2025-08-24,36,3.295,E
1900011234567,2025-08-24,37,3.284,A
1900011234567,2025-08-24,38,3.232,A
1900011234567,2025-08-24,39,3.319,A
1900011234567,2025-08-24,40,3.126,A
1900011234567,2025-08-24,41,3.235,A
1900011234567,2025-08-24,42,3.42,A
1900011234567,2025-08-24,43,3.141,A
1900011234567,2025-08-24,44,3.425,A
1900011234567,2025-08-24,45,3.091,A
1900011234567,2025-08-24,46,3.384,A
1900011234567,2025-08-24,47,3.437,A
1900011234567,2025-08-24,48,3.224,E
1900011234567,2025-08-25,1,3.08,A
1900011234567,2025-08-25,2,3.292,A
1900011234567,2025-08-25,3,3.307,A
1900011234567,2025-08-25,4,3.225,A
1900011234567,2025-08-25,5,3.293,A
1900011234567,2025-08-25,6,3.273,A
1900011234567,2025-08-25,7,3.384,A
1900011234567,2025-08-25,8,3.258,A
1900011234567,2025-08-25,9,3.119,A
1900011234567,2025-08-25,10,3.101,A
1900011234567,2025-08-25,11,3.106,A
1900011234567,2025-08-25,12,3.403,E
1900011234567,2025-08-25,13,3.122,A
1900011234567,2025-08-25,14,9.157,A
1900011234567,2025-08-25,15,13.751,A
1900011234567,2025-08-25,16,19.776,A
1900011234567,2025-08-25,17,19.324,A
1900011234567,2025-08-25,18,20.021,A
1900011234567,2025-08-25,19,19.998,A
1900011234567,2025-08-25,20,20.828,A
1900011234567,2025-08-25,21,21.072,A
1900011234567,2025-08-25,22,20.659,A
1900011234567,2025-08-25,23,20.308,A
1900011234567,2025-08-25,24,19.794,E
1900011234567,2025-08-25,25,19.008,A
1900011234567,2025-08-25,26,19.71,A
1900011234567,2025-08-25,27,20.124,A
1900011234567,2025-08-25,28,19.887,A
1900011234567,2025-08-25,29,19.286,A
1900011234567,2025-08-25,30,18.986,A
1900011234567,2025-08-25,31,19.444,A
1900011234567,2025-08-25,32,19.517,A
1900011234567,2025-08-25,33,19.687,A
1900011234567,2025-08-25,34,19.206,A
1900011234567,2025-08-25,35,20.761,A
1900011234567,2025-08-25,36,20.921,E
1900011234567,2025-08-25,37,19.387,A
1900011234567,2025-08-25,38,20.074,A
1900011234567,2025-08-25,39,20.306,A
1900011234567,2025-08-25,40,19.984,A
1900011234567,2025-08-25,41,20.759,A
1900011234567,2025-08-25,42,19.094,A
1900011234567,2025-08-25,43,14.603,A
1900011234567,2025-08-25,44,9.038,A
1900011234567,2025-08-25,45,3.298,A
1900011234567,2025-08-25,46,3.123,A
1900011234567,2025-08-25,47,3.169,A
1900011234567,2025-08-25,48,3.215,E
1900011234567,2025-08-26,1,3.196,A
1900011234567,2025-08-26,2,3.365,A
1900011234567,2025-08-26,3,3.28,A
1900011234567,2025-08-26,4,3.238,A
1900011234567,2025-08-26,5,3.221,A
1900011234567,2025-08-26,6,3.358,A
1900011234567,2025-08-26,7,3.072,A
1900011234567,2025-08-26,8,3.421,A
1900011234567,2025-08-26,9,3.128,A
1900011234567,2025-08-26,10,3.139,A
1900011234567,2025-08-26,11,3.402,A
1900011234567,2025-08-26,12,3.252,E
1900011234567,2025-08-26,13,3.217,A
1900011234567,2025-08-26,14,9.282,A
1900011234567,2025-08-26,15,13.919,A
1900011234567,2025-08-26,16,19.097,A
1900011234567,2025-08-26,17,19.247,A
1900011234567,2025-08-26,18,20.126,A
1900011234567,2025-08-26,19,19.336,A
1900011234567,2025-08-26,20,20.024,A
1900011234567,2025-08-26,21,19.993,A
1900011234567,2025-08-26,22,20.877,A
1900011234567,2025-08-26,23,19.003,A
1900011234567,2025-08-26,24,19.769,E
1900011234567,2025-08-26,25,21.072,A
1900011234567,2025-08-26,26,20.34,A
1900011234567,2025-08-26,27,20.887,A
1900011234567,2025-08-26,28,18.983,A
1900011234567,2025-08-26,29,20.335,A
1900011234567,2025-08-26,30,20.293,A
1900011234567,2025-08-26,31,18.814,A
1900011234567,2025-08-26,32,19.843,A
1900011234567,2025-08-26,33,19.143,A
1900011234567,2025-08-26,34,19.216,A
1900011234567,2025-08-26,35,21.035,A
1900011234567,2025-08-26,36,19.878,E
1900011234567,2025-08-26,37,20.441,A
1900011234567,2025-08-26,38,19.604,A
1900011234567,2025-08-26,39,20.719,A
1900011234567,2025-08-26,40,19.411,A
1900011234567,2025-08-26,41,20.169,A
1900011234567,2025-08-26,42,20.734,A
1900011234567,2025-08-26,43,15.03,A
1900011234567,2025-08-26,44,9.136,A
1900011234567,2025-08-26,45,3.08,A
1900011234567,2025-08-26,46,3.128,A
1900011234567,2025-08-26,47,3.197,A
1900011234567,2025-08-26,48,3.089,E
1900011234567,2025-08-27,1,3.303,A
1900011234567,2025-08-27,2,3.296,A
1900011234567,2025-08-27,3,3.407,A
1900011234567,2025-08-27,4,3.066,A
1900011234567,2025-08-27,5,3.132,A
1900011234567,2025-08-27,6,3.397,A
1900011234567,2025-08-27,7,3.127,A
1900011234567,2025-08-27,8,3.277,A
1900011234567,2025-08-27,9,3.267,A
1900011234567,2025-08-27,10,3.38,A
1900011234567,2025-08-27,11,3.378,A
1900011234567,2025-08-27,12,3.112,E
1900011234567,2025-08-27,13,3.128,A
1900011234567,2025-08-27,14,9.106,A
1900011234567,2025-08-27,15,14.359,A
1900011234567,2025-08-27,16,20.704,A
1900011234567,2025-08-27,17,19.751,A
1900011234567,2025-08-27,18,20.629,A
1900011234567,2025-08-27,19,20.804,A
1900011234567,2025-08-27,20,18.849,A
1900011234567,2025-08-27,21,19.336,A
1900011234567,2025-08-27,22,20.47,A
1900011234567,2025-08-27,23,20.401,A
1900011234567,2025-08-27,24,19.06,E
1900011234567,2025-08-27,25,20.525,A
1900011234567,2025-08-27,26,19.794,A
1900011234567,2025-08-27,27,20.467,A
1900011234567,2025-08-27,28,20.091,A
1900011234567,2025-08-27,29,20.562,A
1900011234567,2025-08-27,30,20.716,A
1900011234567,2025-08-27,31,19.252,A
1900011234567,2025-08-27,32,19.141,A
1900011234567,2025-08-27,33,21.153,A
1900011234567,2025-08-27,34,19.249,A
1900011234567,2025-08-27,35,20.82,A
1900011234567,2025-08-27,36,20.834,E
1900011234567,2025-08-27,37,19.037,A
1900011234567,2025-08-27,38,20.324,A
1900011234567,2025-08-27,39,19.128,A
1900011234567,2025-08-27,40,19.129,A
1900011234567,2025-08-27,41,18.929,A
1900011234567,2025-08-27,42,20.785,A
1900011234567,2025-08-27,43,14.195,A
1900011234567,2025-08-27,44,8.306,A
1900011234567,2025-08-27,45,3.072,A
1900011234567,2025-08-27,46,3.163,A
1900011234567,2025-08-27,47,3.092,A
1900011234567,2025-08-27,48,3.2,E
1900011234567,2025-08-28,1,3.215,A
1900011234567,2025-08-28,2,3.1,A
1900011234567,2025-08-28,3,3.373,A
1900011234567,2025-08-28,4,3.2,A
1900011234567,2025-08-28,5,3.262,A
1900011234567,2025-08-28,6,3.253,A
1900011234567,2025-08-28,7,3.382,A
1900011234567,2025-08-28,8,3.216,A
1900011234567,2025-08-28,9,3.408,A
1900011234567,2025-08-28,10,3.083,A
1900011234567,2025-08-28,11,3.089,A
1900011234567,2025-08-28,12,3.147,E
1900011234567,2025-08-28,13,3.123,A
1900011234567,2025-08-28,14,9.134,A
1900011234567,2025-08-28,15,14.737,A
1900011234567,2025-08-28,16,18.889,A
1900011234567,2025-08-28,17,18.952,A
1900011234567,2025-08-28,18,20.717,A
1900011234567,2025-08-28,19,19.315,A
1900011234567,2025-08-28,20,19.558,A
1900011234567,2025-08-28,21,19.047,A
1900011234567,2025-08-28,22,20.941,A
1900011234567,2025-08-28,23,20.475,A
1900011234567,2025-08-28,24,19.982,E
1900011234567,2025-08-28,25,19.812,A
1900011234567,2025-08-28,26,21.126,A
1900011234567,2025-08-28,27,21.191,A
1900011234567,2025-08-28,28,20.835,A
1900011234567,2025-08-28,29,21.016,A
1900011234567,2025-08-28,30,18.923,A
1900011234567,2025-08-28,31,18.86,A
1900011234567,2025-08-28,32,18.97,A
1900011234567,2025-08-28,33,19.448,A
1900011234567,2025-08-28,34,21.195,A
1900011234567,2025-08-28,35,19.919,A
1900011234567,2025-08-28,36,19.341,E
1900011234567,2025-08-28,37,20.115,A
1900011234567,2025-08-28,38,19.757,A
1900011234567,2025-08-28,39,20.209,A
1900011234567,2025-08-28,40,19.929,A
1900011234567,2025-08-28,41,18.812,A
1900011234567,2025-08-28,42,19.852,A
1900011234567,2025-08-28,43,14.047,A
1900011234567,2025-08-28,44,9.026,A
1900011234567,2025-08-28,45,3.346,A
1900011234567,2025-08-28,46,3.097,A
1900011234567,2025-08-28,47,3.383,A
1900011234567,2025-08-28,48,3.436,E
1900011234567,2025-08-29,1,3.434,A
1900011234567,2025-08-29,2,3.181,A
1900011234567,2025-08-29,3,3.214,A
1900011234567,2025-08-29,4,3.241,A
1900011234567,2025-08-29,5,3.414,A
1900011234567,2025-08-29,6,3.133,A
1900011234567,2025-08-29,7,3.217,A
1900011234567,2025-08-29,8,3.389,A
1900011234567,2025-08-29,9,3.381,A
1900011234567,2025-08-29,10,3.148,A
1900011234567,2025-08-29,11,3.378,A
1900011234567,2025-08-29,12,3.21,E
1900011234567,2025-08-29,13,3.432,A
1900011234567,2025-08-29,14,9.294,A
1900011234567,2025-08-29,15,14.7,A
1900011234567,2025-08-29,16,20.651,A
1900011234567,2025-08-29,17,19.644,A
1900011234567,2025-08-29,18,20.669,A
1900011234567,2025-08-29,19,20.394,A
1900011234567,2025-08-29,20,20.543,A
1900011234567,2025-08-29,21,19.419,A
1900011234567,2025-08-29,22,19.132,A
1900011234567,2025-08-29,23,19.223,A
1900011234567,2025-08-29,24,20.359,E
1900011234567,2025-08-29,25,20.422,A
1900011234567,2025-08-29,26,19.319,A
1900011234567,2025-08-29,27,20.186,A
1900011234567,2025-08-29,28,20.9,A
1900011234567,2025-08-29,29,20.992,A
1900011234567,2025-08-29,30,19.663,A
1900011234567,2025-08-29,31,20.236,A
1900011234567,2025-08-29,32,19.27,A
1900011234567,2025-08-29,33,19.932,A
1900011234567,2025-08-29,34,20.131,A
1900011234567,2025-08-29,35,20.412,A
1900011234567,2025-08-29,36,19.436,E
1900011234567,2025-08-29,37,19.554,A
1900011234567,2025-08-29,38,18.873,A
1900011234567,2025-08-29,39,19.098,A
1900011234567,2025-08-29,40,20.819,A
1900011234567,2025-08-29,41,21.024,A
1900011234567,2025-08-29,42,20.178,A
1900011234567,2025-08-29,43,14.689,A
1900011234567,2025-08-29,44,9.219,A
1900011234567,2025-08-29,45,3.121,A
1900011234567,2025-08-29,46,3.272,A
1900011234567,2025-08-29,47,3.417,A
1900011234567,2025-08-29,48,3.063,E
1900011234567,2025-08-30,1,3.216,A
1900011234567,2025-08-30,2,3.092,A
1900011234567,2025-08-30,3,3.272,A
1900011234567,2025-08-30,4,3.32,A
1900011234567,2025-08-30,5,3.395,A
1900011234567,2025-08-30,6,3.119,A
1900011234567,2025-08-30,7,3.262,A
1900011234567,2025-08-30,8,3.167,A
1900011234567,2025-08-30,9,3.427,A
1900011234567,2025-08-30,10,3.126,A
1900011234567,2025-08-30,11,3.175,A
1900011234567,2025-08-30,12,3.274,E
1900011234567,2025-08-30,13,3.413,A
1900011234567,2025-08-30,14,3.358,A
1900011234567,2025-08-30,15,3.141,A
1900011234567,2025-08-30,16,3.403,A
1900011234567,2025-08-30,17,7.26,A
1900011234567,2025-08-30,18,7.042,A
1900011234567,2025-08-30,19,6.651,A
1900011234567,2025-08-30,20,7.326,A
1900011234567,2025-08-30,21,7.14,A
1900011234567,2025-08-30,22,6.904,A
1900011234567,2025-08-30,23,6.909,A
1900011234567,2025-08-30,24,7.185,E
1900011234567,2025-08-30,25,7.259,A
1900011234567,2025-08-30,26,6.633,A
1900011234567,2025-08-30,27,6.837,A
1900011234567,2025-08-30,28,6.568,A
1900011234567,2025-08-30,29,6.702,A
1900011234567,2025-08-30,30,6.726,A
1900011234567,2025-08-30,31,6.536,A
1900011234567,2025-08-30,32,6.677,A
1900011234567,2025-08-30,33,3.284,A
1900011234567,2025-08-30,34,3.408,A
1900011234567,2025-08-30,35,3.252,A
1900011234567,2025-08-30,36,3.188,E
1900011234567,2025-08-30,37,3.333,A
1900011234567,2025-08-30,38,3.064,A
1900011234567,2025-08-30,39,3.17,A
1900011234567,2025-08-30,40,3.291,A
1900011234567,2025-08-30,41,3.23,A
1900011234567,2025-08-30,42,3.439,A
1900011234567,2025-08-30,43,3.253,A
1900011234567,2025-08-30,44,3.214,A
1900011234567,2025-08-30,45,3.379,A
1900011234567,2025-08-30,46,3.191,A
1900011234567,2025-08-30,47,3.159,A
1900011234567,2025-08-30,48,3.252,E
1900011234567,2025-08-31,1,3.115,A
1900011234567,2025-08-31,2,3.283,A
1900011234567,2025-08-31,3,3.081,A
1900011234567,2025-08-31,4,3.287,A
1900011234567,2025-08-31,5,3.251,A
1900011234567,2025-08-31,6,3.159,A
1900011234567,2025-08-31,7,3.321,A
1900011234567,2025-08-31,8,3.13,A
1900011234567,2025-08-31,9,3.439,A
1900011234567,2025-08-31,10,3.065,A
1900011234567,2025-08-31,11,3.347,A
1900011234567,2025-08-31,12,3.427,E
1900011234567,2025-08-31,13,3.151,A
1900011234567,2025-08-31,14,3.168,A
1900011234567,2025-08-31,15,3.323,A
1900011234567,2025-08-31,16,3.076,A
1900011234567,2025-08-31,17,6.703,A
1900011234567,2025-08-31,18,6.862,A
1900011234567,2025-08-31,19,6.867,A
1900011234567,2025-08-31,20,6.638,A
1900011234567,2025-08-31,21,6.938,A
1900011234567,2025-08-31,22,6.982,A
1900011234567,2025-08-31,23,7.117,A
1900011234567,2025-08-31,24,6.728,E
1900011234567,2025-08-31,25,7.152,A
1900011234567,2025-08-31,26,6.877,A
1900011234567,2025-08-31,27,6.903,A
1900011234567,2025-08-31,28,6.966,A
1900011234567,2025-08-31,29,6.54,A
1900011234567,2025-08-31,30,6.98,A
1900011234567,2025-08-31,31,7.227,A
1900011234567,2025-08-31,32,6.713,A
1900011234567,2025-08-31,33,3.094,A
1900011234567,2025-08-31,34,3.097,A
1900011234567,2025-08-31,35,3.354,A
1900011234567,2025-08-31,36,3.288,E
1900011234567,2025-08-31,37,3.417,A
1900011234567,2025-08-31,38,3.172,A
1900011234567,2025-08-31,39,3.422,A
1900011234567,2025-08-31,40,3.058,A
1900011234567,2025-08-31,41,3.405,A
1900011234567,2025-08-31,42,3.242,A
1900011234567,2025-08-31,43,3.119,A
1900011234567,2025-08-31,44,3.406,A
1900011234567,2025-08-31,45,3.376,A
1900011234567,2025-08-31,46,3.058,A
1900011234567,2025-08-31,47,3.246,A
1900011234567,2025-08-31,48,3.395,E
1900011234567,2025-09-01,1,3.082,A
1900011234567,2025-09-01,2,3.195,A
1900011234567,2025-09-01,3,3.203,A
1900011234567,2025-09-01,4,3.118,A
1900011234567,2025-09-01,5,3.303,A
1900011234567,2025-09-01,6,3.399,A
1900011234567,2025-09-01,7,3.069,A
1900011234567,2025-09-01,8,3.176,A
1900011234567,2025-09-01,9,3.41,A
1900011234567,2025-09-01,10,3.253,A
1900011234567,2025-09-01,11,3.351,A
1900011234567,2025-09-01,12,3.192,A
1900011234567,2025-09-01,13,3.074,A
1900011234567,2025-09-01,14,8.692,A
1900011234567,2025-09-01,15,14.06,A
1900011234567,2025-09-01,16,19.793,A
1900011234567,2025-09-01,17,19.681,A
1900011234567,2025-09-01,18,19.913,A
1900011234567,2025-09-01,19,20.498,A
1900011234567,2025-09-01,20,19.44,A
1900011234567,2025-09-01,21,19.149,A
1900011234567,2025-09-01,22,19.513,A
1900011234567,2025-09-01,23,19.525,A
1900011234567,2025-09-01,24,19.687,A
1900011234567,2025-09-01,25,19.386,A
1900011234567,2025-09-01,26,20.887,A
1900011234567,2025-09-01,27,20.969,A
1900011234567,2025-09-01,28,21.18,A
1900011234567,2025-09-01,29,19.984,A
1900011234567,2025-09-01,30,20.579,A
1900011234567,2025-09-01,31,18.836,A
1900011234567,2025-09-01,32,20.095,A
1900011234567,2025-09-01,33,20.069,A
1900011234567,2025-09-01,34,20.515,A
1900011234567,2025-09-01,35,20.952,A
1900011234567,2025-09-01,36,19.714,A
1900011234567,2025-09-01,37,20.736,A
1900011234567,2025-09-01,38,18.88,A
1900011234567,2025-09-01,39,20.374,A
1900011234567,2025-09-01,40,21.177,A
1900011234567,2025-09-01,41,20.177,A
1900011234567,2025-09-01,42,20.704,A
1900011234567,2025-09-01,43,14.851,A
1900011234567,2025-09-01,44,8.671,A
1900011234567,2025-09-01,45,3.223,A
1900011234567,2025-09-01,46,3.195,A
1900011234567,2025-09-01,47,3.19,A
1900011234567,2025-09-01,48,3.175,A
1900011234567,2025-09-02,1,3.147,A
1900011234567,2025-09-02,2,3.094,A
1900011234567,2025-09-02,3,3.178,A
1900011234567,2025-09-02,4,3.206,A
1900011234567,2025-09-02,5,3.239,A
1900011234567,2025-09-02,6,3.258,A
1900011234567,2025-09-02,7,3.309,A
1900011234567,2025-09-02,8,3.156,A
1900011234567,2025-09-02,9,3.161,A
1900011234567,2025-09-02,10,3.133,A
1900011234567,2025-09-02,11,3.13,A
1900011234567,2025-09-02,12,3.059,A
1900011234567,2025-09-02,13,3.273,A
1900011234567,2025-09-02,14,8.329,A
1900011234567,2025-09-02,15,14.106,A
1900011234567,2025-09-02,16,18.86,A
1900011234567,2025-09-02,17,20.612,A
1900011234567,2025-09-02,18,19.186,A
1900011234567,2025-09-02,19,19.39,A
1900011234567,2025-09-02,20,20.286,A
1900011234567,2025-09-02,21,20.569,A
1900011234567,2025-09-02,22,20.385,A
1900011234567,2025-09-02,23,19.441,A
1900011234567,2025-09-02,24,19.284,A
1900011234567,2025-09-02,25,20.482,A
1900011234567,2025-09-02,26,20.893,A
1900011234567,2025-09-02,27,20.922,A
1900011234567,2025-09-02,28,20.429,A
1900011234567,2025-09-02,29,19.206,A
1900011234567,2025-09-02,30,19.094,A
1900011234567,2025-09-02,31,20.242,A
1900011234567,2025-09-02,32,20.851,A
1900011234567,2025-09-02,33,20.454,A
1900011234567,2025-09-02,34,20.394,A
1900011234567,2025-09-02,35,18.93,A
1900011234567,2025-09-02,36,20.933,A
1900011234567,2025-09-02,37,20.622,A
1900011234567,2025-09-02,38,19.626,A
1900011234567,2025-09-02,39,19.423,A
1900011234567,2025-09-02,40,21.034,A
1900011234567,2025-09-02,41,20.91,A
1900011234567,2025-09-02,42,20.838,A
1900011234567,2025-09-02,43,13.942,A
1900011234567,2025-09-02,44,8.364,A
1900011234567,2025-09-02,45,3.215,A
1900011234567,2025-09-02,46,3.383,A
1900011234567,2025-09-02,47,3.307,A
1900011234567,2025-09-02,48,3.171,A
1900011234567,2025-09-03,1,3.184,A
1900011234567,2025-09-03,2,3.174,A
1900011234567,2025-09-03,3,3.385,A
1900011234567,2025-09-03,4,3.103,A
1900011234567,2025-09-03,5,3.237,A
1900011234567,2025-09-03,6,3.259,A
1900011234567,2025-09-03,7,3.399,A
1900011234567,2025-09-03,8,3.162,A
1900011234567,2025-09-03,9,3.405,A
1900011234567,2025-09-03,10,3.327,A
1900011234567,2025-09-03,11,3.204,A
1900011234567,2025-09-03,12,3.085,A
1900011234567,2025-09-03,13,3.319,A
1900011234567,2025-09-03,14,8.314,A
1900011234567,2025-09-03,15,13.848,A
1900011234567,2025-09-03,16,19.704,A
1900011234567,2025-09-03,17,20.052,A
1900011234567,2025-09-03,18,19.052,A
1900011234567,2025-09-03,19,19.118,A
1900011234567,2025-09-03,20,19.118,A
1900011234567,2025-09-03,21,20.052,A
1900011234567,2025-09-03,22,20.509,A
1900011234567,2025-09-03,23,19.314,A
1900011234567,2025-09-03,24,20.013,A
1900011234567,2025-09-03,25,20.399,A
1900011234567,2025-09-03,26,20.875,A
1900011234567,2025-09-03,27,20.015,A
1900011234567,2025-09-03,28,19.346,A
1900011234567,2025-09-03,29,20.977,A
1900011234567,2025-09-03,30,20.548,A
1900011234567,2025-09-03,31,19.919,A
1900011234567,2025-09-03,32,19.218,A
1900011234567,2025-09-03,33,19.214,A
1900011234567,2025-09-03,34,20.526,A
1900011234567,2025-09-03,35,20.44,A
1900011234567,2025-09-03,36,19.352,A
1900011234567,2025-09-03,37,20.493,A
1900011234567,2025-09-03,38,20.943,A
1900011234567,2025-09-03,39,20.675,A
1900011234567,2025-09-03,40,19.986,A
1900011234567,2025-09-03,41,19.061,A
1900011234567,2025-09-03,42,20.806,A
1900011234567,2025-09-03,43,15.104,A
1900011234567,2025-09-03,44,9.017,A
1900011234567,2025-09-03,45,3.276,A
1900011234567,2025-09-03,46,3.098,A
1900011234567,2025-09-03,47,3.225,A
1900011234567,2025-09-03,48,3.329,A
1900011234567,2025-09-04,1,3.44,A
1900011234567,2025-09-04,2,3.266,A
1900011234567,2025-09-04,3,3.389,A
1900011234567,2025-09-04,4,3.27,A
1900011234567,2025-09-04,5,3.215,A
1900011234567,2025-09-04,6,3.209,A
1900011234567,2025-09-04,7,3.345,A
1900011234567,2025-09-04,8,3.3,A
1900011234567,2025-09-04,9,3.218,A
1900011234567,2025-09-04,10,3.222,A
1900011234567,2025-09-04,11,3.102,A
1900011234567,2025-09-04,12,3.302,A
1900011234567,2025-09-04,13,3.258,A
1900011234567,2025-09-04,14,9.325,A
1900011234567,2025-09-04,15,14.941,A
1900011234567,2025-09-04,16,19.825,A
1900011234567,2025-09-04,17,21.193,A
1900011234567,2025-09-04,18,20.498,A
1900011234567,2025-09-04,19,20.485,A
1900011234567,2025-09-04,20,20.33,A
1900011234567,2025-09-04,21,19.481,A
1900011234567,2025-09-04,22,18.811,A
1900011234567,2025-09-04,23,19.695,A
1900011234567,2025-09-04,24,19.698,A
1900011234567,2025-09-04,25,20.443,A
1900011234567,2025-09-04,26,19.471,A
1900011234567,2025-09-04,27,19.676,A
1900011234567,2025-09-04,28,19.504,A
1900011234567,2025-09-04,29,20.117,A
1900011234567,2025-09-04,30,20.331,A
1900011234567,2025-09-04,31,19.656,A
1900011234567,2025-09-04,32,20.82,A
1900011234567,2025-09-04,33,20.715,A
1900011234567,2025-09-04,34,19.453,A
1900011234567,2025-09-04,35,19.577,A
1900011234567,2025-09-04,36,20.519,A
1900011234567,2025-09-04,37,18.868,A
1900011234567,2025-09-04,38,19.686,A
1900011234567,2025-09-04,39,18.802,A
1900011234567,2025-09-04,40,20.535,A
1900011234567,2025-09-04,41,19.746,A
1900011234567,2025-09-04,42,20.797,A
1900011234567,2025-09-04,43,14.92,A
1900011234567,2025-09-04,44,8.877,A
1900011234567,2025-09-04,45,3.263,A
1900011234567,2025-09-04,46,3.297,A
1900011234567,2025-09-04,47,3.376,A
1900011234567,2025-09-04,48,3.158,A
1900011234567,2025-09-05,1,3.199,A
1900011234567,2025-09-05,2,3.26,A
1900011234567,2025-09-05,3,3.173,A
1900011234567,2025-09-05,4,3.266,A
1900011234567,2025-09-05,5,3.431,A
1900011234567,2025-09-05,6,3.358,A
1900011234567,2025-09-05,7,3.129,A
1900011234567,2025-09-05,8,3.078,A
1900011234567,2025-09-05,9,3.061,A
1900011234567,2025-09-05,10,3.113,A
1900011234567,2025-09-05,11,3.137,A
1900011234567,2025-09-05,12,3.096,A
1900011234567,2025-09-05,13,3.2,A
1900011234567,2025-09-05,14,8.803,A
1900011234567,2025-09-05,15,14.556,A
1900011234567,2025-09-05,16,19.676,A
1900011234567,2025-09-05,17,19.922,A
1900011234567,2025-09-05,18,21.045,A
1900011234567,2025-09-05,19,18.918,A
1900011234567,2025-09-05,20,20.708,A
1900011234567,2025-09-05,21,19.389,A
1900011234567,2025-09-05,22,20.656,A
1900011234567,2025-09-05,23,20.763,A
1900011234567,2025-09-05,24,21.122,A
1900011234567,2025-09-05,25,18.818,A
1900011234567,2025-09-05,26,20.664,A
1900011234567,2025-09-05,27,20.05,A
1900011234567,2025-09-05,28,20.636,A
1900011234567,2025-09-05,29,21.012,A
1900011234567,2025-09-05,30,19.655,A
1900011234567,2025-09-05,31,19.153,A
1900011234567,2025-09-05,32,20.801,A
1900011234567,2025-09-05,33,20.077,A
1900011234567,2025-09-05,34,20.352,A
1900011234567,2025-09-05,35,18.989,A
1900011234567,2025-09-05,36,19.478,A
1900011234567,2025-09-05,37,20.206,A
1900011234567,2025-09-05,38,20.635,A
1900011234567,2025-09-05,39,18.813,A
1900011234567,2025-09-05,40,20.448,A
1900011234567,2025-09-05,41,20.928,A
1900011234567,2025-09-05,42,19.236,A
1900011234567,2025-09-05,43,14.055,A
1900011234567,2025-09-05,44,8.363,A
1900011234567,2025-09-05,45,3.243,A
1900011234567,2025-09-05,46,3.067,A
1900011234567,2025-09-05,47,3.249,A
1900011234567,2025-09-05,48,3.198,A
1900011234567,2025-09-06,1,3.065,A
1900011234567,2025-09-06,2,3.202,A
1900011234567,2025-09-06,3,3.098,A
1900011234567,2025-09-06,4,3.191,A
1900011234567,2025-09-06,5,3.398,A
1900011234567,2025-09-06,6,3.365,A
1900011234567,2025-09-06,7,3.153,A
1900011234567,2025-09-06,8,3.276,A
1900011234567,2025-09-06,9,3.26,A
1900011234567,2025-09-06,10,3.26,A
1900011234567,2025-09-06,11,3.126,A
1900011234567,2025-09-06,12,3.16,A
1900011234567,2025-09-06,13,3.131,A
1900011234567,2025-09-06,14,3.102,A
1900011234567,2025-09-06,15,3.348,A
1900011234567,2025-09-06,16,3.108,A
1900011234567,2025-09-06,17,7.041,A
1900011234567,2025-09-06,18,6.749,A
1900011234567,2025-09-06,19,6.627,A
1900011234567,2025-09-06,20,7.007,A
1900011234567,2025-09-06,21,6.837,A
1900011234567,2025-09-06,22,6.692,A
1900011234567,2025-09-06,23,6.746,A
1900011234567,2025-09-06,24,6.806,A
1900011234567,2025-09-06,25,7.179,A
1900011234567,2025-09-06,26,6.59,A
1900011234567,2025-09-06,27,6.693,A
1900011234567,2025-09-06,28,6.637,A
1900011234567,2025-09-06,29,7.249,A
1900011234567,2025-09-06,30,6.648,A
1900011234567,2025-09-06,31,6.977,A
1900011234567,2025-09-06,32,7.086,A
1900011234567,2025-09-06,33,3.315,A
1900011234567,2025-09-06,34,3.127,A
1900011234567,2025-09-06,35,3.208,A
1900011234567,2025-09-06,36,3.338,A
1900011234567,2025-09-06,37,3.204,A
1900011234567,2025-09-06,38,3.277,A
1900011234567,2025-09-06,39,3.404,A
1900011234567,2025-09-06,40,3.075,A
1900011234567,2025-09-06,41,3.166,A
1900011234567,2025-09-06,42,3.44,A
1900011234567,2025-09-06,43,3.078,A
1900011234567,2025-09-06,44,3.119,A
1900011234567,2025-09-06,45,3.414,A
1900011234567,2025-09-06,46,3.184,A
1900011234567,2025-09-06,47,3.169,A
1900011234567,2025-09-06,48,3.364,A
1900011234567,2025-09-07,1,3.247,A
1900011234567,2025-09-07,2,3.056,A
1900011234567,2025-09-07,3,3.129,A
1900011234567,2025-09-07,4,3.435,A
1900011234567,2025-09-07,5,3.232,A
1900011234567,2025-09-07,6,3.43,A
1900011234567,2025-09-07,7,3.251,A
1900011234567,2025-09-07,8,3.306,A
1900011234567,2025-09-07,9,3.06,A
1900011234567,2025-09-07,10,3.27,A
1900011234567,2025-09-07,11,3.075,A
1900011234567,2025-09-07,12,3.28,A
1900011234567,2025-09-07,13,3.276,A
1900011234567,2025-09-07,14,3.113,A
1900011234567,2025-09-07,15,3.363,A
1900011234567,2025-09-07,16,3.429,A
1900011234567,2025-09-07,17,7.276,A
1900011234567,2025-09-07,18,6.768,A
1900011234567,2025-09-07,19,7.119,A
1900011234567,2025-09-07,20,6.957,A
1900011234567,2025-09-07,21,6.869,A
1900011234567,2025-09-07,22,7.107,A
1900011234567,2025-09-07,23,6.586,A
1900011234567,2025-09-07,24,7.137,A
1900011234567,2025-09-07,25,6.646,A
1900011234567,2025-09-07,26,6.575,A
1900011234567,2025-09-07,27,6.704,A
1900011234567,2025-09-07,28,7.121,A
1900011234567,2025-09-07,29,6.677,A
1900011234567,2025-09-07,30,7.305,A
1900011234567,2025-09-07,31,7.033,A
1900011234567,2025-09-07,32,7.204,A
1900011234567,2025-09-07,33,3.062,A
1900011234567,2025-09-07,34,3.31,A
1900011234567,2025-09-07,35,3.284,A
1900011234567,2025-09-07,36,3.394,A
1900011234567,2025-09-07,37,3.123,A
1900011234567,2025-09-07,38,3.252,A
1900011234567,2025-09-07,39,3.425,A
1900011234567,2025-09-07,40,3.313,A
1900011234567,2025-09-07,41,3.065,A
1900011234567,2025-09-07,42,3.162,A
1900011234567,2025-09-07,43,3.395,A
1900011234567,2025-09-07,44,3.106,A
1900011234567,2025-09-07,45,3.302,A
1900011234567,2025-09-07,46,3.416,A
1900011234567,2025-09-07,47,3.337,A
1900011234567,2025-09-07,48,3.398,A
1900011234567,2025-09-08,1,3.096,A
1900011234567,2025-09-08,2,3.249,A
1900011234567,2025-09-08,3,3.117,A
1900011234567,2025-09-08,4,3.092,A
1900011234567,2025-09-08,5,3.165,A
1900011234567,2025-09-08,6,3.348,A
1900011234567,2025-09-08,7,3.188,A
1900011234567,2025-09-08,8,3.103,A
1900011234567,2025-09-08,9,3.348,A
1900011234567,2025-09-08,10,3.286,A
1900011234567,2025-09-08,11,3.319,A
1900011234567,2025-09-08,12,3.155,A
1900011234567,2025-09-08,13,3.364,A
1900011234567,2025-09-08,14,8.715,A
1900011234567,2025-09-08,15,13.744,A
1900011234567,2025-09-08,16,18.963,A
1900011234567,2025-09-08,17,19.846,A
1900011234567,2025-09-08,18,19.291,A
1900011234567,2025-09-08,19,19.73,A
1900011234567,2025-09-08,20,20.948,A
1900011234567,2025-09-08,21,19.181,A
1900011234567,2025-09-08,22,19.575,A
1900011234567,2025-09-08,23,20.86,A
1900011234567,2025-09-08,24,19.027,A
1900011234567,2025-09-08,25,19.974,A
1900011234567,2025-09-08,26,20.759,A
1900011234567,2025-09-08,27,19.887,A
1900011234567,2025-09-08,28,20.08,A
1900011234567,2025-09-08,29,20.254,A
1900011234567,2025-09-08,30,20.491,A
1900011234567,2025-09-08,31,19.141,A
1900011234567,2025-09-08,32,20.828,A
1900011234567,2025-09-08,33,20.354,A
1900011234567,2025-09-08,34,19.724,A
1900011234567,2025-09-08,35,20.874,A
1900011234567,2025-09-08,36,19.141,A
1900011234567,2025-09-08,37,19.987,A
1900011234567,2025-09-08,38,19.387,A
1900011234567,2025-09-08,39,19.257,A
1900011234567,2025-09-08,40,20.032,A
1900011234567,2025-09-08,41,19.9,A
1900011234567,2025-09-08,42,20.178,A
1900011234567,2025-09-08,43,14.171,A
1900011234567,2025-09-08,44,8.336,A
1900011234567,2025-09-08,45,3.098,A
1900011234567,2025-09-08,46,3.237,A
1900011234567,2025-09-08,47,3.425,A
1900011234567,2025-09-08,48,3.177,A
1900011234567,2025-09-09,1,3.42,A
1900011234567,2025-09-09,2,3.237,A
1900011234567,2025-09-09,3,3.076,A
1900011234567,2025-09-09,4,3.138,A
1900011234567,2025-09-09,5,3.358,A
1900011234567,2025-09-09,6,3.429,A
1900011234567,2025-09-09,7,3.237,A
1900011234567,2025-09-09,8,3.089,A
1900011234567,2025-09-09,9,3.246,A
1900011234567,2025-09-09,10,3.213,A
1900011234567,2025-09-09,11,3.372,A
1900011234567,2025-09-09,12,3.402,A
1900011234567,2025-09-09,13,3.068,A
1900011234567,2025-09-09,14,8.745,A
1900011234567,2025-09-09,15,14.784,A
1900011234567,2025-09-09,16,18.928,A
1900011234567,2025-09-09,17,20.909,A
1900011234567,2025-09-09,18,19.986,A
1900011234567,2025-09-09,19,20.406,A
1900011234567,2025-09-09,20,19.482,A
1900011234567,2025-09-09,21,19.643,A
1900011234567,2025-09-09,22,20.022,A
1900011234567,2025-09-09,23,20.147,A
1900011234567,2025-09-09,24,20.678,A
1900011234567,2025-09-09,25,19.598,A
1900011234567,2025-09-09,26,20.626,A
1900011234567,2025-09-09,27,20.288,A
1900011234567,2025-09-09,28,19.414,A
1900011234567,2025-09-09,29,19.888,A
1900011234567,2025-09-09,30,20.144,A
1900011234567,2025-09-09,31,19.35,A
1900011234567,2025-09-09,32,19.164,A
1900011234567,2025-09-09,33,20.867,A
1900011234567,2025-09-09,34,18.896,A
1900011234567,2025-09-09,35,19.566,A
1900011234567,2025-09-09,36,19.433,A
1900011234567,2025-09-09,37,18.879,A
1900011234567,2025-09-09,38,20.877,A
1900011234567,2025-09-09,39,19.895,A
1900011234567,2025-09-09,40,19.711,A
1900011234567,2025-09-09,41,20.578,A
1900011234567,2025-09-09,42,19.733,A
1900011234567,2025-09-09,43,14.453,A
1900011234567,2025-09-09,44,8.34,A
1900011234567,2025-09-09,45,3.349,A
1900011234567,2025-09-09,46,3.373,A
1900011234567,2025-09-09,47,3.119,A
1900011234567,2025-09-09,48,3.37,A
1900011234567,2025-09-10,1,3.163,A
1900011234567,2025-09-10,2,3.096,A
1900011234567,2025-09-10,3,3.367,A
1900011234567,2025-09-10,4,3.337,A
1900011234567,2025-09-10,5,3.282,A
1900011234567,2025-09-10,6,3.236,A
1900011234567,2025-09-10,7,3.091,A
1900011234567,2025-09-10,8,3.129,A
1900011234567,2025-09-10,9,3.418,A
1900011234567,2025-09-10,10,3.225,A
1900011234567,2025-09-10,11,3.184,A
1900011234567,2025-09-10,12,3.379,A
1900011234567,2025-09-10,13,3.235,A
1900011234567,2025-09-10,14,9.339,A
1900011234567,2025-09-10,15,14.619,A
1900011234567,2025-09-10,16,19.483,A
1900011234567,2025-09-10,17,19.039,A
1900011234567,2025-09-10,18,20.398,A
1900011234567,2025-09-10,19,19.391,A
1900011234567,2025-09-10,20,19.168,A
1900011234567,2025-09-10,21,19.694,A
1900011234567,2025-09-10,22,20.506,A
1900011234567,2025-09-10,23,20.233,A
1900011234567,2025-09-10,24,18.922,A
1900011234567,2025-09-10,25,19.684,A
1900011234567,2025-09-10,26,19.459,A
1900011234567,2025-09-10,27,20.049,A
1900011234567,2025-09-10,28,19.365,A
1900011234567,2025-09-10,29,19.656,A
1900011234567,2025-09-10,30,21.04,A
1900011234567,2025-09-10,31,19.2,A
1900011234567,2025-09-10,32,21.075,A
1900011234567,2025-09-10,33,20.519,A
1900011234567,2025-09-10,34,19.565,A
1900011234567,2025-09-10,35,19.717,A
1900011234567,2025-09-10,36,20.579,A
1900011234567,2025-09-10,37,20.19,A
1900011234567,2025-09-10,38,21.114,A
1900011234567,2025-09-10,39,20.406,A
1900011234567,2025-09-10,40,20.659,A
1900011234567,2025-09-10,41,20.517,A
1900011234567,2025-09-10,42,19.317,A
1900011234567,2025-09-10,43,14.24,A
1900011234567,2025-09-10,44,9.202,A
1900011234567,2025-09-10,45,3.324,A
1900011234567,2025-09-10,46,3.429,A
1900011234567,2025-09-10,47,3.129,A
1900011234567,2025-09-10,48,3.131,A
1900011234567,2025-09-11,1,3.224,A
1900011234567,2025-09-11,2,3.405,A
1900011234567,2025-09-11,3,3.104,A
1900011234567,2025-09-11,4,3.303,A
1900011234567,2025-09-11,5,3.069,A
1900011234567,2025-09-11,6,3.297,A
1900011234567,2025-09-11,7,3.355,A
1900011234567,2025-09-11,8,3.399,A
1900011234567,2025-09-11,9,3.439,A
1900011234567,2025-09-11,10,3.414,A
1900011234567,2025-09-11,11,3.343,A
1900011234567,2025-09-11,12,3.415,A
1900011234567,2025-09-11,13,3.319,A
1900011234567,2025-09-11,14,8.463,A
1900011234567,2025-09-11,15,13.87,A
1900011234567,2025-09-11,16,21.091,A
1900011234567,2025-09-11,17,19.774,A
1900011234567,2025-09-11,18,20.501,A
1900011234567,2025-09-11,19,19.892,A
1900011234567,2025-09-11,20,19.304,A
1900011234567,2025-09-11,21,19.15,A
1900011234567,2025-09-11,22,20.516,A
1900011234567,2025-09-11,23,19.823,A
1900011234567,2025-09-11,24,21.088,A
1900011234567,2025-09-11,25,19.04,A
1900011234567,2025-09-11,26,19.014,A
1900011234567,2025-09-11,27,21.063,A
1900011234567,2025-09-11,28,19.574,A
1900011234567,2025-09-11,29,19.749,A
1900011234567,2025-09-11,30,19.142,A
1900011234567,2025-09-11,31,19.385,A
1900011234567,2025-09-11,32,20.423,A
1900011234567,2025-09-11,33,18.971,A
1900011234567,2025-09-11,34,19.638,A
1900011234567,2025-09-11,35,21.111,A
1900011234567,2025-09-11,36,20.055,A
1900011234567,2025-09-11,37,19.326,A
1900011234567,2025-09-11,38,19.289,A
1900011234567,2025-09-11,39,19.662,A
1900011234567,2025-09-11,40,20.391,A
1900011234567,2025-09-11,41,19.35,A
1900011234567,2025-09-11,42,21.161,A
1900011234567,2025-09-11,43,14.861,A
1900011234567,2025-09-11,44,9.027,A
1900011234567,2025-09-11,45,3.274,A
1900011234567,2025-09-11,46,3.118,A
1900011234567,2025-09-11,47,3.066,A
1900011234567,2025-09-11,48,3.343,A
1900011234567,2025-09-12,1,3.265,A
1900011234567,2025-09-12,2,3.06,A
1900011234567,2025-09-12,3,3.291,A
1900011234567,2025-09-12,4,3.409,A
1900011234567,2025-09-12,5,3.074,A
1900011234567,2025-09-12,6,3.308,A
1900011234567,2025-09-12,7,3.156,A
1900011234567,2025-09-12,8,3.397,A
1900011234567,2025-09-12,9,3.304,A
1900011234567,2025-09-12,10,3.305,A
1900011234567,2025-09-12,11,3.121,A
1900011234567,2025-09-12,12,3.326,A
1900011234567,2025-09-12,13,3.08,A
1900011234567,2025-09-12,14,8.965,A
1900011234567,2025-09-12,15,13.729,A
1900011234567,2025-09-12,16,19.09,A
1900011234567,2025-09-12,17,19.604,A
1900011234567,2025-09-12,18,20.364,A
1900011234567,2025-09-12,19,19.092,A
1900011234567,2025-09-12,20,20.578,A
1900011234567,2025-09-12,21,20.046,A
1900011234567,2025-09-12,22,18.855,A
1900011234567,2025-09-12,23,19.836,A
1900011234567,2025-09-12,24,20.262,A
1900011234567,2025-09-12,25,19.123,A
1900011234567,2025-09-12,26,19.754,A
1900011234567,2025-09-12,27,18.89,A
1900011234567,2025-09-12,28,19.903,A
1900011234567,2025-09-12,29,19.496,A
1900011234567,2025-09-12,30,19.939,A
1900011234567,2025-09-12,31,20.15,A
1900011234567,2025-09-12,32,20.363,A
1900011234567,2025-09-12,33,19.807,A
1900011234567,2025-09-12,34,18.894,A
1900011234567,2025-09-12,35,21.032,A
1900011234567,2025-09-12,36,20.578,A
1900011234567,2025-09-12,37,19.486,A
1900011234567,2025-09-12,38,20.206,A
1900011234567,2025-09-12,39,20.301,A
1900011234567,2025-09-12,40,18.969,A
1900011234567,2025-09-12,41,19.947,A
1900011234567,2025-09-12,42,20.837,A
1900011234567,2025-09-12,43,13.693,A
1900011234567,2025-09-12,44,9.123,A
1900011234567,2025-09-12,45,3.232,A
1900011234567,2025-09-12,46,3.39,A
1900011234567,2025-09-12,47,3.161,A
1900011234567,2025-09-12,48,3.173,A
1900011234567,2025-09-13,1,3.248,A
1900011234567,2025-09-13,2,3.204,A
1900011234567,2025-09-13,3,3.109,A
1900011234567,2025-09-13,4,3.243,A
1900011234567,2025-09-13,5,3.272,A
1900011234567,2025-09-13,6,3.372,A
1900011234567,2025-09-13,7,3.206,A
1900011234567,2025-09-13,8,3.074,A
1900011234567,2025-09-13,9,3.085,A
1900011234567,2025-09-13,10,3.298,A
1900011234567,2025-09-13,11,3.365,A
1900011234567,2025-09-13,12,3.122,A
1900011234567,2025-09-13,13,3.085,A
1900011234567,2025-09-13,14,3.206,A
1900011234567,2025-09-13,15,3.322,A
1900011234567,2025-09-13,16,3.401,A
1900011234567,2025-09-13,17,7.085,A
1900011234567,2025-09-13,18,6.841,A
1900011234567,2025-09-13,19,6.58,A
1900011234567,2025-09-13,20,6.828,A
1900011234567,2025-09-13,21,6.686,A
1900011234567,2025-09-13,22,7.103,A
1900011234567,2025-09-13,23,7.342,A
1900011234567,2025-09-13,24,6.772,A
1900011234567,2025-09-13,25,6.99,A
1900011234567,2025-09-13,26,6.844,A
1900011234567,2025-09-13,27,6.545,A
1900011234567,2025-09-13,28,6.631,A
1900011234567,2025-09-13,29,7.189,A
1900011234567,2025-09-13,30,6.817,A
1900011234567,2025-09-13,31,6.983,A
1900011234567,2025-09-13,32,7.198,A
1900011234567,2025-09-13,33,3.074,A
1900011234567,2025-09-13,34,3.163,A
1900011234567,2025-09-13,35,3.36,A
1900011234567,2025-09-13,36,3.291,A
1900011234567,2025-09-13,37,3.253,A
1900011234567,2025-09-13,38,3.146,A
1900011234567,2025-09-13,39,3.192,A
1900011234567,2025-09-13,40,3.393,A
1900011234567,2025-09-13,41,3.287,A
1900011234567,2025-09-13,42,3.331,A
1900011234567,2025-09-13,43,3.26,A
1900011234567,2025-09-13,44,3.136,A
1900011234567,2025-09-13,45,3.352,A
1900011234567,2025-09-13,46,3.116,A
1900011234567,2025-09-13,47,3.234,A
1900011234567,2025-09-13,48,3.107,A
1900011234567,2025-09-15,1,3.088,A
1900011234567,2025-09-15,2,3.193,A
1900011234567,2025-09-15,3,3.411,A
1900011234567,2025-09-15,4,3.271,A
1900011234567,2025-09-15,5,3.327,A
1900011234567,2025-09-15,6,3.343,A
1900011234567,2025-09-15,7,3.321,A
1900011234567,2025-09-15,8,3.332,A
1900011234567,2025-09-15,9,3.289,A
1900011234567,2025-09-15,10,3.438,A
1900011234567,2025-09-15,11,3.396,A
1900011234567,2025-09-15,12,3.209,A
1900011234567,2025-09-15,13,3.198,A
1900011234567,2025-09-15,14,8.635,A
1900011234567,2025-09-15,15,13.978,A
1900011234567,2025-09-15,16,19.874,A
1900011234567,2025-09-15,17,19.5,A
1900011234567,2025-09-15,18,19.743,A
1900011234567,2025-09-15,19,19.009,A
1900011234567,2025-09-15,20,20.498,A
1900011234567,2025-09-15,21,18.926,A
1900011234567,2025-09-15,22,19.6,A
1900011234567,2025-09-15,23,19.699,A
1900011234567,2025-09-15,24,20.925,A
1900011234567,2025-09-15,25,19.389,A
1900011234567,2025-09-15,26,19.643,A
1900011234567,2025-09-15,27,20.211,A
1900011234567,2025-09-15,28,19.128,A
1900011234567,2025-09-15,29,19.017,A
1900011234567,2025-09-15,30,21.184,A
1900011234567,2025-09-15,31,21.184,A
1900011234567,2025-09-15,32,19.027,A
1900011234567,2025-09-15,33,20.953,A
1900011234567,2025-09-15,34,20.415,A
1900011234567,2025-09-15,35,19.274,A
1900011234567,2025-09-15,36,21.085,A
1900011234567,2025-09-15,37,20.502,A
1900011234567,2025-09-15,38,19.748,A
1900011234567,2025-09-15,39,20.613,A
1900011234567,2025-09-15,40,19.787,A
1900011234567,2025-09-15,41,20.789,A
1900011234567,2025-09-15,42,19.37,A
1900011234567,2025-09-15,43,14.797,A
1900011234567,2025-09-15,44,8.56,A
1900011234567,2025-09-15,45,3.344,A
1900011234567,2025-09-15,46,3.112,A
1900011234567,2025-09-15,47,3.234,A
1900011234567,2025-09-15,48,3.128,A
1900011234567,2025-09-16,1,3.383,A
1900011234567,2025-09-16,2,3.061,A
1900011234567,2025-09-16,3,3.377,A
1900011234567,2025-09-16,4,3.395,A
1900011234567,2025-09-16,5,3.227,A
1900011234567,2025-09-16,6,3.112,A
1900011234567,2025-09-16,7,3.056,A
1900011234567,2025-09-16,8,3.246,A
1900011234567,2025-09-16,9,3.204,A
1900011234567,2025-09-16,10,3.409,A
1900011234567,2025-09-16,11,3.249,A
1900011234567,2025-09-16,12,3.098,A
1900011234567,2025-09-16,13,3.139,A
1900011234567,2025-09-16,14,8.928,A
1900011234567,2025-09-16,15,15.12,A
1900011234567,2025-09-16,16,18.841,A
1900011234567,2025-09-16,17,20.06,A
1900011234567,2025-09-16,18,19.556,A
1900011234567,2025-09-16,19,21.177,A
1900011234567,2025-09-16,20,20.049,A
1900011234567,2025-09-16,21,18.916,A
1900011234567,2025-09-16,22,20.993,A
1900011234567,2025-09-16,23,20.068,A
1900011234567,2025-09-16,24,21.046,A
1900011234567,2025-09-16,25,19.579,A
1900011234567,2025-09-16,26,20.689,A
1900011234567,2025-09-16,27,20.115,A
1900011234567,2025-09-16,28,20.85,A
1900011234567,2025-09-16,29,19.34,A
1900011234567,2025-09-16,30,19.219,A
1900011234567,2025-09-16,31,19.139,A
1900011234567,2025-09-16,32,20.732,A
1900011234567,2025-09-16,33,20.511,A
1900011234567,2025-09-16,34,18.836,A
1900011234567,2025-09-16,35,19.103,A
1900011234567,2025-09-16,36,19.307,A
1900011234567,2025-09-16,37,20.245,A
1900011234567,2025-09-16,38,20.816,A
1900011234567,2025-09-16,39,21.098,A
1900011234567,2025-09-16,40,19.587,A
1900011234567,2025-09-16,41,19.704,A
1900011234567,2025-09-16,42,19.114,A
1900011234567,2025-09-16,43,15.184,A
1900011234567,2025-09-16,44,9.292,A
1900011234567,2025-09-16,45,3.291,A
1900011234567,2025-09-16,46,3.386,A
1900011234567,2025-09-16,47,3.341,A
1900011234567,2025-09-16,48,3.094,A
1900011234567,2025-09-17,1,3.062,A
1900011234567,2025-09-17,2,3.313,A
1900011234567,2025-09-17,3,3.198,A
1900011234567,2025-09-17,4,3.264,A
1900011234567,2025-09-17,5,3.055,A
1900011234567,2025-09-17,6,3.192,A
1900011234567,2025-09-17,7,3.201,A
1900011234567,2025-09-17,8,3.389,A
1900011234567,2025-09-17,9,3.38,A
1900011234567,2025-09-17,10,3.352,A
1900011234567,2025-09-17,11,3.265,A
1900011234567,2025-09-17,12,3.239,A
1900011234567,2025-09-17,13,3.272,A
1900011234567,2025-09-17,14,8.984,A
1900011234567,2025-09-17,15,15.166,A
1900011234567,2025-09-17,16,18.919,A
1900011234567,2025-09-17,17,20.029,A
1900011234567,2025-09-17,18,19.651,A
1900011234567,2025-09-17,19,20.717,A
1900011234567,2025-09-17,20,19.396,A
1900011234567,2025-09-17,21,18.968,A
1900011234567,2025-09-17,22,19.141,A
1900011234567,2025-09-17,23,19.838,A
1900011234567,2025-09-17,24,20.065,A
1900011234567,2025-09-17,25,21.156,A
1900011234567,2025-09-17,26,21.111,A
1900011234567,2025-09-17,27,20.478,A
1900011234567,2025-09-17,28,20.641,A
1900011234567,2025-09-17,29,20.35,A
1900011234567,2025-09-17,30,19.274,A
1900011234567,2025-09-17,31,18.818,A
1900011234567,2025-09-17,32,20.741,A
1900011234567,2025-09-17,33,20.109,A
1900011234567,2025-09-17,34,20.323,A
1900011234567,2025-09-17,35,19.631,A
1900011234567,2025-09-17,36,19.272,A
1900011234567,2025-09-17,37,19.081,A
1900011234567,2025-09-17,38,20.779,A
1900011234567,2025-09-17,39,19.531,A
1900011234567,2025-09-17,40,19.36,A
1900011234567,2025-09-17,41,20.249,A
1900011234567,2025-09-17,42,20.901,A
1900011234567,2025-09-17,43,15.049,A
1900011234567,2025-09-17,44,8.34,A
1900011234567,2025-09-17,45,3.177,A
1900011234567,2025-09-17,46,3.292,A
1900011234567,2025-09-17,47,3.279,A
1900011234567,2025-09-17,48,3.087,A
1900011234567,2025-09-18,1,3.295,A
1900011234567,2025-09-18,2,3.357,A
1900011234567,2025-09-18,3,3.289,A
1900011234567,2025-09-18,4,3.29,A
1900011234567,2025-09-18,5,3.336,A
1900011234567,2025-09-18,6,3.21,A
1900011234567,2025-09-18,7,3.304,A
1900011234567,2025-09-18,8,3.411,A
1900011234567,2025-09-18,9,3.254,A
1900011234567,2025-09-18,10,3.076,A
1900011234567,2025-09-18,11,3.092,A
1900011234567,2025-09-18,12,3.224,A
1900011234567,2025-09-18,13,3.362,A
1900011234567,2025-09-18,14,8.983,A
1900011234567,2025-09-18,15,14.99,A
1900011234567,2025-09-18,16,19.559,A
1900011234567,2025-09-18,17,19.237,A
1900011234567,2025-09-18,18,19.771,A
1900011234567,2025-09-18,19,20.14,A
1900011234567,2025-09-18,20,19.913,A
1900011234567,2025-09-18,21,19.15,A
1900011234567,2025-09-18,22,19.66,A
1900011234567,2025-09-18,23,19.436,A
1900011234567,2025-09-18,24,21.109,A
1900011234567,2025-09-18,25,20.728,A
1900011234567,2025-09-18,26,20.65,A
1900011234567,2025-09-18,27,20.106,A
1900011234567,2025-09-18,28,20.387,A
1900011234567,2025-09-18,29,20.453,A
1900011234567,2025-09-18,30,18.966,A
1900011234567,2025-09-18,31,20.983,A
1900011234567,2025-09-18,32,19.026,A
1900011234567,2025-09-18,33,20.704,A
1900011234567,2025-09-18,34,19.484,A
1900011234567,2025-09-18,35,20.501,A
1900011234567,2025-09-18,36,20.874,A
1900011234567,2025-09-18,37,20.805,A
1900011234567,2025-09-18,38,19.349,A
1900011234567,2025-09-18,39,19.243,A
1900011234567,2025-09-18,40,21.041,A
1900011234567,2025-09-18,41,20.244,A
1900011234567,2025-09-18,42,18.894,A
1900011234567,2025-09-18,43,14.138,A
1900011234567,2025-09-18,44,9.295,A
1900011234567,2025-09-18,45,3.342,A
1900011234567,2025-09-18,46,3.281,A
1900011234567,2025-09-18,47,3.341,A
1900011234567,2025-09-18,48,3.06,A
1900011234567,2025-09-19,1,3.096,A
1900011234567,2025-09-19,2,3.246,A
1900011234567,2025-09-19,3,3.396,A
1900011234567,2025-09-19,4,3.106,A
1900011234567,2025-09-19,5,3.27,A
1900011234567,2025-09-19,6,3.424,A
1900011234567,2025-09-19,7,3.316,A
1900011234567,2025-09-19,8,3.282,A
1900011234567,2025-09-19,9,3.263,A
1900011234567,2025-09-19,10,3.241,A
1900011234567,2025-09-19,11,3.32,A
1900011234567,2025-09-19,12,3.18,A
1900011234567,2025-09-19,13,3.271,A
1900011234567,2025-09-19,14,8.891,A
1900011234567,2025-09-19,15,15.27,A
1900011234567,2025-09-19,16,20.161,A
1900011234567,2025-09-19,17,19.858,A
1900011234567,2025-09-19,18,19.056,A
1900011234567,2025-09-19,19,18.9,A
1900011234567,2025-09-19,20,20.275,A
1900011234567,2025-09-19,21,19.897,A
1900011234567,2025-09-19,22,18.885,A
1900011234567,2025-09-19,23,18.978,A
1900011234567,2025-09-19,24,19.784,A
1900011234567,2025-09-19,25,19.594,A
1900011234567,2025-09-19,26,21.177,A
1900011234567,2025-09-19,27,18.852,A
1900011234567,2025-09-19,28,21.047,A
1900011234567,2025-09-19,29,19.109,A
1900011234567,2025-09-19,30,19.725,A
1900011234567,2025-09-19,31,20.648,A
1900011234567,2025-09-19,32,20.311,A
1900011234567,2025-09-19,33,20.364,A
1900011234567,2025-09-19,34,18.828,A
1900011234567,2025-09-19,35,21.109,A
1900011234567,2025-09-19,36,20.425,A
1900011234567,2025-09-19,37,19.489,A
1900011234567,2025-09-19,38,20.292,A
1900011234567,2025-09-19,39,21.062,A
1900011234567,2025-09-19,40,19.123,A
1900011234567,2025-09-19,41,19.807,A
1900011234567,2025-09-19,42,19.57,A
1900011234567,2025-09-19,43,14.365,A
1900011234567,2025-09-19,44,8.841,A
1900011234567,2025-09-19,45,3.201,A
1900011234567,2025-09-19,46,3.164,A
1900011234567,2025-09-19,47,3.295,A
1900011234567,2025-09-19,48,3.152,A
1900011234567,2025-09-20,1,3.104,A
1900011234567,2025-09-20,2,3.201,A
1900011234567,2025-09-20,3,3.364,A
1900011234567,2025-09-20,4,3.076,A
1900011234567,2025-09-20,5,3.092,A
1900011234567,2025-09-20,6,3.395,A
1900011234567,2025-09-20,7,3.304,A
1900011234567,2025-09-20,8,3.216,A
1900011234567,2025-09-20,9,3.439,A
1900011234567,2025-09-20,10,3.433,A
1900011234567,2025-09-20,11,3.303,A
1900011234567,2025-09-20,12,3.056,A
1900011234567,2025-09-20,13,3.159,A
1900011234567,2025-09-20,14,3.317,A
1900011234567,2025-09-20,15,3.415,A
1900011234567,2025-09-20,16,3.419,A
1900011234567,2025-09-20,17,7.167,A
1900011234567,2025-09-20,18,6.801,A
1900011234567,2025-09-20,19,6.606,A
1900011234567,2025-09-20,20,6.9,A
1900011234567,2025-09-20,21,6.975,A
1900011234567,2025-09-20,22,7.252,A
1900011234567,2025-09-20,23,6.543,A
1900011234567,2025-09-20,24,6.829,A
1900011234567,2025-09-20,25,6.527,A
1900011234567,2025-09-20,26,7.179,A
1900011234567,2025-09-20,27,6.585,A
1900011234567,2025-09-20,28,7.283,A
1900011234567,2025-09-20,29,6.559,A
1900011234567,2025-09-20,30,6.862,A
1900011234567,2025-09-20,31,6.722,A
1900011234567,2025-09-20,32,7.329,A
1900011234567,2025-09-20,33,3.375,A
1900011234567,2025-09-20,34,3.201,A
1900011234567,2025-09-20,35,3.109,A
1900011234567,2025-09-20,36,3.105,A
1900011234567,2025-09-20,37,3.116,A
1900011234567,2025-09-20,38,3.143,A
1900011234567,2025-09-20,39,3.279,A
1900011234567,2025-09-20,40,3.232,A
1900011234567,2025-09-20,41,3.348,A
1900011234567,2025-09-20,42,3.41,A
1900011234567,2025-09-20,43,3.285,A
1900011234567,2025-09-20,44,3.441,A
1900011234567,2025-09-20,45,3.431,A
1900011234567,2025-09-20,46,3.351,A
1900011234567,2025-09-20,47,3.309,A
1900011234567,2025-09-20,48,3.146,A
1900011234567,2025-09-21,1,3.146,A
1900011234567,2025-09-21,2,3.326,A
1900011234567,2025-09-21,3,3.358,A
1900011234567,2025-09-21,4,3.436,A
1900011234567,2025-09-21,5,3.126,A
1900011234567,2025-09-21,6,3.165,A
1900011234567,2025-09-21,7,3.345,A
1900011234567,2025-09-21,8,3.088,A
1900011234567,2025-09-21,9,3.383,A
1900011234567,2025-09-21,10,3.224,A
1900011234567,2025-09-21,11,3.17,A
1900011234567,2025-09-21,12,3.192,A
1900011234567,2025-09-21,13,3.155,A
1900011234567,2025-09-21,14,3.345,A
1900011234567,2025-09-21,15,3.201,A
1900011234567,2025-09-21,16,3.36,A
1900011234567,2025-09-21,17,6.603,A
1900011234567,2025-09-21,18,6.906,A
1900011234567,2025-09-21,19,7.318,A
1900011234567,2025-09-21,20,6.908,A
1900011234567,2025-09-21,21,7.318,A
1900011234567,2025-09-21,22,6.895,A
1900011234567,2025-09-21,23,7.01,A
1900011234567,2025-09-21,24,6.541,A
1900011234567,2025-09-21,25,7.304,A
1900011234567,2025-09-21,26,6.846,A
1900011234567,2025-09-21,27,6.598,A
1900011234567,2025-09-21,28,6.588,A
1900011234567,2025-09-21,29,6.88,A
1900011234567,2025-09-21,30,6.531,A
1900011234567,2025-09-21,31,6.686,A
1900011234567,2025-09-21,32,6.766,A
1900011234567,2025-09-21,33,3.067,A
1900011234567,2025-09-21,34,3.141,A
1900011234567,2025-09-21,35,3.292,A
1900011234567,2025-09-21,36,3.11,A
1900011234567,2025-09-21,37,3.254,A
1900011234567,2025-09-21,38,3.083,A
1900011234567,2025-09-21,39,3.145,A
1900011234567,2025-09-21,40,3.384,A
1900011234567,2025-09-21,41,3.24,A
1900011234567,2025-09-21,42,3.211,A
1900011234567,2025-09-21,43,3.172,A
1900011234567,2025-09-21,44,3.308,A
1900011234567,2025-09-21,45,3.378,A
1900011234567,2025-09-21,46,3.325,A
1900011234567,2025-09-21,47,3.163,A
1900011234567,2025-09-21,48,3.236,A
1900011234567,2025-09-22,1,3.137,A
1900011234567,2025-09-22,2,3.176,A
1900011234567,2025-09-22,3,3.115,A
1900011234567,2025-09-22,4,3.371,A
1900011234567,2025-09-22,5,3.167,A
1900011234567,2025-09-22,6,3.229,A
1900011234567,2025-09-22,7,3.324,A
1900011234567,2025-09-22,8,3.23,A
1900011234567,2025-09-22,9,3.43,A
1900011234567,2025-09-22,10,3.118,A
1900011234567,2025-09-22,11,3.28,A
1900011234567,2025-09-22,12,3.357,A
1900011234567,2025-09-22,13,3.325,A
1900011234567,2025-09-22,14,8.977,A
1900011234567,2025-09-22,15,13.983,A
1900011234567,2025-09-22,16,19.004,A
1900011234567,2025-09-22,17,18.837,A
1900011234567,2025-09-22,18,20.765,A
1900011234567,2025-09-22,19,19.657,A
1900011234567,2025-09-22,20,19.172,A
1900011234567,2025-09-22,21,19.74,A
1900011234567,2025-09-22,22,19.002,A
1900011234567,2025-09-22,23,19.495,A
1900011234567,2025-09-22,24,20.049,A
1900011234567,2025-09-22,25,21.185,A
1900011234567,2025-09-22,26,20.307,A
1900011234567,2025-09-22,27,18.809,A
1900011234567,2025-09-22,28,20.701,A
1900011234567,2025-09-22,29,20.915,A
1900011234567,2025-09-22,30,19.702,A
1900011234567,2025-09-22,31,19.651,A
1900011234567,2025-09-22,32,20.545,A
1900011234567,2025-09-22,33,20.357,A
1900011234567,2025-09-22,34,20.013,A
1900011234567,2025-09-22,35,20.648,A
1900011234567,2025-09-22,36,20.136,A
1900011234567,2025-09-22,37,19.019,A
1900011234567,2025-09-22,38,19.203,A
1900011234567,2025-09-22,39,20.546,A
1900011234567,2025-09-22,40,18.823,A
1900011234567,2025-09-22,41,21.045,A
1900011234567,2025-09-22,42,21.004,A
1900011234567,2025-09-22,43,14.688,A
1900011234567,2025-09-22,44,8.674,A
1900011234567,2025-09-22,45,3.22,A
1900011234567,2025-09-22,46,3.432,A
1900011234567,2025-09-22,47,3.415,A
1900011234567,2025-09-22,48,3.081,A
1900011234567,2025-09-23,1,3.214,A
1900011234567,2025-09-23,2,3.073,A
1900011234567,2025-09-23,3,3.318,A
1900011234567,2025-09-23,4,3.379,A
1900011234567,2025-09-23,5,3.249,A
1900011234567,2025-09-23,6,3.194,A
1900011234567,2025-09-23,7,3.271,A
1900011234567,2025-09-23,8,3.314,A
1900011234567,2025-09-23,9,3.135,A
1900011234567,2025-09-23,10,3.387,A
1900011234567,2025-09-23,11,3.068,A
1900011234567,2025-09-23,12,3.235,A
1900011234567,2025-09-23,13,3.306,A
1900011234567,2025-09-23,14,8.383,A
1900011234567,2025-09-23,15,13.637,A
1900011234567,2025-09-23,16,20.767,A
1900011234567,2025-09-23,17,19.385,A
1900011234567,2025-09-23,18,19.738,A
1900011234567,2025-09-23,19,18.936,A
1900011234567,2025-09-23,20,19.189,A
1900011234567,2025-09-23,21,20.47,A
1900011234567,2025-09-23,22,19.372,A
1900011234567,2025-09-23,23,20.925,A
1900011234567,2025-09-23,24,21.041,A
1900011234567,2025-09-23,25,19.742,A
1900011234567,2025-09-23,26,20.651,A
1900011234567,2025-09-23,27,18.966,A
1900011234567,2025-09-23,28,19.952,A
1900011234567,2025-09-23,29,20.01,A
1900011234567,2025-09-23,30,19.036,A
1900011234567,2025-09-23,31,20.863,A
1900011234567,2025-09-23,32,20.084,A
1900011234567,2025-09-23,33,21.021,A
1900011234567,2025-09-23,34,20.779,A
1900011234567,2025-09-23,35,20.824,A
1900011234567,2025-09-23,36,19.547,A
1900011234567,2025-09-23,37,20.042,A
1900011234567,2025-09-23,38,20.493,A
1900011234567,2025-09-23,39,20.386,A
1900011234567,2025-09-23,40,20.63,A
1900011234567,2025-09-23,41,20.04,A
1900011234567,2025-09-23,42,20.084,A
1900011234567,2025-09-23,43,13.694,A
1900011234567,2025-09-23,44,9.268,A
1900011234567,2025-09-23,45,3.394,A
1900011234567,2025-09-23,46,3.198,A
1900011234567,2025-09-23,47,3.256,A
1900011234567,2025-09-23,48,3.219,A
1900011234567,2025-09-24,1,3.414,A
1900011234567,2025-09-24,2,3.365,A
1900011234567,2025-09-24,3,3.438,A
1900011234567,2025-09-24,4,3.128,A
1900011234567,2025-09-24,5,3.36,A
1900011234567,2025-09-24,6,3.103,A
1900011234567,2025-09-24,7,3.165,A
1900011234567,2025-09-24,8,3.152,A
1900011234567,2025-09-24,9,3.121,A
1900011234567,2025-09-24,10,3.277,A
1900011234567,2025-09-24,11,3.159,A
1900011234567,2025-09-24,12,3.088,A
1900011234567,2025-09-24,13,3.335,A
1900011234567,2025-09-24,14,8.526,A
1900011234567,2025-09-24,15,14.169,A
1900011234567,2025-09-24,16,19.975,A
1900011234567,2025-09-24,17,20.577,A
1900011234567,2025-09-24,18,21.113,A
1900011234567,2025-09-24,19,20.725,A
1900011234567,2025-09-24,20,19.552,A
1900011234567,2025-09-24,21,20.855,A
1900011234567,2025-09-24,22,21.084,A
1900011234567,2025-09-24,23,19.041,A
1900011234567,2025-09-24,24,19.148,A
1900011234567,2025-09-24,25,19.002,A
1900011234567,2025-09-24,26,20.81,A
1900011234567,2025-09-24,27,20.933,A
1900011234567,2025-09-24,28,20.956,A
1900011234567,2025-09-24,29,19.831,A
1900011234567,2025-09-24,30,19.494,A
1900011234567,2025-09-24,31,19.09,A
1900011234567,2025-09-24,32,19.399,A
1900011234567,2025-09-24,33,18.937,A
1900011234567,2025-09-24,34,19.642,A
1900011234567,2025-09-24,35,19.658,A
1900011234567,2025-09-24,36,21.162,A
1900011234567,2025-09-24,37,21.011,A
1900011234567,2025-09-24,38,19.527,A
1900011234567,2025-09-24,39,19.616,A
1900011234567,2025-09-24,40,18.869,A
1900011234567,2025-09-24,41,19.95,A
1900011234567,2025-09-24,42,19.52,A
1900011234567,2025-09-24,43,14.717,A
1900011234567,2025-09-24,44,8.406,A
1900011234567,2025-09-24,45,3.415,A
1900011234567,2025-09-24,46,3.233,A
1900011234567,2025-09-24,47,3.442,A
1900011234567,2025-09-24,48,3.131,A
1900011234567,2025-09-25,1,3.428,A
1900011234567,2025-09-25,2,3.099,A
1900011234567,2025-09-25,3,3.075,A
1900011234567,2025-09-25,4,3.379,A
1900011234567,2025-09-25,5,3.104,A
1900011234567,2025-09-25,6,3.281,A
1900011234567,2025-09-25,7,3.104,A
1900011234567,2025-09-25,8,3.24,A
1900011234567,2025-09-25,9,3.122,A
1900011234567,2025-09-25,10,3.065,A
1900011234567,2025-09-25,11,3.185,A
1900011234567,2025-09-25,12,3.278,A
1900011234567,2025-09-25,13,3.202,A
1900011234567,2025-09-25,14,8.504,A
1900011234567,2025-09-25,15,15.139,A
1900011234567,2025-09-25,16,20.397,A
1900011234567,2025-09-25,17,20.399,A
1900011234567,2025-09-25,18,19.791,A
1900011234567,2025-09-25,19,20.855,A
1900011234567,2025-09-25,20,21.069,A
1900011234567,2025-09-25,21,19.93,A
1900011234567,2025-09-25,22,19.394,A
1900011234567,2025-09-25,23,20.579,A
1900011234567,2025-09-25,24,21.109,A
1900011234567,2025-09-25,25,18.981,A
1900011234567,2025-09-25,26,18.837,A
1900011234567,2025-09-25,27,20.245,A
1900011234567,2025-09-25,28,18.841,A
1900011234567,2025-09-25,29,21.12,A
1900011234567,2025-09-25,30,20.647,A
1900011234567,2025-09-25,31,21.099,A
1900011234567,2025-09-25,32,19.192,A
1900011234567,2025-09-25,33,20.577,A
1900011234567,2025-09-25,34,19.204,A
1900011234567,2025-09-25,35,19.807,A
1900011234567,2025-09-25,36,21.133,A
1900011234567,2025-09-25,37,19.342,A
1900011234567,2025-09-25,38,18.874,A
1900011234567,2025-09-25,39,19.728,A
1900011234567,2025-09-25,40,20.978,A
1900011234567,2025-09-25,41,18.935,A
1900011234567,2025-09-25,42,19.934,A
1900011234567,2025-09-25,43,14.398,A
1900011234567,2025-09-25,44,9.128,A
1900011234567,2025-09-25,45,3.387,A
1900011234567,2025-09-25,46,3.209,A
1900011234567,2025-09-25,47,3.066,A
1900011234567,2025-09-25,48,3.404,A
1900011234567,2025-09-26,1,3.293,A
1900011234567,2025-09-26,2,3.253,A
1900011234567,2025-09-26,3,3.156,A
1900011234567,2025-09-26,4,3.334,A
1900011234567,2025-09-26,5,3.215,A
1900011234567,2025-09-26,6,3.271,A
1900011234567,2025-09-26,7,3.348,A
1900011234567,2025-09-26,8,3.335,A
1900011234567,2025-09-26,9,3.157,A
1900011234567,2025-09-26,10,3.085,A
1900011234567,2025-09-26,11,3.07,A
1900011234567,2025-09-26,12,3.168,A
1900011234567,2025-09-26,13,3.261,A
1900011234567,2025-09-26,14,9.257,A
1900011234567,2025-09-26,15,14.762,A
1900011234567,2025-09-26,16,18.94,A
1900011234567,2025-09-26,17,20.88,A
1900011234567,2025-09-26,18,19.994,A
1900011234567,2025-09-26,19,19.556,A
1900011234567,2025-09-26,20,19.752,A
1900011234567,2025-09-26,21,20.497,A
1900011234567,2025-09-26,22,19.088,A
1900011234567,2025-09-26,23,19.882,A
1900011234567,2025-09-26,24,20.26,A
1900011234567,2025-09-26,25,19.979,A
1900011234567,2025-09-26,26,20.839,A
1900011234567,2025-09-26,27,20.282,A
1900011234567,2025-09-26,28,20.032,A
1900011234567,2025-09-26,29,19.626,A
1900011234567,2025-09-26,30,19.867,A
1900011234567,2025-09-26,31,20.82,A
1900011234567,2025-09-26,32,19.799,A
1900011234567,2025-09-26,33,19.732,A
1900011234567,2025-09-26,34,20.664,A
1900011234567,2025-09-26,35,21.016,A
1900011234567,2025-09-26,36,20.21,A
1900011234567,2025-09-26,37,20.453,A
1900011234567,2025-09-26,38,19.431,A
1900011234567,2025-09-26,39,19.776,A
1900011234567,2025-09-26,40,20.371,A
1900011234567,2025-09-26,41,19.288,A
1900011234567,2025-09-26,42,18.854,A
1900011234567,2025-09-26,43,15.136,A
1900011234567,2025-09-26,44,9.184,A
1900011234567,2025-09-26,45,3.302,A
1900011234567,2025-09-26,46,3.348,A
1900011234567,2025-09-26,47,3.438,A
1900011234567,2025-09-26,48,3.315,A
1900011234567,2025-09-27,1,3.085,A
1900011234567,2025-09-27,2,3.363,A
1900011234567,2025-09-27,3,3.183,A
1900011234567,2025-09-27,4,3.415,A
1900011234567,2025-09-27,5,3.389,A
1900011234567,2025-09-27,6,3.133,A
1900011234567,2025-09-27,7,3.173,A
1900011234567,2025-09-27,8,3.099,A
1900011234567,2025-09-27,9,3.125,A
1900011234567,2025-09-27,10,3.125,A
1900011234567,2025-09-27,11,3.234,A
1900011234567,2025-09-27,12,3.106,A
1900011234567,2025-09-27,13,3.189,A
1900011234567,2025-09-27,14,3.404,A
1900011234567,2025-09-27,15,3.255,A
1900011234567,2025-09-27,16,3.421,A
1900011234567,2025-09-27,17,6.642,A
1900011234567,2025-09-27,18,7.164,A
1900011234567,2025-09-27,19,7.156,A
1900011234567,2025-09-27,20,7.067,A
1900011234567,2025-09-27,21,6.971,A
1900011234567,2025-09-27,22,6.667,A
1900011234567,2025-09-27,23,6.894,A
1900011234567,2025-09-27,24,6.962,A
1900011234567,2025-09-27,25,6.973,A
1900011234567,2025-09-27,26,7.286,A
1900011234567,2025-09-27,27,6.672,A
1900011234567,2025-09-27,28,6.52,A
1900011234567,2025-09-27,29,6.895,A
1900011234567,2025-09-27,30,6.84,A
1900011234567,2025-09-27,31,7.32,A
1900011234567,2025-09-27,32,6.786,A
1900011234567,2025-09-27,33,3.177,A
1900011234567,2025-09-27,34,3.264,A
1900011234567,2025-09-27,35,3.4,A
1900011234567,2025-09-27,36,3.169,A
1900011234567,2025-09-27,37,3.226,A
1900011234567,2025-09-27,38,3.187,A
1900011234567,2025-09-27,39,3.293,A
1900011234567,2025-09-27,40,3.438,A
1900011234567,2025-09-27,41,3.22,A
1900011234567,2025-09-27,42,3.194,A
1900011234567,2025-09-27,43,3.215,A
1900011234567,2025-09-27,44,3.255,A
1900011234567,2025-09-27,45,3.302,A
1900011234567,2025-09-27,46,3.383,A
1900011234567,2025-09-27,47,3.112,A
1900011234567,2025-09-27,48,3.07,A
1900011234567,2025-09-28,1,3.096,A
1900011234567,2025-09-28,2,3.083,A
1900011234567,2025-09-28,3,3.378,A
1900011234567,2025-09-28,4,3.313,A
1900011234567,2025-09-28,5,3.331,A
1900011234567,2025-09-28,6,3.301,A
1900011234567,2025-09-28,7,3.166,A
1900011234567,2025-09-28,8,3.114,A
1900011234567,2025-09-28,9,3.103,A
1900011234567,2025-09-28,10,3.245,A
1900011234567,2025-09-28,11,3.296,A
1900011234567,2025-09-28,12,3.106,A
1900011234567,2025-09-28,13,3.082,A
1900011234567,2025-09-28,14,3.088,A
1900011234567,2025-09-28,15,3.145,A
1900011234567,2025-09-28,16,3.061,A
1900011234567,2025-09-28,17,6.783,A
1900011234567,2025-09-28,18,7.075,A
1900011234567,2025-09-28,19,6.894,A
1900011234567,2025-09-28,20,6.725,A
1900011234567,2025-09-28,21,6.961,A
1900011234567,2025-09-28,22,6.744,A
1900011234567,2025-09-28,23,6.597,A
1900011234567,2025-09-28,24,6.672,A
1900011234567,2025-09-28,25,6.871,A
1900011234567,2025-09-28,26,7.303,A
1900011234567,2025-09-28,27,6.788,A
1900011234567,2025-09-28,28,7.003,A
1900011234567,2025-09-28,29,6.603,A
1900011234567,2025-09-28,30,6.694,A
1900011234567,2025-09-28,31,7.081,A
1900011234567,2025-09-28,32,6.813,A
1900011234567,2025-09-28,33,3.421,A
1900011234567,2025-09-28,34,3.384,A
1900011234567,2025-09-28,35,3.204,A
1900011234567,2025-09-28,36,3.285,A
1900011234567,2025-09-28,37,3.148,A
1900011234567,2025-09-28,38,3.328,A
1900011234567,2025-09-28,39,3.099,A
1900011234567,2025-09-28,40,3.185,A
1900011234567,2025-09-28,41,3.184,A
1900011234567,2025-09-28,42,3.332,A
1900011234567,2025-09-28,43,3.428,A
1900011234567,2025-09-28,44,3.151,A
1900011234567,2025-09-28,45,3.443,A
1900011234567,2025-09-28,46,3.084,A
1900011234567,2025-09-28,47,3.43,A
1900011234567,2025-09-28,48,3.22,A
1900011234567,2025-09-29,1,3.175,A
1900011234567,2025-09-29,2,3.217,A
1900011234567,2025-09-29,3,3.133,A
1900011234567,2025-09-29,4,3.433,A
1900011234567,2025-09-29,5,3.181,A
1900011234567,2025-09-29,6,3.167,A
1900011234567,2025-09-29,7,3.227,A
1900011234567,2025-09-29,8,3.065,A
1900011234567,2025-09-29,9,3.06,A
1900011234567,2025-09-29,10,3.346,A
1900011234567,2025-09-29,11,3.274,A
1900011234567,2025-09-29,12,3.174,A
1900011234567,2025-09-29,13,3.434,A
1900011234567,2025-09-29,14,8.703,A
1900011234567,2025-09-29,15,14.087,A
1900011234567,2025-09-29,16,20.347,A
1900011234567,2025-09-29,17,20.47,A
1900011234567,2025-09-29,18,19.318,A
1900011234567,2025-09-29,19,20.623,A
1900011234567,2025-09-29,20,20.262,A
1900011234567,2025-09-29,21,19.42,A
1900011234567,2025-09-29,22,20.023,A
1900011234567,2025-09-29,23,21.005,A
1900011234567,2025-09-29,24,19.188,A
1900011234567,2025-09-29,25,19.001,A
1900011234567,2025-09-29,26,20.749,A
1900011234567,2025-09-29,27,20.176,A
1900011234567,2025-09-29,28,21.106,A
1900011234567,2025-09-29,29,19.233,A
1900011234567,2025-09-29,30,19.782,A
1900011234567,2025-09-29,31,19.927,A
1900011234567,2025-09-29,32,20.806,A
1900011234567,2025-09-29,33,19.051,A
1900011234567,2025-09-29,34,19.512,A
1900011234567,2025-09-29,35,20.504,A
1900011234567,2025-09-29,36,20.343,A
1900011234567,2025-09-29,37,21.03,A
1900011234567,2025-09-29,38,21.17,A
1900011234567,2025-09-29,39,19.263,A
1900011234567,2025-09-29,40,18.926,A
1900011234567,2025-09-29,41,19.136,A
1900011234567,2025-09-29,42,21.151,A
1900011234567,2025-09-29,43,14.75,A
1900011234567,2025-09-29,44,9.317,A
1900011234567,2025-09-29,45,3.09,A
1900011234567,2025-09-29,46,3.259,A
1900011234567,2025-09-29,47,3.316,A
1900011234567,2025-09-29,48,3.358,A
1900011234567,2025-09-30,1,3.413,A
1900011234567,2025-09-30,2,3.337,A
1900011234567,2025-09-30,3,3.14,A
1900011234567,2025-09-30,4,3.123,A
1900011234567,2025-09-30,5,3.254,A
1900011234567,2025-09-30,6,3.25,A
1900011234567,2025-09-30,7,3.178,A
1900011234567,2025-09-30,8,3.143,A
1900011234567,2025-09-30,9,3.363,A
1900011234567,2025-09-30,10,3.059,A
1900011234567,2025-09-30,11,3.392,A
1900011234567,2025-09-30,12,3.091,A
1900011234567,2025-09-30,13,3.147,A
1900011234567,2025-09-30,14,8.379,A
1900011234567,2025-09-30,15,14.347,A
1900011234567,2025-09-30,16,19.844,A
1900011234567,2025-09-30,17,21.131,A
1900011234567,2025-09-30,18,20.144,A
1900011234567,2025-09-30,19,20.608,A
1900011234567,2025-09-30,20,21.002,A
1900011234567,2025-09-30,21,19.111,A
1900011234567,2025-09-30,22,20.932,A
1900011234567,2025-09-30,23,20.64,A
1900011234567,2025-09-30,24,19.22,A
1900011234567,2025-09-30,25,19.674,A
1900011234567,2025-09-30,26,20.704,A
1900011234567,2025-09-30,27,21.111,A
1900011234567,2025-09-30,28,20.843,A
1900011234567,2025-09-30,29,18.971,A
1900011234567,2025-09-30,30,19.327,A
1900011234567,2025-09-30,31,18.866,A
1900011234567,2025-09-30,32,20.209,A
1900011234567,2025-09-30,33,20.768,A
1900011234567,2025-09-30,34,20.092,A
1900011234567,2025-09-30,35,19.285,A
1900011234567,2025-09-30,36,20.91,A
1900011234567,2025-09-30,37,19.231,A
1900011234567,2025-09-30,38,20.36,A
1900011234567,2025-09-30,39,21.007,A
1900011234567,2025-09-30,40,18.811,A
1900011234567,2025-09-30,41,19.854,A
1900011234567,2025-09-30,42,20.196,A
1900011234567,2025-09-30,43,15.237,A
1900011234567,2025-09-30,44,8.93,A
1900011234567,2025-09-30,45,3.17,A
1900011234567,2025-09-30,46,3.188,A
1900011234567,2025-09-30,47,3.165,A
1900011234567,2025-09-30,48,3.41,A
1900011234567,2025-10-01,1,3.238,A
1900011234567,2025-10-01,2,3.275,A
1900011234567,2025-10-01,3,3.408,A
1900011234567,2025-10-01,4,3.293,A
1900011234567,2025-10-01,5,3.119,A
1900011234567,2025-10-01,6,3.417,A
1900011234567,2025-10-01,7,3.148,A
1900011234567,2025-10-01,8,3.134,A
1900011234567,2025-10-01,9,3.085,A
1900011234567,2025-10-01,10,3.429,A
1900011234567,2025-10-01,11,3.115,A
1900011234567,2025-10-01,12,3.248,A
1900011234567,2025-10-01,13,3.329,A
1900011234567,2025-10-01,14,9.33,A
1900011234567,2025-10-01,15,13.974,A
1900011234567,2025-10-01,16,20.568,A
1900011234567,2025-10-01,17,19.103,A
1900011234567,2025-10-01,18,20.955,A
1900011234567,2025-10-01,19,19.39,A
1900011234567,2025-10-01,20,21.084,A
1900011234567,2025-10-01,21,20.955,A
1900011234567,2025-10-01,22,20.223,A
1900011234567,2025-10-01,23,20.764,A
1900011234567,2025-10-01,24,20.246,A
1900011234567,2025-10-01,25,20.444,A
1900011234567,2025-10-01,26,19.929,A
1900011234567,2025-10-01,27,20.949,A
1900011234567,2025-10-01,28,19.231,A
1900011234567,2025-10-01,29,21.053,A
1900011234567,2025-10-01,30,18.95,A
1900011234567,2025-10-01,31,20.849,A
1900011234567,2025-10-01,32,20.85,A
1900011234567,2025-10-01,33,19.016,A
1900011234567,2025-10-01,34,19.012,A
1900011234567,2025-10-01,35,19.304,A
1900011234567,2025-10-01,36,19.854,A
1900011234567,2025-10-01,37,20.833,A
1900011234567,2025-10-01,38,20.299,A
1900011234567,2025-10-01,39,19.007,A
1900011234567,2025-10-01,40,19.304,A
1900011234567,2025-10-01,41,20.204,A
1900011234567,2025-10-01,42,19.166,A
1900011234567,2025-10-01,43,14.335,A
1900011234567,2025-10-01,44,8.671,A
1900011234567,2025-10-01,45,3.358,A
1900011234567,2025-10-01,46,3.386,A
1900011234567,2025-10-01,47,3.289,A
1900011234567,2025-10-01,48,3.369,A
1900011234567,2025-10-02,1,3.353,A
1900011234567,2025-10-02,2,3.361,A
1900011234567,2025-10-02,3,3.197,A
1900011234567,2025-10-02,4,3.344,A
1900011234567,2025-10-02,5,3.111,A
1900011234567,2025-10-02,6,3.112,A
1900011234567,2025-10-02,7,3.428,A
1900011234567,2025-10-02,8,3.296,A
1900011234567,2025-10-02,9,3.21,A
1900011234567,2025-10-02,10,3.433,A
1900011234567,2025-10-02,11,3.055,A
1900011234567,2025-10-02,12,3.304,A
1900011234567,2025-10-02,13,3.094,A
1900011234567,2025-10-02,14,8.364,A
1900011234567,2025-10-02,15,13.704,A
1900011234567,2025-10-02,16,19.913,A
1900011234567,2025-10-02,17,19.164,A
1900011234567,2025-10-02,18,20.354,A
1900011234567,2025-10-02,19,20.707,A
1900011234567,2025-10-02,20,20.343,A
1900011234567,2025-10-02,21,19.509,A
1900011234567,2025-10-02,22,20.171,A
1900011234567,2025-10-02,23,18.905,A
1900011234567,2025-10-02,24,20.061,A
1900011234567,2025-10-02,25,20.889,A
1900011234567,2025-10-02,26,19.202,A
1900011234567,2025-10-02,27,20.208,A
1900011234567,2025-10-02,28,18.814,A
1900011234567,2025-10-02,29,20.754,A
1900011234567,2025-10-02,30,20.607,A
1900011234567,2025-10-02,31,20.077,A
1900011234567,2025-10-02,32,19.493,A
1900011234567,2025-10-02,33,18.842,A
1900011234567,2025-10-02,34,20.836,A
1900011234567,2025-10-02,35,21.15,A
1900011234567,2025-10-02,36,20.657,A
1900011234567,2025-10-02,37,19.366,A
1900011234567,2025-10-02,38,20.688,A
1900011234567,2025-10-02,39,18.836,A
1900011234567,2025-10-02,40,21.19,A
1900011234567,2025-10-02,41,20.256,A
1900011234567,2025-10-02,42,19.387,A
1900011234567,2025-10-02,43,14.793,A
1900011234567,2025-10-02,44,9.288,A
1900011234567,2025-10-02,45,3.212,A
1900011234567,2025-10-02,46,3.3,A
1900011234567,2025-10-02,47,3.212,A
1900011234567,2025-10-02,48,3.093,A
1900011234567,2025-10-03,1,3.395,A
1900011234567,2025-10-03,2,3.134,A
1900011234567,2025-10-03,3,3.427,A
1900011234567,2025-10-03,4,3.363,A
1900011234567,2025-10-03,5,3.249,A
1900011234567,2025-10-03,6,3.155,A
1900011234567,2025-10-03,7,3.071,A
1900011234567,2025-10-03,8,3.151,A
1900011234567,2025-10-03,9,3.091,A
1900011234567,2025-10-03,10,3.055,A
1900011234567,2025-10-03,11,3.416,A
1900011234567,2025-10-03,12,3.371,A
1900011234567,2025-10-03,13,3.31,A
1900011234567,2025-10-03,14,8.415,A
1900011234567,2025-10-03,15,14.197,A
1900011234567,2025-10-03,16,19.785,A
1900011234567,2025-10-03,17,20.652,A
1900011234567,2025-10-03,18,20.84,A
1900011234567,2025-10-03,19,18.881,A
1900011234567,2025-10-03,20,19.764,A
1900011234567,2025-10-03,21,19.31,A
1900011234567,2025-10-03,22,20.084,A
1900011234567,2025-10-03,23,19.955,A
1900011234567,2025-10-03,24,19.306,A
1900011234567,2025-10-03,25,20.457,A
1900011234567,2025-10-03,26,19.457,A
1900011234567,2025-10-03,27,20.015,A
1900011234567,2025-10-03,28,20.343,A
1900011234567,2025-10-03,29,19.468,A
1900011234567,2025-10-03,30,19.897,A
1900011234567,2025-10-03,31,19.4,A
1900011234567,2025-10-03,32,21.045,A
1900011234567,2025-10-03,33,20.437,A
1900011234567,2025-10-03,34,21.012,A
1900011234567,2025-10-03,35,21.012,A
1900011234567,2025-10-03,36,20.244,A
1900011234567,2025-10-03,37,19.518,A
1900011234567,2025-10-03,38,20.665,A
1900011234567,2025-10-03,39,20.002,A
1900011234567,2025-10-03,40,19.533,A
1900011234567,2025-10-03,41,19.854,A
1900011234567,2025-10-03,42,19.002,A
1900011234567,2025-10-03,43,14.135,A
1900011234567,2025-10-03,44,8.571,A
1900011234567,2025-10-03,45,3.353,A
1900011234567,2025-10-03,46,3.283,A
1900011234567,2025-10-03,47,3.065,A
1900011234567,2025-10-03,48,3.26,A
1900011234567,2025-10-04,1,3.274,A
1900011234567,2025-10-04,2,3.228,A
1900011234567,2025-10-04,3,3.235,A
1900011234567,2025-10-04,4,3.272,A
1900011234567,2025-10-04,5,3.278,A
1900011234567,2025-10-04,6,3.065,A
1900011234567,2025-10-04,7,3.194,A
1900011234567,2025-10-04,8,3.08,A
1900011234567,2025-10-04,9,3.164,A
1900011234567,2025-10-04,10,3.33,A
1900011234567,2025-10-04,11,3.365,A
1900011234567,2025-10-04,12,3.199,A
1900011234567,2025-10-04,13,3.125,A
1900011234567,2025-10-04,14,3.308,A
1900011234567,2025-10-04,15,3.326,A
1900011234567,2025-10-04,16,3.171,A
1900011234567,2025-10-04,17,6.75,A
1900011234567,2025-10-04,18,6.572,A
1900011234567,2025-10-04,19,7.311,A
1900011234567,2025-10-04,20,6.699,A
1900011234567,2025-10-04,21,7.214,A
1900011234567,2025-10-04,22,6.591,A
1900011234567,2025-10-04,23,7.011,A
1900011234567,2025-10-04,24,7.289,A
1900011234567,2025-10-04,25,7.264,A
1900011234567,2025-10-04,26,6.957,A
1900011234567,2025-10-04,27,6.87,A
1900011234567,2025-10-04,28,6.776,A
1900011234567,2025-10-04,29,6.677,A
1900011234567,2025-10-04,30,7.269,A
1900011234567,2025-10-04,31,6.943,A
1900011234567,2025-10-04,32,6.788,A
1900011234567,2025-10-04,33,3.147,A
1900011234567,2025-10-04,34,3.434,A
1900011234567,2025-10-04,35,3.374,A
1900011234567,2025-10-04,36,3.344,A
1900011234567,2025-10-04,37,3.431,A
1900011234567,2025-10-04,38,3.326,A
1900011234567,2025-10-04,39,3.226,A
1900011234567,2025-10-04,40,3.145,A
1900011234567,2025-10-04,41,3.293,A
1900011234567,2025-10-04,42,3.225,A
1900011234567,2025-10-04,43,3.289,A
1900011234567,2025-10-04,44,3.309,A
1900011234567,2025-10-04,45,3.29,A
1900011234567,2025-10-04,46,3.397,A
1900011234567,2025-10-04,47,3.331,A
1900011234567,2025-10-04,48,3.178,A
1900011234567,2025-10-05,1,3.39,A
1900011234567,2025-10-05,2,3.267,A
1900011234567,2025-10-05,3,3.445,A
1900011234567,2025-10-05,4,3.245,A
1900011234567,2025-10-05,5,3.305,A
1900011234567,2025-10-05,6,3.154,A
1900011234567,2025-10-05,7,3.208,A
1900011234567,2025-10-05,8,3.417,A
1900011234567,2025-10-05,9,3.445,A
1900011234567,2025-10-05,10,3.067,A
1900011234567,2025-10-05,11,3.193,A
1900011234567,2025-10-05,12,3.178,A
1900011234567,2025-10-05,13,3.071,A
1900011234567,2025-10-05,14,3.081,A
1900011234567,2025-10-05,15,3.185,A
1900011234567,2025-10-05,16,3.249,A
1900011234567,2025-10-05,17,7.153,A
1900011234567,2025-10-05,18,7.103,A
1900011234567,2025-10-05,19,6.652,A
1900011234567,2025-10-05,20,7.023,A
1900011234567,2025-10-05,21,7.233,A
1900011234567,2025-10-05,22,7.314,A
1900011234567,2025-10-05,23,7.348,A
1900011234567,2025-10-05,24,7.167,A
1900011234567,2025-10-05,25,7.065,A
1900011234567,2025-10-05,26,6.531,A
1900011234567,2025-10-05,27,7.258,A
1900011234567,2025-10-05,28,6.541,A
1900011234567,2025-10-05,29,7.145,A
1900011234567,2025-10-05,30,6.738,A
1900011234567,2025-10-05,31,6.869,A
1900011234567,2025-10-05,32,6.67,A
1900011234567,2025-10-05,33,3.346,A
1900011234567,2025-10-05,34,3.252,A
1900011234567,2025-10-05,35,3.332,A
1900011234567,2025-10-05,36,3.372,A
1900011234567,2025-10-05,37,3.355,A
1900011234567,2025-10-05,38,3.367,A
1900011234567,2025-10-05,39,3.324,A
1900011234567,2025-10-05,40,3.194,A
1900011234567,2025-10-05,41,3.205,A
1900011234567,2025-10-05,42,3.168,A
1900011234567,2025-10-05,43,3.184,A
1900011234567,2025-10-05,44,3.122,A
1900011234567,2025-10-05,45,3.416,A
1900011234567,2025-10-05,46,3.413,A
1900011234567,2025-10-05,47,3.229,A
1900011234567,2025-10-05,48,3.093,A
1900011234567,2025-10-06,1,3.333,A
1900011234567,2025-10-06,2,3.262,A
1900011234567,2025-10-06,3,3.329,A
1900011234567,2025-10-06,4,3.443,A
1900011234567,2025-10-06,5,3.296,A
1900011234567,2025-10-06,6,3.339,A
1900011234567,2025-10-06,7,3.233,A
1900011234567,2025-10-06,8,3.165,A
1900011234567,2025-10-06,9,3.154,A
1900011234567,2025-10-06,10,3.266,A
1900011234567,2025-10-06,11,3.225,A
1900011234567,2025-10-06,12,3.07,A
1900011234567,2025-10-06,13,3.062,A
1900011234567,2025-10-06,14,8.626,A
1900011234567,2025-10-06,15,14.635,A
1900011234567,2025-10-06,16,20.396,A
1900011234567,2025-10-06,17,20.004,A
1900011234567,2025-10-06,18,19.399,A
1900011234567,2025-10-06,19,20.496,A
1900011234567,2025-10-06,20,20.522,A
1900011234567,2025-10-06,21,19.568,A
1900011234567,2025-10-06,22,19.569,A
1900011234567,2025-10-06,23,19.064,A
1900011234567,2025-10-06,24,19.551,A
1900011234567,2025-10-06,25,19.641,A
1900011234567,2025-10-06,26,18.875,A
1900011234567,2025-10-06,27,20.819,A
1900011234567,2025-10-06,28,18.864,A
1900011234567,2025-10-06,29,19.785,A
1900011234567,2025-10-06,30,19.096,A
1900011234567,2025-10-06,31,19.968,A
1900011234567,2025-10-06,32,19.865,A
1900011234567,2025-10-06,33,19.155,A
1900011234567,2025-10-06,34,20.89,A
1900011234567,2025-10-06,35,20.208,A
1900011234567,2025-10-06,36,19.137,A
1900011234567,2025-10-06,37,20.704,A
1900011234567,2025-10-06,38,19.675,A
1900011234567,2025-10-06,39,19.467,A
1900011234567,2025-10-06,40,21.103,A
1900011234567,2025-10-06,41,20.531,A
1900011234567,2025-10-06,42,19.047,A
1900011234567,2025-10-06,43,14.042,A
1900011234567,2025-10-06,44,8.627,A
1900011234567,2025-10-06,45,3.421,A
1900011234567,2025-10-06,46,3.318,A
1900011234567,2025-10-06,47,3.259,A
1900011234567,2025-10-06,48,3.124,A
1900011234567,2025-10-07,1,3.41,A
1900011234567,2025-10-07,2,3.292,A
1900011234567,2025-10-07,3,3.375,A
1900011234567,2025-10-07,4,3.289,A
1900011234567,2025-10-07,5,3.35,A
1900011234567,2025-10-07,6,3.172,A
1900011234567,2025-10-07,7,3.162,A
1900011234567,2025-10-07,8,3.215,A
1900011234567,2025-10-07,9,3.263,A
1900011234567,2025-10-07,10,3.411,A
1900011234567,2025-10-07,11,3.181,A
1900011234567,2025-10-07,12,3.269,A
1900011234567,2025-10-07,13,3.24,A
1900011234567,2025-10-07,14,8.316,A
1900011234567,2025-10-07,15,14.266,A
1900011234567,2025-10-07,16,18.854,A
1900011234567,2025-10-07,17,20.666,A
1900011234567,2025-10-07,18,20.873,A
1900011234567,2025-10-07,19,19.879,A
1900011234567,2025-10-07,20,20.812,A
1900011234567,2025-10-07,21,19.138,A
1900011234567,2025-10-07,22,19.82,A
1900011234567,2025-10-07,23,19.013,A
1900011234567,2025-10-07,24,20.96,A
1900011234567,2025-10-07,25,21.128,A
1900011234567,2025-10-07,26,19.279,A
1900011234567,2025-10-07,27,19.927,A
1900011234567,2025-10-07,28,21.171,A
1900011234567,2025-10-07,29,20.727,A
1900011234567,2025-10-07,30,19.846,A
1900011234567,2025-10-07,31,19.857,A
1900011234567,2025-10-07,32,20.049,A
1900011234567,2025-10-07,33,20.583,A
1900011234567,2025-10-07,34,20.831,A
1900011234567,2025-10-07,35,19.036,A
1900011234567,2025-10-07,36,20.016,A
1900011234567,2025-10-07,37,19.024,A
1900011234567,2025-10-07,38,19.674,A
1900011234567,2025-10-07,39,20.322,A
1900011234567,2025-10-07,40,20.602,A
1900011234567,2025-10-07,41,20.522,A
1900011234567,2025-10-07,42,20.782,A
1900011234567,2025-10-07,43,14.884,A
1900011234567,2025-10-07,44,8.973,A
1900011234567,2025-10-07,45,3.36,A
1900011234567,2025-10-07,46,3.41,A
1900011234567,2025-10-07,47,3.387,A
1900011234567,2025-10-07,48,3.186,A
1900011234567,2025-10-08,1,3.233,A
1900011234567,2025-10-08,2,3.239,A
1900011234567,2025-10-08,3,3.245,A
1900011234567,2025-10-08,4,3.38,A
1900011234567,2025-10-08,5,3.42,A
1900011234567,2025-10-08,6,3.301,A
1900011234567,2025-10-08,7,3.231,A
1900011234567,2025-10-08,8,3.299,A
1900011234567,2025-10-08,9,3.224,A
1900011234567,2025-10-08,10,3.152,A
1900011234567,2025-10-08,11,3.374,A
1900011234567,2025-10-08,12,3.258,A
1900011234567,2025-10-08,13,3.433,A
1900011234567,2025-10-08,14,9.015,A
1900011234567,2025-10-08,15,14.094,A
1900011234567,2025-10-08,16,20.394,A
1900011234567,2025-10-08,17,19.374,A
1900011234567,2025-10-08,18,19.542,A
1900011234567,2025-10-08,19,18.911,A
1900011234567,2025-10-08,20,20.775,A
1900011234567,2025-10-08,21,20.606,A
1900011234567,2025-10-08,22,20.962,A
1900011234567,2025-10-08,23,18.996,A
1900011234567,2025-10-08,24,19.113,A
1900011234567,2025-10-08,25,21.042,A
1900011234567,2025-10-08,26,19.103,A
1900011234567,2025-10-08,27,21.069,A
1900011234567,2025-10-08,28,21.018,A
1900011234567,2025-10-08,29,20.013,A
1900011234567,2025-10-08,30,21.017,A
1900011234567,2025-10-08,31,18.979,A
1900011234567,2025-10-08,32,19.718,A
1900011234567,2025-10-08,33,20.846,A
1900011234567,2025-10-08,34,20.654,A
1900011234567,2025-10-08,35,20.263,A
1900011234567,2025-10-08,36,19.877,A
1900011234567,2025-10-08,37,19.446,A
1900011234567,2025-10-08,38,20.771,A
1900011234567,2025-10-08,39,18.82,A
1900011234567,2025-10-08,40,18.835,A
1900011234567,2025-10-08,41,18.88,A
1900011234567,2025-10-08,42,19.979,A
1900011234567,2025-10-08,43,14.167,A
1900011234567,2025-10-08,44,9.35,A
1900011234567,2025-10-08,45,3.115,A
1900011234567,2025-10-08,46,3.336,A
1900011234567,2025-10-08,47,3.284,A
1900011234567,2025-10-08,48,3.212,A
1900011234567,2025-10-09,1,3.128,A
1900011234567,2025-10-09,2,3.126,A
1900011234567,2025-10-09,3,3.396,A
1900011234567,2025-10-09,4,3.295,A
1900011234567,2025-10-09,5,3.227,A
1900011234567,2025-10-09,6,3.415,A
1900011234567,2025-10-09,7,3.134,A
1900011234567,2025-10-09,8,3.381,A
1900011234567,2025-10-09,9,3.379,A
1900011234567,2025-10-09,10,3.297,A
1900011234567,2025-10-09,11,3.316,A
1900011234567,2025-10-09,12,3.206,A
1900011234567,2025-10-09,13,3.122,A
1900011234567,2025-10-09,14,8.394,A
1900011234567,2025-10-09,15,13.816,A
1900011234567,2025-10-09,16,19.816,A
1900011234567,2025-10-09,17,19.137,A
1900011234567,2025-10-09,18,19.158,A
1900011234567,2025-10-09,19,20.624,A
1900011234567,2025-10-09,20,21.003,A
1900011234567,2025-10-09,21,19.447,A
1900011234567,2025-10-09,22,20.865,A
1900011234567,2025-10-09,23,18.875,A
1900011234567,2025-10-09,24,19.832,A
1900011234567,2025-10-09,25,20.827,A
1900011234567,2025-10-09,26,20.12,A
1900011234567,2025-10-09,27,20.202,A
1900011234567,2025-10-09,28,20.147,A
1900011234567,2025-10-09,29,20.851,A
1900011234567,2025-10-09,30,21.144,A
1900011234567,2025-10-09,31,20.181,A
1900011234567,2025-10-09,32,18.872,A
1900011234567,2025-10-09,33,20.057,A
1900011234567,2025-10-09,34,19.814,A
1900011234567,2025-10-09,35,20.994,A
1900011234567,2025-10-09,36,19.289,A
1900011234567,2025-10-09,37,19.64,A
1900011234567,2025-10-09,38,20.729,A
1900011234567,2025-10-09,39,18.916,A
1900011234567,2025-10-09,40,19.165,A
1900011234567,2025-10-09,41,20.161,A
1900011234567,2025-10-09,42,21.004,A
1900011234567,2025-10-09,43,13.71,A
1900011234567,2025-10-09,44,8.692,A
1900011234567,2025-10-09,45,3.059,A
1900011234567,2025-10-09,46,3.434,A
1900011234567,2025-10-09,47,3.057,A
1900011234567,2025-10-09,48,3.288,A
1900011234567,2025-10-10,1,3.222,A
1900011234567,2025-10-10,2,3.077,A
1900011234567,2025-10-10,3,3.415,A
1900011234567,2025-10-10,4,3.113,A
1900011234567,2025-10-10,5,3.393,A
1900011234567,2025-10-10,6,3.384,A
1900011234567,2025-10-10,7,3.1,A
1900011234567,2025-10-10,8,3.368,A
1900011234567,2025-10-10,9,3.275,A
1900011234567,2025-10-10,10,3.232,A
1900011234567,2025-10-10,11,3.168,A
1900011234567,2025-10-10,12,3.281,A
1900011234567,2025-10-10,13,3.132,A
1900011234567,2025-10-10,14,9.352,A
1900011234567,2025-10-10,15,14.647,A
1900011234567,2025-10-10,16,20.222,A
1900011234567,2025-10-10,17,18.96,A
1900011234567,2025-10-10,18,20.15,A
1900011234567,2025-10-10,19,20.505,A
1900011234567,2025-10-10,20,18.861,A
1900011234567,2025-10-10,21,21.002,A
1900011234567,2025-10-10,22,19.827,A
1900011234567,2025-10-10,23,18.835,A
1900011234567,2025-10-10,24,20.164,A
1900011234567,2025-10-10,25,19.696,A
1900011234567,2025-10-10,26,19.941,A
1900011234567,2025-10-10,27,19.494,A
1900011234567,2025-10-10,28,20.327,A
1900011234567,2025-10-10,29,19.203,A
1900011234567,2025-10-10,30,20.499,A
1900011234567,2025-10-10,31,20.534,A
1900011234567,2025-10-10,32,19.342,A
1900011234567,2025-10-10,33,20.037,A
1900011234567,2025-10-10,34,20.489,A
1900011234567,2025-10-10,35,20.583,A
1900011234567,2025-10-10,36,19.424,A
1900011234567,2025-10-10,37,20.071,A
1900011234567,2025-10-10,38,21.176,A
1900011234567,2025-10-10,39,20.032,A
1900011234567,2025-10-10,40,19.219,A
1900011234567,2025-10-10,41,20.091,A
1900011234567,2025-10-10,42,19.276,A
1900011234567,2025-10-10,43,14.146,A
1900011234567,2025-10-10,44,9.275,A
1900011234567,2025-10-10,45,3.171,A
1900011234567,2025-10-10,46,3.306,A
1900011234567,2025-10-10,47,3.356,A
1900011234567,2025-10-10,48,3.271,A
1900011234567,2025-10-11,1,3.321,A
1900011234567,2025-10-11,2,3.245,A
1900011234567,2025-10-11,3,3.243,A
1900011234567,2025-10-11,4,3.078,A
1900011234567,2025-10-11,5,3.341,A
1900011234567,2025-10-11,6,3.38,A
1900011234567,2025-10-11,7,3.32,A
1900011234567,2025-10-11,8,3.428,A
1900011234567,2025-10-11,9,3.094,A
1900011234567,2025-10-11,10,3.06,A
1900011234567,2025-10-11,11,3.274,A
1900011234567,2025-10-11,12,3.128,A
1900011234567,2025-10-11,13,3.427,A
1900011234567,2025-10-11,14,3.427,A
1900011234567,2025-10-11,15,3.333,A
1900011234567,2025-10-11,16,3.206,A
1900011234567,2025-10-11,17,7.196,A
1900011234567,2025-10-11,18,7.035,A
1900011234567,2025-10-11,19,7.252,A
1900011234567,2025-10-11,20,7.323,A
1900011234567,2025-10-11,21,7.187,A
1900011234567,2025-10-11,22,6.958,A
1900011234567,2025-10-11,23,6.61,A
1900011234567,2025-10-11,24,6.982,A
1900011234567,2025-10-11,25,6.643,A
1900011234567,2025-10-11,26,6.943,A
1900011234567,2025-10-11,27,7.296,A
1900011234567,2025-10-11,28,6.659,A
1900011234567,2025-10-11,29,7.07,A
1900011234567,2025-10-11,30,6.529,A
1900011234567,2025-10-11,31,6.661,A
1900011234567,2025-10-11,32,7.138,A
1900011234567,2025-10-11,33,3.079,A
1900011234567,2025-10-11,34,3.397,A
1900011234567,2025-10-11,35,3.382,A
1900011234567,2025-10-11,36,3.132,A
1900011234567,2025-10-11,37,3.264,A
1900011234567,2025-10-11,38,3.296,A
1900011234567,2025-10-11,39,3.157,A
1900011234567,2025-10-11,40,3.056,A
1900011234567,2025-10-11,41,3.156,A
1900011234567,2025-10-11,42,3.157,A
1900011234567,2025-10-11,43,3.06,A
1900011234567,2025-10-11,44,3.436,A
1900011234567,2025-10-11,45,3.09,A
1900011234567,2025-10-11,46,3.145,A
1900011234567,2025-10-11,47,3.275,A
1900011234567,2025-10-11,48,3.362,A
1900011234567,2025-10-12,1,3.076,A
1900011234567,2025-10-12,2,3.086,A
1900011234567,2025-10-12,3,3.2,A
1900011234567,2025-10-12,4,3.392,A
1900011234567,2025-10-12,5,3.085,A
1900011234567,2025-10-12,6,3.274,A
1900011234567,2025-10-12,7,3.329,A
1900011234567,2025-10-12,8,3.199,A
1900011234567,2025-10-12,9,3.368,A
1900011234567,2025-10-12,10,3.397,A
1900011234567,2025-10-12,11,3.359,A
1900011234567,2025-10-12,12,3.407,A
1900011234567,2025-10-12,13,3.418,A
1900011234567,2025-10-12,14,3.342,A
1900011234567,2025-10-12,15,3.406,A
1900011234567,2025-10-12,16,3.154,A
1900011234567,2025-10-12,17,6.977,A
1900011234567,2025-10-12,18,6.958,A
1900011234567,2025-10-12,19,7.304,A
1900011234567,2025-10-12,20,6.578,A
1900011234567,2025-10-12,21,7.048,A
1900011234567,2025-10-12,22,6.578,A
1900011234567,2025-10-12,23,6.689,A
1900011234567,2025-10-12,24,7.168,A
1900011234567,2025-10-12,25,7.197,A
1900011234567,2025-10-12,26,6.53,A
1900011234567,2025-10-12,27,6.818,A
1900011234567,2025-10-12,28,6.523,A
1900011234567,2025-10-12,29,6.917,A
1900011234567,2025-10-12,30,6.766,A
1900011234567,2025-10-12,31,6.985,A
1900011234567,2025-10-12,32,6.541,A
1900011234567,2025-10-12,33,3.341,A
1900011234567,2025-10-12,34,3.44,A
1900011234567,2025-10-12,35,3.391,A
1900011234567,2025-10-12,36,3.39,A
1900011234567,2025-10-12,37,3.305,A
1900011234567,2025-10-12,38,3.067,A
1900011234567,2025-10-12,39,3.399,A
1900011234567,2025-10-12,40,3.318,A
1900011234567,2025-10-12,41,3.32,A
1900011234567,2025-10-12,42,3.19,A
1900011234567,2025-10-12,43,3.089,A
1900011234567,2025-10-12,44,3.41,A
1900011234567,2025-10-12,45,3.356,A
1900011234567,2025-10-12,46,3.263,A
1900011234567,2025-10-12,47,3.229,A
1900011234567,2025-10-12,48,3.165,A
1900011234567,2025-10-13,1,3.091,A
1900011234567,2025-10-13,2,3.212,A
1900011234567,2025-10-13,3,3.263,A
1900011234567,2025-10-13,4,3.288,A
1900011234567,2025-10-13,5,3.084,A
1900011234567,2025-10-13,6,3.214,A
1900011234567,2025-10-13,7,3.175,A
1900011234567,2025-10-13,8,3.381,A
1900011234567,2025-10-13,9,3.153,A
1900011234567,2025-10-13,10,3.21,A
1900011234567,2025-10-13,11,3.381,A
1900011234567,2025-10-13,12,3.086,A
1900011234567,2025-10-13,13,3.3,A
1900011234567,2025-10-13,14,8.554,A
1900011234567,2025-10-13,15,14.611,A
1900011234567,2025-10-13,16,21.117,A
1900011234567,2025-10-13,17,20.093,A
1900011234567,2025-10-13,18,20.464,A
1900011234567,2025-10-13,19,20.834,A
1900011234567,2025-10-13,20,20.207,A
1900011234567,2025-10-13,21,19.863,A
1900011234567,2025-10-13,22,20.155,A
1900011234567,2025-10-13,23,18.801,A
1900011234567,2025-10-13,24,20.554,A
1900011234567,2025-10-13,25,19.043,A
1900011234567,2025-10-13,26,21.056,A
1900011234567,2025-10-13,27,19.553,A
1900011234567,2025-10-13,28,19.233,A
1900011234567,2025-10-13,29,21.042,A
1900011234567,2025-10-13,30,19.547,A
1900011234567,2025-10-13,31,19.609,A
1900011234567,2025-10-13,32,20.078,A
1900011234567,2025-10-13,33,21.106,A
1900011234567,2025-10-13,34,19.189,A
1900011234567,2025-10-13,35,19.679,A
1900011234567,2025-10-13,36,20.874,A
1900011234567,2025-10-13,37,19.407,A
1900011234567,2025-10-13,38,19.317,A
1900011234567,2025-10-13,39,20.253,A
1900011234567,2025-10-13,40,19.828,A
1900011234567,2025-10-13,41,20.332,A
1900011234567,2025-10-13,42,19.104,A
1900011234567,2025-10-13,43,14.912,A
1900011234567,2025-10-13,44,9.047,A
1900011234567,2025-10-13,45,3.39,A
1900011234567,2025-10-13,46,3.064,A
1900011234567,2025-10-13,47,3.225,A
1900011234567,2025-10-13,48,3.106,A
1900011234567,2025-10-14,1,3.073,A
1900011234567,2025-10-14,2,3.349,A
1900011234567,2025-10-14,3,3.242,A
1900011234567,2025-10-14,4,3.177,A
1900011234567,2025-10-14,5,3.255,A
1900011234567,2025-10-14,6,3.337,A
1900011234567,2025-10-14,7,3.148,A
1900011234567,2025-10-14,8,3.424,A
1900011234567,2025-10-14,9,3.305,A
1900011234567,2025-10-14,10,3.381,A
1900011234567,2025-10-14,11,3.347,A
1900011234567,2025-10-14,12,3.089,A
1900011234567,2025-10-14,13,3.176,A
1900011234567,2025-10-14,14,9.258,A
1900011234567,2025-10-14,15,15.198,A
1900011234567,2025-10-14,16,20.311,A
1900011234567,2025-10-14,17,20.646,A
1900011234567,2025-10-14,18,21.099,A
1900011234567,2025-10-14,19,20.487,A
1900011234567,2025-10-14,20,19.238,A
1900011234567,2025-10-14,21,19.653,A
1900011234567,2025-10-14,22,19.864,A
1900011234567,2025-10-14,23,20.414,A
1900011234567,2025-10-14,24,20.739,A
1900011234567,2025-10-14,25,20.875,A
1900011234567,2025-10-14,26,20.513,A
1900011234567,2025-10-14,27,20.832,A
1900011234567,2025-10-14,28,20.329,A
1900011234567,2025-10-14,29,19.056,A
1900011234567,2025-10-14,30,19.768,A
1900011234567,2025-10-14,31,20.62,A
1900011234567,2025-10-14,32,19.896,A
1900011234567,2025-10-14,33,20.025,A
1900011234567,2025-10-14,34,19.879,A
1900011234567,2025-10-14,35,19.129,A
1900011234567,2025-10-14,36,19.728,A
1900011234567,2025-10-14,37,20.821,A
1900011234567,2025-10-14,38,19.186,A
1900011234567,2025-10-14,39,19.725,A
1900011234567,2025-10-14,40,19.225,A
1900011234567,2025-10-14,41,20.28,A
1900011234567,2025-10-14,42,21.102,A
1900011234567,2025-10-14,43,14.05,A
1900011234567,2025-10-14,44,8.396,A
1900011234567,2025-10-14,45,3.437,A
1900011234567,2025-10-14,46,3.28,A
1900011234567,2025-10-14,47,3.153,A
1900011234567,2025-10-14,48,3.098,A
1900011234567,2025-10-15,1,3.287,A
1900011234567,2025-10-15,2,3.258,A
1900011234567,2025-10-15,3,3.127,A
1900011234567,2025-10-15,4,3.442,A
1900011234567,2025-10-15,5,3.317,A
1900011234567,2025-10-15,6,3.409,A
1900011234567,2025-10-15,7,3.241,A
1900011234567,2025-10-15,8,3.408,A
1900011234567,2025-10-15,9,3.345,A
1900011234567,2025-10-15,10,3.387,A
1900011234567,2025-10-15,11,3.399,A
1900011234567,2025-10-15,12,3.24,A
1900011234567,2025-10-15,13,3.221,A
1900011234567,2025-10-15,14,8.566,A
1900011234567,2025-10-15,15,14.077,A
1900011234567,2025-10-15,16,20.534,A
1900011234567,2025-10-15,17,21.059,A
1900011234567,2025-10-15,18,18.918,A
1900011234567,2025-10-15,19,20.992,A
1900011234567,2025-10-15,20,20.048,A
1900011234567,2025-10-15,21,19.687,A
1900011234567,2025-10-15,22,20.194,A
1900011234567,2025-10-15,23,20.872,A
1900011234567,2025-10-15,24,18.938,A
1900011234567,2025-10-15,25,19.646,A
1900011234567,2025-10-15,26,21.012,A
1900011234567,2025-10-15,27,21.132,A
1900011234567,2025-10-15,28,18.97,A
1900011234567,2025-10-15,29,19.61,A
1900011234567,2025-10-15,30,19.191,A
1900011234567,2025-10-15,31,20.963,A
1900011234567,2025-10-15,32,21.169,A
1900011234567,2025-10-15,33,20.604,A
1900011234567,2025-10-15,34,19.207,A
1900011234567,2025-10-15,35,20.146,A
1900011234567,2025-10-15,36,19.788,A
1900011234567,2025-10-15,37,19.594,A
1900011234567,2025-10-15,38,18.935,A
1900011234567,2025-10-15,39,19.967,A
1900011234567,2025-10-15,40,21.191,A
1900011234567,2025-10-15,41,20.449,A
1900011234567,2025-10-15,42,20.159,A
1900011234567,2025-10-15,43,15.046,A
1900011234567,2025-10-15,44,8.63,A
1900011234567,2025-10-15,45,3.139,A
1900011234567,2025-10-15,46,3.147,A
1900011234567,2025-10-15,47,3.358,A
1900011234567,2025-10-15,48,3.136,A
1900011234567,2025-10-16,1,3.364,A
1900011234567,2025-10-16,2,3.327,A
1900011234567,2025-10-16,3,3.071,A
1900011234567,2025-10-16,4,3.106,A
1900011234567,2025-10-16,5,3.122,A
1900011234567,2025-10-16,6,3.108,A
1900011234567,2025-10-16,7,3.277,A
1900011234567,2025-10-16,8,3.121,A
1900011234567,2025-10-16,9,3.144,A
1900011234567,2025-10-16,10,3.248,A
1900011234567,2025-10-16,11,3.42,A
1900011234567,2025-10-16,12,3.071,A
1900011234567,2025-10-16,13,3.084,A
1900011234567,2025-10-16,14,8.775,A
1900011234567,2025-10-16,15,13.965,A
1900011234567,2025-10-16,16,19.715,A
1900011234567,2025-10-16,17,19.748,A
1900011234567,2025-10-16,18,21.059,A
1900011234567,2025-10-16,19,19.066,A
1900011234567,2025-10-16,20,20.33,A
1900011234567,2025-10-16,21,20.678,A
1900011234567,2025-10-16,22,19.318,A
1900011234567,2025-10-16,23,19.986,A
1900011234567,2025-10-16,24,19.178,A
1900011234567,2025-10-16,25,19.518,A
1900011234567,2025-10-16,26,19.01,A
1900011234567,2025-10-16,27,21.127,A
1900011234567,2025-10-16,28,19.561,A
1900011234567,2025-10-16,29,20.213,A
1900011234567,2025-10-16,30,20.136,A
1900011234567,2025-10-16,31,20.861,A
1900011234567,2025-10-16,32,19.898,A
1900011234567,2025-10-16,33,18.894,A
1900011234567,2025-10-16,34,19.344,A
1900011234567,2025-10-16,35,21.001,A
1900011234567,2025-10-16,36,19.467,A
1900011234567,2025-10-16,37,20.147,A
1900011234567,2025-10-16,38,20.93,A
1900011234567,2025-10-16,39,19.242,A
1900011234567,2025-10-16,40,21.185,A
1900011234567,2025-10-16,41,20.198,A
1900011234567,2025-10-16,42,21.094,A
1900011234567,2025-10-16,43,15.192,A
1900011234567,2025-10-16,44,8.938,A
1900011234567,2025-10-16,45,3.139,A
1900011234567,2025-10-16,46,3.185,A
1900011234567,2025-10-16,47,3.383,A
1900011234567,2025-10-16,48,3.301,A
1900011234567,2025-10-17,1,3.343,A
1900011234567,2025-10-17,2,3.334,A
1900011234567,2025-10-17,3,3.193,A
1900011234567,2025-10-17,4,3.38,A
1900011234567,2025-10-17,5,3.353,A
1900011234567,2025-10-17,6,3.215,A
1900011234567,2025-10-17,7,3.297,A
1900011234567,2025-10-17,8,3.122,A
1900011234567,2025-10-17,9,3.309,A
1900011234567,2025-10-17,10,3.061,A
1900011234567,2025-10-17,11,3.412,A
1900011234567,2025-10-17,12,3.212,A
1900011234567,2025-10-17,13,3.374,A
1900011234567,2025-10-17,14,8.322,A
1900011234567,2025-10-17,15,14.644,A
1900011234567,2025-10-17,16,19.982,A
1900011234567,2025-10-17,17,20.234,A
1900011234567,2025-10-17,18,19.139,A
1900011234567,2025-10-17,19,19.605,A
1900011234567,2025-10-17,20,18.964,A
1900011234567,2025-10-17,21,19.973,A
1900011234567,2025-10-17,22,18.862,A
1900011234567,2025-10-17,23,20.589,A
1900011234567,2025-10-17,24,20.617,A
1900011234567,2025-10-17,25,19.354,A
1900011234567,2025-10-17,26,19.955,A
1900011234567,2025-10-17,27,20.656,A
1900011234567,2025-10-17,28,20.151,A
1900011234567,2025-10-17,29,19.084,A
1900011234567,2025-10-17,30,19.198,A
1900011234567,2025-10-17,31,20.112,A
1900011234567,2025-10-17,32,20.908,A
1900011234567,2025-10-17,33,20.072,A
1900011234567,2025-10-17,34,20.116,A
1900011234567,2025-10-17,35,20.291,A
1900011234567,2025-10-17,36,20.044,A
1900011234567,2025-10-17,37,20.643,A
1900011234567,2025-10-17,38,19.711,A
1900011234567,2025-10-17,39,19.114,A
1900011234567,2025-10-17,40,19.696,A
1900011234567,2025-10-17,41,19.679,A
1900011234567,2025-10-17,42,19.24,A
1900011234567,2025-10-17,43,14.141,A
1900011234567,2025-10-17,44,8.862,A
1900011234567,2025-10-17,45,3.116,A
1900011234567,2025-10-17,46,3.339,A
1900011234567,2025-10-17,47,3.336,A
1900011234567,2025-10-17,48,3.211,A
1900011234567,2025-10-18,1,3.43,A
1900011234567,2025-10-18,2,3.39,A
1900011234567,2025-10-18,3,3.337,A
1900011234567,2025-10-18,4,3.438,A
1900011234567,2025-10-18,5,3.281,A
1900011234567,2025-10-18,6,3.257,A
1900011234567,2025-10-18,7,3.128,A
1900011234567,2025-10-18,8,3.172,A
1900011234567,2025-10-18,9,3.418,A
1900011234567,2025-10-18,10,3.099,A
1900011234567,2025-10-18,11,3.125,A
1900011234567,2025-10-18,12,3.325,A
1900011234567,2025-10-18,13,3.215,A
1900011234567,2025-10-18,14,3.211,A
1900011234567,2025-10-18,15,3.331,A
1900011234567,2025-10-18,16,3.435,A
1900011234567,2025-10-18,17,6.911,A
1900011234567,2025-10-18,18,7.266,A
1900011234567,2025-10-18,19,7.343,A
1900011234567,2025-10-18,20,7.266,A
1900011234567,2025-10-18,21,7.111,A
1900011234567,2025-10-18,22,6.855,A
1900011234567,2025-10-18,23,6.569,A
1900011234567,2025-10-18,24,6.799,A
1900011234567,2025-10-18,25,7.028,A
1900011234567,2025-10-18,26,6.522,A
1900011234567,2025-10-18,27,6.774,A
1900011234567,2025-10-18,28,6.967,A
1900011234567,2025-10-18,29,6.693,A
1900011234567,2025-10-18,30,7.239,A
1900011234567,2025-10-18,31,6.965,A
1900011234567,2025-10-18,32,6.644,A
1900011234567,2025-10-18,33,3.193,A
1900011234567,2025-10-18,34,3.226,A
1900011234567,2025-10-18,35,3.395,A
1900011234567,2025-10-18,36,3.316,A
1900011234567,2025-10-18,37,3.318,A
1900011234567,2025-10-18,38,3.268,A
1900011234567,2025-10-18,39,3.122,A
1900011234567,2025-10-18,40,3.268,A
1900011234567,2025-10-18,41,3.153,A
1900011234567,2025-10-18,42,3.305,A
1900011234567,2025-10-18,43,3.085,A
1900011234567,2025-10-18,44,3.41,A
1900011234567,2025-10-18,45,3.241,A
1900011234567,2025-10-18,46,3.315,A
1900011234567,2025-10-18,47,3.187,A
1900011234567,2025-10-18,48,3.1,A
1900011234567,2025-10-19,1,3.072,A
1900011234567,2025-10-19,2,3.37,A
1900011234567,2025-10-19,3,3.068,A
1900011234567,2025-10-19,4,3.085,A
1900011234567,2025-10-19,5,3.295,A
1900011234567,2025-10-19,6,3.381,A
1900011234567,2025-10-19,7,3.126,A
1900011234567,2025-10-19,8,3.185,A
1900011234567,2025-10-19,9,3.286,A
1900011234567,2025-10-19,10,3.18,A
1900011234567,2025-10-19,11,3.305,A
1900011234567,2025-10-19,12,3.418,A
1900011234567,2025-10-19,13,3.126,A
1900011234567,2025-10-19,14,3.212,A
1900011234567,2025-10-19,15,3.146,A
1900011234567,2025-10-19,16,3.358,A
1900011234567,2025-10-19,17,7.143,A
1900011234567,2025-10-19,18,7.341,A
1900011234567,2025-10-19,19,6.641,A
1900011234567,2025-10-19,20,7.181,A
1900011234567,2025-10-19,21,7.091,A
1900011234567,2025-10-19,22,6.662,A
1900011234567,2025-10-19,23,7.246,A
1900011234567,2025-10-19,24,6.762,A
1900011234567,2025-10-19,25,6.586,A
1900011234567,2025-10-19,26,7.248,A
1900011234567,2025-10-19,27,7.147,A
1900011234567,2025-10-19,28,6.774,A
1900011234567,2025-10-19,29,6.808,A
1900011234567,2025-10-19,30,6.695,A
1900011234567,2025-10-19,31,7.235,A
1900011234567,2025-10-19,32,6.713,A
1900011234567,2025-10-19,33,3.377,A
1900011234567,2025-10-19,34,3.183,A
1900011234567,2025-10-19,35,3.388,A
1900011234567,2025-10-19,36,3.204,A
1900011234567,2025-10-19,37,3.387,A
1900011234567,2025-10-19,38,3.089,A
1900011234567,2025-10-19,39,3.114,A
1900011234567,2025-10-19,40,3.194,A
1900011234567,2025-10-19,41,3.26,A
1900011234567,2025-10-19,42,3.224,A
1900011234567,2025-10-19,43,3.335,A
1900011234567,2025-10-19,44,3.071,A
1900011234567,2025-10-19,45,3.36,A
1900011234567,2025-10-19,46,3.094,A
1900011234567,2025-10-19,47,3.219,A
1900011234567,2025-10-19,48,3.088,A
1900011234567,2025-10-20,1,3.415,A
1900011234567,2025-10-20,2,3.345,A
1900011234567,2025-10-20,3,3.308,A
1900011234567,2025-10-20,4,3.384,A
1900011234567,2025-10-20,5,3.265,A
1900011234567,2025-10-20,6,3.232,A
1900011234567,2025-10-20,7,3.094,A
1900011234567,2025-10-20,8,3.362,A
1900011234567,2025-10-20,9,3.441,A
1900011234567,2025-10-20,10,3.295,A
1900011234567,2025-10-20,11,3.084,A
1900011234567,2025-10-20,12,3.4,A
1900011234567,2025-10-20,13,3.43,A
1900011234567,2025-10-20,14,9.067,A
1900011234567,2025-10-20,15,15.115,A
1900011234567,2025-10-20,16,20.852,A
1900011234567,2025-10-20,17,19.792,A
1900011234567,2025-10-20,18,21.053,A
1900011234567,2025-10-20,19,20.427,A
1900011234567,2025-10-20,20,20.73,A
1900011234567,2025-10-20,21,20.325,A
1900011234567,2025-10-20,22,19.796,A
1900011234567,2025-10-20,23,20.559,A
1900011234567,2025-10-20,24,19.968,A
1900011234567,2025-10-20,25,19.07,A
1900011234567,2025-10-20,26,19.667,A
1900011234567,2025-10-20,27,20.227,A
1900011234567,2025-10-20,28,21.008,A
1900011234567,2025-10-20,29,20.075,A
1900011234567,2025-10-20,30,20.316,A
1900011234567,2025-10-20,31,18.941,A
1900011234567,2025-10-20,32,19.907,A
1900011234567,2025-10-20,33,20.858,A
1900011234567,2025-10-20,34,20.667,A
1900011234567,2025-10-20,35,19.868,A
1900011234567,2025-10-20,36,20.607,A
1900011234567,2025-10-20,37,20.874,A
1900011234567,2025-10-20,38,19.815,A
1900011234567,2025-10-20,39,21.041,A
1900011234567,2025-10-20,40,19.448,A
1900011234567,2025-10-20,41,20.708,A
1900011234567,2025-10-20,42,20.76,A
1900011234567,2025-10-20,43,14.197,A
1900011234567,2025-10-20,44,9.266,A
1900011234567,2025-10-20,45,3.388,A
1900011234567,2025-10-20,46,3.104,A
1900011234567,2025-10-20,47,3.138,A
1900011234567,2025-10-20,48,3.201,A
1900011234567,2025-10-21,1,3.303,A
1900011234567,2025-10-21,2,3.387,A
1900011234567,2025-10-21,3,3.218,A
1900011234567,2025-10-21,4,3.124,A
1900011234567,2025-10-21,5,3.395,A
1900011234567,2025-10-21,6,3.098,A
1900011234567,2025-10-21,7,3.069,A
1900011234567,2025-10-21,8,3.106,A
1900011234567,2025-10-21,9,3.275,A
1900011234567,2025-10-21,10,3.243,A
1900011234567,2025-10-21,11,3.298,A
1900011234567,2025-10-21,12,3.112,A
1900011234567,2025-10-21,13,3.363,A
1900011234567,2025-10-21,14,8.802,A
1900011234567,2025-10-21,15,13.826,A
1900011234567,2025-10-21,16,20.405,A
1900011234567,2025-10-21,17,20.073,A
1900011234567,2025-10-21,18,20.024,A
1900011234567,2025-10-21,19,19.424,A
1900011234567,2025-10-21,20,19.452,A
1900011234567,2025-10-21,21,20.861,A
1900011234567,2025-10-21,22,21.104,A
1900011234567,2025-10-21,23,19.593,A
1900011234567,2025-10-21,24,19.747,A
1900011234567,2025-10-21,25,21.119,A
1900011234567,2025-10-21,26,19.154,A
1900011234567,2025-10-21,27,18.877,A
1900011234567,2025-10-21,28,20.53,A
1900011234567,2025-10-21,29,19.007,A
1900011234567,2025-10-21,30,20.488,A
1900011234567,2025-10-21,31,20.358,A
1900011234567,2025-10-21,32,20.555,A
1900011234567,2025-10-21,33,19.372,A
1900011234567,2025-10-21,34,19.339,A
1900011234567,2025-10-21,35,20.189,A
1900011234567,2025-10-21,36,19.703,A
1900011234567,2025-10-21,37,19.617,A
1900011234567,2025-10-21,38,20.545,A
1900011234567,2025-10-21,39,20.178,A
1900011234567,2025-10-21,40,19.308,A
1900011234567,2025-10-21,41,20.077,A
1900011234567,2025-10-21,42,20.123,A
1900011234567,2025-10-21,43,13.817,A
1900011234567,2025-10-21,44,8.819,A
1900011234567,2025-10-21,45,3.313,A
1900011234567,2025-10-21,46,3.168,A
1900011234567,2025-10-21,47,3.264,A
1900011234567,2025-10-21,48,3.206,A
1900011234567,2025-10-22,1,3.25,A
1900011234567,2025-10-22,2,3.107,A
1900011234567,2025-10-22,3,3.253,A
1900011234567,2025-10-22,4,3.086,A
1900011234567,2025-10-22,5,3.162,A
1900011234567,2025-10-22,6,3.333,A
1900011234567,2025-10-22,7,3.274,A
1900011234567,2025-10-22,8,3.261,A
1900011234567,2025-10-22,9,3.362,A
1900011234567,2025-10-22,10,3.279,A
1900011234567,2025-10-22,11,3.234,A
1900011234567,2025-10-22,12,3.387,A
1900011234567,2025-10-22,13,3.081,A
1900011234567,2025-10-22,14,9.151,A
1900011234567,2025-10-22,15,14.9,A
1900011234567,2025-10-22,16,20.674,A
1900011234567,2025-10-22,17,20.936,A
1900011234567,2025-10-22,18,19.912,A
1900011234567,2025-10-22,19,19.527,A
1900011234567,2025-10-22,20,20.328,A
1900011234567,2025-10-22,21,20.877,A
1900011234567,2025-10-22,22,19.049,A
1900011234567,2025-10-22,23,19.19,A
1900011234567,2025-10-22,24,19.771,A
1900011234567,2025-10-22,25,19.221,A
1900011234567,2025-10-22,26,19.868,A
1900011234567,2025-10-22,27,18.887,A
1900011234567,2025-10-22,28,19.84,A
1900011234567,2025-10-22,29,19.039,A
1900011234567,2025-10-22,30,20.653,A
1900011234567,2025-10-22,31,20.83,A
1900011234567,2025-10-22,32,20.679,A
1900011234567,2025-10-22,33,20.641,A
1900011234567,2025-10-22,34,19.332,A
1900011234567,2025-10-22,35,21.034,A
1900011234567,2025-10-22,36,19.381,A
1900011234567,2025-10-22,37,19.02,A
1900011234567,2025-10-22,38,20.881,A
1900011234567,2025-10-22,39,19.947,A
1900011234567,2025-10-22,40,20.119,A
1900011234567,2025-10-22,41,19.966,A
1900011234567,2025-10-22,42,20.541,A
1900011234567,2025-10-22,43,15.21,A
1900011234567,2025-10-22,44,8.435,A
1900011234567,2025-10-22,45,3.195,A
1900011234567,2025-10-22,46,3.199,A
1900011234567,2025-10-22,47,3.444,A
1900011234567,2025-10-22,48,3.271,A
1900011234567,2025-10-23,1,3.348,A
1900011234567,2025-10-23,2,3.105,A
1900011234567,2025-10-23,3,3.249,A
1900011234567,2025-10-23,4,3.357,A
1900011234567,2025-10-23,5,3.303,A
1900011234567,2025-10-23,6,3.31,A
1900011234567,2025-10-23,7,3.201,A
1900011234567,2025-10-23,8,3.352,A
1900011234567,2025-10-23,9,3.126,A
1900011234567,2025-10-23,10,3.059,A
1900011234567,2025-10-23,11,3.384,A
1900011234567,2025-10-23,12,3.343,A
1900011234567,2025-10-23,13,3.158,A
1900011234567,2025-10-23,14,9.013,A
1900011234567,2025-10-23,15,15.236,A
1900011234567,2025-10-23,16,20.033,A
1900011234567,2025-10-23,17,20.076,A
1900011234567,2025-10-23,18,20.069,A
1900011234567,2025-10-23,19,20.632,A
1900011234567,2025-10-23,20,19.452,A
1900011234567,2025-10-23,21,20.796,A
1900011234567,2025-10-23,22,20.401,A
1900011234567,2025-10-23,23,20.551,A
1900011234567,2025-10-23,24,20.327,A
1900011234567,2025-10-23,25,19.92,A
1900011234567,2025-10-23,26,20.625,A
1900011234567,2025-10-23,27,21.041,A
1900011234567,2025-10-23,28,20.222,A
1900011234567,2025-10-23,29,20.003,A
1900011234567,2025-10-23,30,19.725,A
1900011234567,2025-10-23,31,20.908,A
1900011234567,2025-10-23,32,19.371,A
1900011234567,2025-10-23,33,20.212,A
1900011234567,2025-10-23,34,19.906,A
1900011234567,2025-10-23,35,20.019,A
1900011234567,2025-10-23,36,20.455,A
1900011234567,2025-10-23,37,19.57,A
1900011234567,2025-10-23,38,20.168,A
1900011234567,2025-10-23,39,20.802,A
1900011234567,2025-10-23,40,21.19,A
1900011234567,2025-10-23,41,20.063,A
1900011234567,2025-10-23,42,19.819,A
1900011234567,2025-10-23,43,14.808,A
1900011234567,2025-10-23,44,8.374,A
1900011234567,2025-10-23,45,3.168,A
1900011234567,2025-10-23,46,3.071,A
1900011234567,2025-10-23,47,3.306,A
1900011234567,2025-10-23,48,3.112,A
1900011234567,2025-10-24,1,3.236,A
1900011234567,2025-10-24,2,3.304,A
1900011234567,2025-10-24,3,3.108,A
1900011234567,2025-10-24,4,3.069,A
1900011234567,2025-10-24,5,3.358,A
1900011234567,2025-10-24,6,3.377,A
1900011234567,2025-10-24,7,3.435,A
1900011234567,2025-10-24,8,3.363,A
1900011234567,2025-10-24,9,3.399,A
1900011234567,2025-10-24,10,3.239,A
1900011234567,2025-10-24,11,3.177,A
1900011234567,2025-10-24,12,3.276,A
1900011234567,2025-10-24,13,3.076,A
1900011234567,2025-10-24,14,9.008,A
1900011234567,2025-10-24,15,13.942,A
1900011234567,2025-10-24,16,20.336,A
1900011234567,2025-10-24,17,19.518,A
1900011234567,2025-10-24,18,19.283,A
1900011234567,2025-10-24,19,18.915,A
1900011234567,2025-10-24,20,18.822,A
1900011234567,2025-10-24,21,19.385,A
1900011234567,2025-10-24,22,21.152,A
1900011234567,2025-10-24,23,19.564,A
1900011234567,2025-10-24,24,20.204,A
1900011234567,2025-10-24,25,20.055,A
1900011234567,2025-10-24,26,20.511,A
1900011234567,2025-10-24,27,19.088,A
1900011234567,2025-10-24,28,19.027,A
1900011234567,2025-10-24,29,20.333,A
1900011234567,2025-10-24,30,19.489,A
1900011234567,2025-10-24,31,20.683,A
1900011234567,2025-10-24,32,20.471,A
1900011234567,2025-10-24,33,19.455,A
1900011234567,2025-10-24,34,20.158,A
1900011234567,2025-10-24,35,20.038,A
1900011234567,2025-10-24,36,20.834,A
1900011234567,2025-10-24,37,20.456,A
1900011234567,2025-10-24,38,20.513,A
1900011234567,2025-10-24,39,19.929,A
1900011234567,2025-10-24,40,19.436,A
1900011234567,2025-10-24,41,20.597,A
1900011234567,2025-10-24,42,19.203,A
1900011234567,2025-10-24,43,14.444,A
1900011234567,2025-10-24,44,8.83,A
1900011234567,2025-10-24,45,3.192,A
1900011234567,2025-10-24,46,3.08,A
1900011234567,2025-10-24,47,3.218,A
1900011234567,2025-10-24,48,3.345,A
1900011234567,2025-10-25,1,3.247,A
1900011234567,2025-10-25,2,3.21,A
1900011234567,2025-10-25,3,3.224,A
1900011234567,2025-10-25,4,3.217,A
1900011234567,2025-10-25,5,3.299,A
1900011234567,2025-10-25,6,3.133,A
1900011234567,2025-10-25,7,3.061,A
1900011234567,2025-10-25,8,3.354,A
1900011234567,2025-10-25,9,3.065,A
1900011234567,2025-10-25,10,3.15,A
1900011234567,2025-10-25,11,3.166,A
1900011234567,2025-10-25,12,3.109,A
1900011234567,2025-10-25,13,3.32,A
1900011234567,2025-10-25,14,3.402,A
1900011234567,2025-10-25,15,3.152,A
1900011234567,2025-10-25,16,3.309,A
1900011234567,2025-10-25,17,7.338,A
1900011234567,2025-10-25,18,7.342,A
1900011234567,2025-10-25,19,6.708,A
1900011234567,2025-10-25,20,7.321,A
1900011234567,2025-10-25,21,7.281,A
1900011234567,2025-10-25,22,6.819,A
1900011234567,2025-10-25,23,7.178,A
1900011234567,2025-10-25,24,6.55,A
1900011234567,2025-10-25,25,6.983,A
1900011234567,2025-10-25,26,7.287,A
1900011234567,2025-10-25,27,7.195,A
1900011234567,2025-10-25,28,7.187,A
1900011234567,2025-10-25,29,6.612,A
1900011234567,2025-10-25,30,7.055,A
1900011234567,2025-10-25,31,6.876,A
1900011234567,2025-10-25,32,7.183,A
1900011234567,2025-10-25,33,3.255,A
1900011234567,2025-10-25,34,3.285,A
1900011234567,2025-10-25,35,3.256,A
1900011234567,2025-10-25,36,3.372,A
1900011234567,2025-10-25,37,3.183,A
1900011234567,2025-10-25,38,3.165,A
1900011234567,2025-10-25,39,3.178,A
1900011234567,2025-10-25,40,3.117,A
1900011234567,2025-10-25,41,3.122,A
1900011234567,2025-10-25,42,3.435,A
1900011234567,2025-10-25,43,3.356,A
1900011234567,2025-10-25,44,3.262,A
1900011234567,2025-10-25,45,3.256,A
1900011234567,2025-10-25,46,3.265,A
1900011234567,2025-10-25,47,3.327,A
1900011234567,2025-10-25,48,3.328,A
1900011234567,2025-10-26,1,3.261,A
1900011234567,2025-10-26,2,3.17,A
1900011234567,2025-10-26,3,3.406,A
1900011234567,2025-10-26,4,3.31,A
1900011234567,2025-10-26,5,3.414,A
1900011234567,2025-10-26,6,3.384,A
1900011234567,2025-10-26,7,3.444,A
1900011234567,2025-10-26,8,3.433,A
1900011234567,2025-10-26,9,3.359,A
1900011234567,2025-10-26,10,3.115,A
1900011234567,2025-10-26,11,3.072,A
1900011234567,2025-10-26,12,3.252,A
1900011234567,2025-10-26,13,3.303,A
1900011234567,2025-10-26,14,3.427,A
1900011234567,2025-10-26,15,3.189,A
1900011234567,2025-10-26,16,3.303,A
1900011234567,2025-10-26,17,3.284,A
1900011234567,2025-10-26,18,6.554,A
1900011234567,2025-10-26,19,6.569,A
1900011234567,2025-10-26,20,6.865,A
1900011234567,2025-10-26,21,6.588,A
1900011234567,2025-10-26,22,6.576,A
1900011234567,2025-10-26,23,7.29,A
1900011234567,2025-10-26,24,6.998,A
1900011234567,2025-10-26,25,6.703,A
1900011234567,2025-10-26,26,7.206,A
1900011234567,2025-10-26,27,7.239,A
1900011234567,2025-10-26,28,7.118,A
1900011234567,2025-10-26,29,7.044,A
1900011234567,2025-10-26,30,6.57,A
1900011234567,2025-10-26,31,6.81,A
1900011234567,2025-10-26,32,7.141,A
1900011234567,2025-10-26,33,7.337,A
1900011234567,2025-10-26,34,6.577,A
1900011234567,2025-10-26,35,3.07,A
1900011234567,2025-10-26,36,3.25,A
1900011234567,2025-10-26,37,3.232,A
1900011234567,2025-10-26,38,3.323,A
1900011234567,2025-10-26,39,3.211,A
1900011234567,2025-10-26,40,3.431,A
1900011234567,2025-10-26,41,3.326,A
1900011234567,2025-10-26,42,3.428,A
1900011234567,2025-10-26,43,3.07,A
1900011234567,2025-10-26,44,3.236,A
1900011234567,2025-10-26,45,3.371,A
1900011234567,2025-10-26,46,3.139,A
1900011234567,2025-10-26,47,3.062,A
1900011234567,2025-10-26,48,3.208,A
1900011234567,2025-10-26,49,3.445,A
1900011234567,2025-10-26,50,3.216,A
1900011234567,2025-10-27,1,3.268,A
1900011234567,2025-10-27,2,3.377,A
1900011234567,2025-10-27,3,3.336,A
1900011234567,2025-10-27,4,3.295,A
1900011234567,2025-10-27,5,3.263,A
1900011234567,2025-10-27,6,3.335,A
1900011234567,2025-10-27,7,3.074,A
1900011234567,2025-10-27,8,3.322,A
1900011234567,2025-10-27,9,3.095,A
1900011234567,2025-10-27,10,3.202,A
1900011234567,2025-10-27,11,3.413,A
1900011234567,2025-10-27,12,3.17,A
1900011234567,2025-10-27,13,3.177,A
1900011234567,2025-10-27,14,9.229,A
1900011234567,2025-10-27,15,14.561,A
1900011234567,2025-10-27,16,19.157,A
1900011234567,2025-10-27,17,20.2,A
1900011234567,2025-10-27,18,20.684,A
1900011234567,2025-10-27,19,21.077,A
1900011234567,2025-10-27,20,21.022,A
1900011234567,2025-10-27,21,19.108,A
1900011234567,2025-10-27,22,19.334,A
1900011234567,2025-10-27,23,21.112,A
1900011234567,2025-10-27,24,20.926,A
1900011234567,2025-10-27,25,20.136,A
1900011234567,2025-10-27,26,20.997,A
1900011234567,2025-10-27,27,20.333,A
1900011234567,2025-10-27,28,18.847,A
1900011234567,2025-10-27,29,19.325,A
1900011234567,2025-10-27,30,19.856,A
1900011234567,2025-10-27,31,21.086,A
1900011234567,2025-10-27,32,18.882,A
1900011234567,2025-10-27,33,21.087,A
1900011234567,2025-10-27,34,18.98,A
1900011234567,2025-10-27,35,20.056,A
1900011234567,2025-10-27,36,20.237,A
1900011234567,2025-10-27,37,20.614,A
1900011234567,2025-10-27,38,19.047,A
1900011234567,2025-10-27,39,20.186,A
1900011234567,2025-10-27,40,21.129,A
1900011234567,2025-10-27,41,19.295,A
1900011234567,2025-10-27,42,20.828,A
1900011234567,2025-10-27,43,14.669,A
1900011234567,2025-10-27,44,9.292,A
1900011234567,2025-10-27,45,3.164,A
1900011234567,2025-10-27,46,3.098,A
1900011234567,2025-10-27,47,3.305,A
1900011234567,2025-10-27,48,3.061,A
1900011234567,2025-10-28,1,3.118,A
1900011234567,2025-10-28,2,3.061,A
1900011234567,2025-10-28,3,3.41,A
1900011234567,2025-10-28,4,3.406,A
1900011234567,2025-10-28,5,3.182,A
1900011234567,2025-10-28,6,3.268,A
1900011234567,2025-10-28,7,3.084,A
1900011234567,2025-10-28,8,3.271,A
1900011234567,2025-10-28,9,3.128,A
1900011234567,2025-10-28,10,3.086,A
1900011234567,2025-10-28,11,3.345,A
1900011234567,2025-10-28,12,3.4,A
1900011234567,2025-10-28,13,3.114,A
1900011234567,2025-10-28,14,8.425,A
1900011234567,2025-10-28,15,14.326,A
1900011234567,2025-10-28,16,20.895,A
1900011234567,2025-10-28,17,20.754,A
1900011234567,2025-10-28,18,20.01,A
1900011234567,2025-10-28,19,19.832,A
1900011234567,2025-10-28,20,20.568,A
1900011234567,2025-10-28,21,19.512,A
1900011234567,2025-10-28,22,19.877,A
1900011234567,2025-10-28,23,20.981,A
1900011234567,2025-10-28,24,18.873,A
1900011234567,2025-10-28,25,20.438,A
1900011234567,2025-10-28,26,20.11,A
1900011234567,2025-10-28,27,20.658,A
1900011234567,2025-10-28,28,19.015,A
1900011234567,2025-10-28,29,20.423,A
1900011234567,2025-10-28,30,20.907,A
1900011234567,2025-10-28,31,20.468,A
1900011234567,2025-10-28,32,20.867,A
1900011234567,2025-10-28,33,20.189,A
1900011234567,2025-10-28,34,19.497,A
1900011234567,2025-10-28,35,20.204,A
1900011234567,2025-10-28,36,19.696,A
1900011234567,2025-10-28,37,20.976,A
1900011234567,2025-10-28,38,19.387,A
1900011234567,2025-10-28,39,20.6,A
1900011234567,2025-10-28,40,20.383,A
1900011234567,2025-10-28,41,20.132,A
1900011234567,2025-10-28,42,19.96,A
1900011234567,2025-10-28,43,13.95,A
1900011234567,2025-10-28,44,9.184,A
1900011234567,2025-10-28,45,3.137,A
1900011234567,2025-10-28,46,3.194,A
1900011234567,2025-10-28,47,3.329,A
1900011234567,2025-10-28,48,3.086,A
1900011234567,2025-10-29,1,3.282,A
1900011234567,2025-10-29,2,3.221,A
1900011234567,2025-10-29,3,3.4,A
1900011234567,2025-10-29,4,3.21,A
1900011234567,2025-10-29,5,3.241,A
1900011234567,2025-10-29,6,3.216,A
1900011234567,2025-10-29,7,3.43,A
1900011234567,2025-10-29,8,3.097,A
1900011234567,2025-10-29,9,3.387,A
1900011234567,2025-10-29,10,3.407,A
1900011234567,2025-10-29,11,3.26,A
1900011234567,2025-10-29,12,3.204,A
1900011234567,2025-10-29,13,3.332,A
1900011234567,2025-10-29,14,8.846,A
1900011234567,2025-10-29,15,14.453,A
1900011234567,2025-10-29,16,20.093,A
1900011234567,2025-10-29,17,20.955,A
1900011234567,2025-10-29,18,18.967,A
1900011234567,2025-10-29,19,19.997,A
1900011234567,2025-10-29,20,19.589,A
1900011234567,2025-10-29,21,20.828,A
1900011234567,2025-10-29,22,20.634,A
1900011234567,2025-10-29,23,20.887,A
1900011234567,2025-10-29,24,20.375,A
1900011234567,2025-10-29,25,19.451,A
1900011234567,2025-10-29,26,19.27,A
1900011234567,2025-10-29,27,20.185,A
1900011234567,2025-10-29,28,21.039,A
1900011234567,2025-10-29,29,20.639,A
1900011234567,2025-10-29,30,19.002,A
1900011234567,2025-10-29,31,19.476,A
1900011234567,2025-10-29,32,18.931,A
1900011234567,2025-10-29,33,20.614,A
1900011234567,2025-10-29,34,19.291,A
1900011234567,2025-10-29,35,20.77,A
1900011234567,2025-10-29,36,19.545,A
1900011234567,2025-10-29,37,20.095,A
1900011234567,2025-10-29,38,19.183,A
1900011234567,2025-10-29,39,21.068,A
1900011234567,2025-10-29,40,19.365,A
1900011234567,2025-10-29,41,21.196,A
1900011234567,2025-10-29,42,20.59,A
1900011234567,2025-10-29,43,15.211,A
1900011234567,2025-10-29,44,9.196,A
1900011234567,2025-10-29,45,3.303,A
1900011234567,2025-10-29,46,3.412,A
1900011234567,2025-10-29,47,3.059,A
1900011234567,2025-10-29,48,3.108,A
1900011234567,2025-10-30,1,3.17,A
1900011234567,2025-10-30,2,3.057,A
1900011234567,2025-10-30,3,3.366,A
1900011234567,2025-10-30,4,3.224,A
1900011234567,2025-10-30,5,3.06,A
1900011234567,2025-10-30,6,3.285,A
1900011234567,2025-10-30,7,3.191,A
1900011234567,2025-10-30,8,3.365,A
1900011234567,2025-10-30,9,3.335,A
1900011234567,2025-10-30,10,3.244,A
1900011234567,2025-10-30,11,3.19,A
1900011234567,2025-10-30,12,3.429,A
1900011234567,2025-10-30,13,3.242,A
1900011234567,2025-10-30,14,9.273,A
1900011234567,2025-10-30,15,14.702,A
1900011234567,2025-10-30,16,19.778,A
1900011234567,2025-10-30,17,20.691,A
1900011234567,2025-10-30,18,19.251,A
1900011234567,2025-10-30,19,19.231,A
1900011234567,2025-10-30,20,20.696,A
1900011234567,2025-10-30,21,21.044,A
1900011234567,2025-10-30,22,19.846,A
1900011234567,2025-10-30,23,20.673,A
1900011234567,2025-10-30,24,19.32,A
1900011234567,2025-10-30,25,19.488,A
1900011234567,2025-10-30,26,19.788,A
1900011234567,2025-10-30,27,20.867,A
1900011234567,2025-10-30,28,19.894,A
1900011234567,2025-10-30,29,21.052,A
1900011234567,2025-10-30,30,20.324,A
1900011234567,2025-10-30,31,20.74,A
1900011234567,2025-10-30,32,19.27,A
1900011234567,2025-10-30,33,18.938,A
1900011234567,2025-10-30,34,18.813,A
1900011234567,2025-10-30,35,20.814,A
1900011234567,2025-10-30,36,18.903,A
1900011234567,2025-10-30,37,20.799,A
1900011234567,2025-10-30,38,19.776,A
1900011234567,2025-10-30,39,20.177,A
1900011234567,2025-10-30,40,19.826,A
1900011234567,2025-10-30,41,20.826,A
1900011234567,2025-10-30,42,20.434,A
1900011234567,2025-10-30,43,14.239,A
1900011234567,2025-10-30,44,8.312,A
1900011234567,2025-10-30,45,3.268,A
1900011234567,2025-10-30,46,3.291,A
1900011234567,2025-10-30,47,3.236,A
1900011234567,2025-10-30,48,3.395,A
1900011234567,2025-10-31,1,3.302,A
1900011234567,2025-10-31,2,3.105,A
1900011234567,2025-10-31,3,3.436,A
1900011234567,2025-10-31,4,3.433,A
1900011234567,2025-10-31,5,3.226,A
1900011234567,2025-10-31,6,3.128,A
1900011234567,2025-10-31,7,3.2,A
1900011234567,2025-10-31,8,3.381,A
1900011234567,2025-10-31,9,3.3,A
1900011234567,2025-10-31,10,3.432,A
1900011234567,2025-10-31,11,3.273,A
1900011234567,2025-10-31,12,3.376,A
1900011234567,2025-10-31,13,3.207,A
1900011234567,2025-10-31,14,9.098,A
1900011234567,2025-10-31,15,14.294,A
1900011234567,2025-10-31,16,19.154,A
1900011234567,2025-10-31,17,20.088,A
1900011234567,2025-10-31,18,20.318,A
1900011234567,2025-10-31,19,18.887,A
1900011234567,2025-10-31,20,21.024,A
1900011234567,2025-10-31,21,19.238,A
1900011234567,2025-10-31,22,19.58,A
1900011234567,2025-10-31,23,20.46,A
1900011234567,2025-10-31,24,20.584,A
1900011234567,2025-10-31,25,20.387,A
1900011234567,2025-10-31,26,20.778,A
1900011234567,2025-10-31,27,19.455,A
1900011234567,2025-10-31,28,20.481,A
1900011234567,2025-10-31,29,20.413,A
1900011234567,2025-10-31,30,19.182,A
1900011234567,2025-10-31,31,19.179,A
1900011234567,2025-10-31,32,19.324,A
1900011234567,2025-10-31,33,19.118,A
1900011234567,2025-10-31,34,20.352,A
1900011234567,2025-10-31,35,19.072,A
1900011234567,2025-10-31,36,18.909,A
1900011234567,2025-10-31,37,19.907,A
1900011234567,2025-10-31,38,20.668,A
1900011234567,2025-10-31,39,19.565,A
1900011234567,2025-10-31,40,21.096,A
1900011234567,2025-10-31,41,20.119,A
1900011234567,2025-10-31,42,20.785,A
1900011234567,2025-10-31,43,14.359,A
1900011234567,2025-10-31,44,8.764,A
1900011234567,2025-10-31,45,3.245,A
1900011234567,2025-10-31,46,3.403,A
1900011234567,2025-10-31,47,3.154,A
1900011234567,2025-10-31,48,3.422,A
1900011234567,2025-11-01,1,3.651,A
1900011234567,2025-11-01,2,3.785,A
1900011234567,2025-11-01,3,3.779,A
1900011234567,2025-11-01,4,3.948,A
1900011234567,2025-11-01,5,4.043,A
1900011234567,2025-11-01,6,3.93,A
1900011234567,2025-11-01,7,3.842,A
1900011234567,2025-11-01,8,3.69,A
1900011234567,2025-11-01,9,4.055,A
1900011234567,2025-11-01,10,4.057,A
1900011234567,2025-11-01,11,3.882,A
1900011234567,2025-11-01,12,3.675,A
1900011234567,2025-11-01,13,3.856,A
1900011234567,2025-11-01,14,3.997,A
1900011234567,2025-11-01,15,3.684,A
1900011234567,2025-11-01,16,4.054,A
1900011234567,2025-11-01,17,7.845,A
1900011234567,2025-11-01,18,7.733,A
1900011234567,2025-11-01,19,7.893,A
1900011234567,2025-11-01,20,7.9,A
1900011234567,2025-11-01,21,8.226,A
1900011234567,2025-11-01,22,8.511,A
1900011234567,2025-11-01,23,8.451,A
1900011234567,2025-11-01,24,7.738,A
1900011234567,2025-11-01,25,8.256,A
1900011234567,2025-11-01,26,7.918,A
1900011234567,2025-11-01,27,7.888,A
1900011234567,2025-11-01,28,8.515,A
1900011234567,2025-11-01,29,8.188,A
1900011234567,2025-11-01,30,8.057,A
1900011234567,2025-11-01,31,8.65,A
1900011234567,2025-11-01,32,7.923,A
1900011234567,2025-11-01,33,3.838,A
1900011234567,2025-11-01,34,3.905,A
1900011234567,2025-11-01,35,3.659,A
1900011234567,2025-11-01,36,3.621,A
1900011234567,2025-11-01,37,3.759,A
1900011234567,2025-11-01,38,4.05,A
1900011234567,2025-11-01,39,3.68,A
1900011234567,2025-11-01,40,3.809,A
1900011234567,2025-11-01,41,3.798,A
1900011234567,2025-11-01,42,3.899,A
1900011234567,2025-11-01,43,4.039,A
1900011234567,2025-11-01,44,3.855,A
1900011234567,2025-11-01,45,3.715,A
1900011234567,2025-11-01,46,3.68,A
1900011234567,2025-11-01,47,3.904,A
1900011234567,2025-11-01,48,3.694,A
1900011234567,2025-11-02,1,3.796,A
1900011234567,2025-11-02,2,3.867,A
1900011234567,2025-11-02,3,3.994,A
1900011234567,2025-11-02,4,3.862,A
1900011234567,2025-11-02,5,3.829,A
1900011234567,2025-11-02,6,3.879,A
1900011234567,2025-11-02,7,3.856,A
1900011234567,2025-11-02,8,3.945,A
1900011234567,2025-11-02,9,3.648,A
1900011234567,2025-11-02,10,3.962,A
1900011234567,2025-11-02,11,4.005,A
1900011234567,2025-11-02,12,3.919,A
1900011234567,2025-11-02,13,3.76,A
1900011234567,2025-11-02,14,3.968,A
1900011234567,2025-11-02,15,4.006,A
1900011234567,2025-11-02,16,3.946,A
1900011234567,2025-11-02,17,8.466,A
1900011234567,2025-11-02,18,7.998,A
1900011234567,2025-11-02,19,7.814,A
1900011234567,2025-11-02,20,7.84,A
1900011234567,2025-11-02,21,7.791,A
1900011234567,2025-11-02,22,8.284,A
1900011234567,2025-11-02,23,7.906,A
1900011234567,2025-11-02,24,7.821,A
1900011234567,2025-11-02,25,8.287,A
1900011234567,2025-11-02,26,7.904,A
1900011234567,2025-11-02,27,8.582,A
1900011234567,2025-11-02,28,8.325,A
1900011234567,2025-11-02,29,8.34,A
1900011234567,2025-11-02,30,8.506,A
1900011234567,2025-11-02,31,8.385,A
1900011234567,2025-11-02,32,7.88,A
1900011234567,2025-11-02,33,3.994,A
1900011234567,2025-11-02,34,3.815,A
1900011234567,2025-11-02,35,3.808,A
1900011234567,2025-11-02,36,3.956,A
1900011234567,2025-11-02,37,3.848,A
1900011234567,2025-11-02,38,3.669,A
1900011234567,2025-11-02,39,3.944,A
1900011234567,2025-11-02,40,3.86,A
1900011234567,2025-11-02,41,3.762,A
1900011234567,2025-11-02,42,3.648,A
1900011234567,2025-11-02,43,3.9,A
1900011234567,2025-11-02,44,3.679,A
1900011234567,2025-11-02,45,3.606,A
1900011234567,2025-11-02,46,3.971,A
1900011234567,2025-11-02,47,3.945,A
1900011234567,2025-11-02,48,3.873,A
1900011234567,2025-11-03,1,3.693,A
1900011234567,2025-11-03,2,3.921,A
1900011234567,2025-11-03,3,3.642,A
1900011234567,2025-11-03,4,3.687,A
1900011234567,2025-11-03,5,3.961,A
1900011234567,2025-11-03,6,3.677,A
1900011234567,2025-11-03,7,3.848,A
1900011234567,2025-11-03,8,3.869,A
1900011234567,2025-11-03,9,3.928,A
1900011234567,2025-11-03,10,3.791,A
1900011234567,2025-11-03,11,3.684,A
1900011234567,2025-11-03,12,3.975,A
1900011234567,2025-11-03,13,3.885,A
1900011234567,2025-11-03,14,11.038,A
1900011234567,2025-11-03,15,17.995,A
1900011234567,2025-11-03,16,22.223,A
1900011234567,2025-11-03,17,23.486,A
1900011234567,2025-11-03,18,23.727,A
1900011234567,2025-11-03,19,23.003,A
1900011234567,2025-11-03,20,22.492,A
1900011234567,2025-11-03,21,24.845,A
1900011234567,2025-11-03,22,23.32,A
1900011234567,2025-11-03,23,23.032,A
1900011234567,2025-11-03,24,22.529,A
1900011234567,2025-11-03,25,24.213,A
1900011234567,2025-11-03,26,22.186,A
1900011234567,2025-11-03,27,24.762,A
1900011234567,2025-11-03,28,24.344,A
1900011234567,2025-11-03,29,24.698,A
1900011234567,2025-11-03,30,22.694,A
1900011234567,2025-11-03,31,23.134,A
1900011234567,2025-11-03,32,22.535,A
1900011234567,2025-11-03,33,22.762,A
1900011234567,2025-11-03,34,24.699,A
1900011234567,2025-11-03,35,22.555,A
1900011234567,2025-11-03,36,22.873,A
1900011234567,2025-11-03,37,23.515,A
1900011234567,2025-11-03,38,24.228,A
1900011234567,2025-11-03,39,23.707,A
1900011234567,2025-11-03,40,22.339,A
1900011234567,2025-11-03,41,22.493,A
1900011234567,2025-11-03,42,23.438,A
1900011234567,2025-11-03,43,16.49,A
1900011234567,2025-11-03,44,10.468,A
1900011234567,2025-11-03,45,3.996,A
1900011234567,2025-11-03,46,3.646,A
1900011234567,2025-11-03,47,3.897,A
1900011234567,2025-11-03,48,3.799,A
1900011234567,2025-11-04,1,3.62,A
1900011234567,2025-11-04,2,3.961,A
1900011234567,2025-11-04,3,3.959,A
1900011234567,2025-11-04,4,3.694,A
1900011234567,2025-11-04,5,3.822,A
1900011234567,2025-11-04,6,3.729,A
1900011234567,2025-11-04,7,3.807,A
1900011234567,2025-11-04,8,3.846,A
1900011234567,2025-11-04,9,3.778,A
1900011234567,2025-11-04,10,3.63,A
1900011234567,2025-11-04,11,3.794,A
1900011234567,2025-11-04,12,3.722,A
1900011234567,2025-11-04,13,3.711,A
1900011234567,2025-11-04,14,10.676,A
1900011234567,2025-11-04,15,17.651,A
1900011234567,2025-11-04,16,23.074,A
1900011234567,2025-11-04,17,23.358,A
1900011234567,2025-11-04,18,23.401,A
1900011234567,2025-11-04,19,24.717,A
1900011234567,2025-11-04,20,23.864,A
1900011234567,2025-11-04,21,23.797,A
1900011234567,2025-11-04,22,23.604,A
1900011234567,2025-11-04,23,23.302,A
1900011234567,2025-11-04,24,22.859,A
1900011234567,2025-11-04,25,23.603,A
1900011234567,2025-11-04,26,24.9,A
1900011234567,2025-11-04,27,24.755,A
1900011234567,2025-11-04,28,23.709,A
1900011234567,2025-11-04,29,22.304,A
1900011234567,2025-11-04,30,23.201,A
1900011234567,2025-11-04,31,24.182,A
1900011234567,2025-11-04,32,23.944,A
1900011234567,2025-11-04,33,22.302,A
1900011234567,2025-11-04,34,23.83,A
1900011234567,2025-11-04,35,22.775,A
1900011234567,2025-11-04,36,23.874,A
1900011234567,2025-11-04,37,22.369,A
1900011234567,2025-11-04,38,24.305,A
1900011234567,2025-11-04,39,23.818,A
1900011234567,2025-11-04,40,22.86,A
1900011234567,2025-11-04,41,23.019,A
1900011234567,2025-11-04,42,22.485,A
1900011234567,2025-11-04,43,16.138,A
1900011234567,2025-11-04,44,10.172,A
1900011234567,2025-11-04,45,3.752,A
1900011234567,2025-11-04,46,3.873,A
1900011234567,2025-11-04,47,3.684,A
1900011234567,2025-11-04,48,3.64,A
1900011234567,2025-11-05,1,3.808,A
1900011234567,2025-11-05,2,3.836,A
1900011234567,2025-11-05,3,4.041,A
1900011234567,2025-11-05,4,3.73,A
1900011234567,2025-11-05,5,3.874,A
1900011234567,2025-11-05,6,3.657,A
1900011234567,2025-11-05,7,3.939,A
1900011234567,2025-11-05,8,3.976,A
1900011234567,2025-11-05,9,3.936,A
1900011234567,2025-11-05,10,4.0,A
1900011234567,2025-11-05,11,4.058,A
1900011234567,2025-11-05,12,3.871,A
1900011234567,2025-11-05,13,4.028,A
1900011234567,2025-11-05,14,10.562,A
1900011234567,2025-11-05,15,17.855,A
1900011234567,2025-11-05,16,22.41,A
1900011234567,2025-11-05,17,24.701,A
1900011234567,2025-11-05,18,24.371,A
1900011234567,2025-11-05,19,23.831,A
1900011234567,2025-11-05,20,23.666,A
1900011234567,2025-11-05,21,22.619,A
1900011234567,2025-11-05,22,22.568,A
1900011234567,2025-11-05,23,22.841,A
1900011234567,2025-11-05,24,24.644,A
1900011234567,2025-11-05,25,22.223,A
1900011234567,2025-11-05,26,22.771,A
1900011234567,2025-11-05,27,24.591,A
1900011234567,2025-11-05,28,23.945,A
1900011234567,2025-11-05,29,23.009,A
1900011234567,2025-11-05,30,23.215,A
1900011234567,2025-11-05,31,24.17,A
1900011234567,2025-11-05,32,23.108,A
1900011234567,2025-11-05,33,23.844,A
1900011234567,2025-11-05,34,22.403,A
1900011234567,2025-11-05,35,22.859,A
1900011234567,2025-11-05,36,23.874,A
1900011234567,2025-11-05,37,23.27,A
1900011234567,2025-11-05,38,24.169,A
1900011234567,2025-11-05,39,24.981,A
1900011234567,2025-11-05,40,24.434,A
1900011234567,2025-11-05,41,24.941,A
1900011234567,2025-11-05,42,23.967,A
1900011234567,2025-11-05,43,17.818,A
1900011234567,2025-11-05,44,10.732,A
1900011234567,2025-11-05,45,3.662,A
1900011234567,2025-11-05,46,3.853,A
1900011234567,2025-11-05,47,4.025,A
1900011234567,2025-11-05,48,3.828,A
1900011234567,2025-11-06,1,3.911,A
1900011234567,2025-11-06,2,4.064,A
1900011234567,2025-11-06,3,4.009,A
1900011234567,2025-11-06,4,3.748,A
1900011234567,2025-11-06,5,3.66,A
1900011234567,2025-11-06,6,3.811,A
1900011234567,2025-11-06,7,3.786,A
1900011234567,2025-11-06,8,4.031,A
1900011234567,2025-11-06,9,3.797,A
1900011234567,2025-11-06,10,3.875,A
1900011234567,2025-11-06,11,3.919,A
1900011234567,2025-11-06,12,3.64,A
1900011234567,2025-11-06,13,3.816,A
1900011234567,2025-11-06,14,10.646,A
1900011234567,2025-11-06,15,17.156,A
1900011234567,2025-11-06,16,24.485,A
1900011234567,2025-11-06,17,22.519,A
1900011234567,2025-11-06,18,24.6,A
1900011234567,2025-11-06,19,23.857,A
1900011234567,2025-11-06,20,23.202,A
1900011234567,2025-11-06,21,23.47,A
1900011234567,2025-11-06,22,22.862,A
1900011234567,2025-11-06,23,24.252,A
1900011234567,2025-11-06,24,25.005,A
1900011234567,2025-11-06,25,22.382,A
1900011234567,2025-11-06,26,24.657,A
1900011234567,2025-11-06,27,23.901,A
1900011234567,2025-11-06,28,22.485,A
1900011234567,2025-11-06,29,24.662,A
1900011234567,2025-11-06,30,24.603,A
1900011234567,2025-11-06,31,23.485,A
1900011234567,2025-11-06,32,23.282,A
1900011234567,2025-11-06,33,22.582,A
1900011234567,2025-11-06,34,22.435,A
1900011234567,2025-11-06,35,23.017,A
1900011234567,2025-11-06,36,23.876,A
1900011234567,2025-11-06,37,22.337,A
1900011234567,2025-11-06,38,24.816,A
1900011234567,2025-11-06,39,23.804,A
1900011234567,2025-11-06,40,24.099,A
1900011234567,2025-11-06,41,24.305,A
1900011234567,2025-11-06,42,23.196,A
1900011234567,2025-11-06,43,16.49,A
1900011234567,2025-11-06,44,10.686,A
1900011234567,2025-11-06,45,3.791,A
1900011234567,2025-11-06,46,3.668,A
1900011234567,2025-11-06,47,3.729,A
1900011234567,2025-11-06,48,3.937,A
1900011234567,2025-11-07,1,3.732,A
1900011234567,2025-11-07,2,3.748,A
1900011234567,2025-11-07,3,3.751,A
1900011234567,2025-11-07,4,3.924,A
1900011234567,2025-11-07,5,3.759,A
1900011234567,2025-11-07,6,3.912,A
1900011234567,2025-11-07,7,3.951,A
1900011234567,2025-11-07,8,4.022,A
1900011234567,2025-11-07,9,3.822,A
1900011234567,2025-11-07,10,3.719,A
1900011234567,2025-11-07,11,4.01,A
1900011234567,2025-11-07,12,3.666,A
1900011234567,2025-11-07,13,3.807,A
1900011234567,2025-11-07,14,9.945,A
1900011234567,2025-11-07,15,17.596,A
1900011234567,2025-11-07,16,24.939,A
1900011234567,2025-11-07,17,23.197,A
1900011234567,2025-11-07,18,24.881,A
1900011234567,2025-11-07,19,23.632,A
1900011234567,2025-11-07,20,24.888,A
1900011234567,2025-11-07,21,22.785,A
1900011234567,2025-11-07,22,24.859,A
1900011234567,2025-11-07,23,22.789,A
1900011234567,2025-11-07,24,22.759,A
1900011234567,2025-11-07,25,24.689,A
1900011234567,2025-11-07,26,24.85,A
1900011234567,2025-11-07,27,24.229,A
1900011234567,2025-11-07,28,22.29,A
1900011234567,2025-11-07,29,24.932,A
1900011234567,2025-11-07,30,24.082,A
1900011234567,2025-11-07,31,22.431,A
1900011234567,2025-11-07,32,23.338,A
1900011234567,2025-11-07,33,22.263,A
1900011234567,2025-11-07,34,23.679,A
1900011234567,2025-11-07,35,23.986,A
1900011234567,2025-11-07,36,24.015,A
1900011234567,2025-11-07,37,24.844,A
1900011234567,2025-11-07,38,23.961,A
1900011234567,2025-11-07,39,25.015,A
1900011234567,2025-11-07,40,23.652,A
1900011234567,2025-11-07,41,22.432,A
1900011234567,2025-11-07,42,23.16,A
1900011234567,2025-11-07,43,16.334,A
1900011234567,2025-11-07,44,10.64,A
1900011234567,2025-11-07,45,3.918,A
1900011234567,2025-11-07,46,3.716,A
1900011234567,2025-11-07,47,3.787,A
1900011234567,2025-11-07,48,3.872,A
1900011234567,2025-11-08,1,3.945,A
1900011234567,2025-11-08,2,3.765,A
1900011234567,2025-11-08,3,3.966,A
1900011234567,2025-11-08,4,3.629,A
1900011234567,2025-11-08,5,3.606,A
1900011234567,2025-11-08,6,3.734,A
1900011234567,2025-11-08,7,3.847,A
1900011234567,2025-11-08,8,3.976,A
1900011234567,2025-11-08,9,3.936,A
1900011234567,2025-11-08,10,3.875,A
1900011234567,2025-11-08,11,3.693,A
1900011234567,2025-11-08,12,3.692,A
1900011234567,2025-11-08,13,4.014,A
1900011234567,2025-11-08,14,3.747,A
1900011234567,2025-11-08,15,4.046,A
1900011234567,2025-11-08,16,3.962,A
1900011234567,2025-11-08,17,7.766,A
1900011234567,2025-11-08,18,8.023,A
1900011234567,2025-11-08,19,7.939,A
1900011234567,2025-11-08,20,7.797,A
1900011234567,2025-11-08,21,7.809,A
1900011234567,2025-11-08,22,8.606,A
1900011234567,2025-11-08,23,8.224,A
1900011234567,2025-11-08,24,8.269,A
1900011234567,2025-11-08,25,8.08,A
1900011234567,2025-11-08,26,8.364,A
1900011234567,2025-11-08,27,8.017,A
1900011234567,2025-11-08,28,7.763,A
1900011234567,2025-11-08,29,8.352,A
1900011234567,2025-11-08,30,7.755,A
1900011234567,2025-11-08,31,8.22,A
1900011234567,2025-11-08,32,8.17,A
1900011234567,2025-11-08,33,4.06,A
1900011234567,2025-11-08,34,4.052,A
1900011234567,2025-11-08,35,4.059,A
1900011234567,2025-11-08,36,3.616,A
1900011234567,2025-11-08,37,3.76,A
1900011234567,2025-11-08,38,3.793,A
1900011234567,2025-11-08,39,3.626,A
1900011234567,2025-11-08,40,3.688,A
1900011234567,2025-11-08,41,3.637,A
1900011234567,2025-11-08,42,3.992,A
1900011234567,2025-11-08,43,3.622,A
1900011234567,2025-11-08,44,3.665,A
1900011234567,2025-11-08,45,3.929,A
1900011234567,2025-11-08,46,3.902,A
1900011234567,2025-11-08,47,3.628,A
1900011234567,2025-11-08,48,3.65,A
1900011234567,2025-11-09,1,3.766,A
1900011234567,2025-11-09,2,3.931,A
1900011234567,2025-11-09,3,3.988,A
1900011234567,2025-11-09,4,3.871,A
1900011234567,2025-11-09,5,3.931,A
1900011234567,2025-11-09,6,3.639,A
1900011234567,2025-11-09,7,3.919,A
1900011234567,2025-11-09,8,3.619,A
1900011234567,2025-11-09,9,3.814,A
1900011234567,2025-11-09,10,3.848,A
1900011234567,2025-11-09,11,4.017,A
1900011234567,2025-11-09,12,3.707,A
1900011234567,2025-11-09,13,4.042,A
1900011234567,2025-11-09,14,4.054,A
1900011234567,2025-11-09,15,3.697,A
1900011234567,2025-11-09,16,3.652,A
1900011234567,2025-11-09,17,8.321,A
1900011234567,2025-11-09,18,7.875,A
1900011234567,2025-11-09,19,8.295,A
1900011234567,2025-11-09,20,8.169,A
1900011234567,2025-11-09,21,8.211,A
1900011234567,2025-11-09,22,8.161,A
1900011234567,2025-11-09,23,8.386,A
1900011234567,2025-11-09,24,8.324,A
1900011234567,2025-11-09,25,7.709,A
1900011234567,2025-11-09,26,8.551,A
1900011234567,2025-11-09,27,7.734,A
1900011234567,2025-11-09,28,8.25,A
1900011234567,2025-11-09,29,7.969,A
1900011234567,2025-11-09,30,8.18,A
1900011234567,2025-11-09,31,7.697,A
1900011234567,2025-11-09,32,8.225,A
1900011234567,2025-11-09,33,4.009,A
1900011234567,2025-11-09,34,3.904,A
1900011234567,2025-11-09,35,3.871,A
1900011234567,2025-11-09,36,3.942,A
1900011234567,2025-11-09,37,4.002,A
1900011234567,2025-11-09,38,3.682,A
1900011234567,2025-11-09,39,3.94,A
1900011234567,2025-11-09,40,3.671,A
1900011234567,2025-11-09,41,3.633,A
1900011234567,2025-11-09,42,3.737,A
1900011234567,2025-11-09,43,3.623,A
1900011234567,2025-11-09,44,3.632,A
1900011234567,2025-11-09,45,3.928,A
1900011234567,2025-11-09,46,3.846,A
1900011234567,2025-11-09,47,4.013,A
1900011234567,2025-11-09,48,3.646,A
1900011234567,2025-11-10,1,3.628,A
1900011234567,2025-11-10,2,3.935,A
1900011234567,2025-11-10,3,3.98,A
1900011234567,2025-11-10,4,3.722,A
1900011234567,2025-11-10,5,3.885,A
1900011234567,2025-11-10,6,4.013,A
1900011234567,2025-11-10,7,4.027,A
1900011234567,2025-11-10,8,3.64,A
1900011234567,2025-11-10,9,3.848,A
1900011234567,2025-11-10,10,3.774,A
1900011234567,2025-11-10,11,3.961,A
1900011234567,2025-11-10,12,3.736,A
1900011234567,2025-11-10,13,3.743,A
1900011234567,2025-11-10,14,11.046,A
1900011234567,2025-11-10,15,17.407,A
1900011234567,2025-11-10,16,24.973,A
1900011234567,2025-11-10,17,22.297,A
1900011234567,2025-11-10,18,23.326,A
1900011234567,2025-11-10,19,22.972,A
1900011234567,2025-11-10,20,24.419,A
1900011234567,2025-11-10,21,24.605,A
1900011234567,2025-11-10,22,23.063,A
1900011234567,2025-11-10,23,22.594,A
1900011234567,2025-11-10,24,22.235,A
1900011234567,2025-11-10,25,23.104,A
1900011234567,2025-11-10,26,23.681,A
1900011234567,2025-11-10,27,23.34,A
1900011234567,2025-11-10,28,22.635,A
1900011234567,2025-11-10,29,23.356,A
1900011234567,2025-11-10,30,22.418,A
1900011234567,2025-11-10,31,23.363,A
1900011234567,2025-11-10,32,22.292,A
1900011234567,2025-11-10,33,24.865,A
1900011234567,2025-11-10,34,24.211,A
1900011234567,2025-11-10,35,23.641,A
1900011234567,2025-11-10,36,23.134,A
1900011234567,2025-11-10,37,23.639,A
1900011234567,2025-11-10,38,24.987,A
1900011234567,2025-11-10,39,23.766,A
1900011234567,2025-11-10,40,24.85,A
1900011234567,2025-11-10,41,24.261,A
1900011234567,2025-11-10,42,24.164,A
1900011234567,2025-11-10,43,17.33,A
1900011234567,2025-11-10,44,10.025,A
1900011234567,2025-11-10,45,3.832,A
1900011234567,2025-11-10,46,3.678,A
1900011234567,2025-11-10,47,4.026,A
1900011234567,2025-11-10,48,3.824,A
1900011234567,2025-11-11,1,3.623,A
1900011234567,2025-11-11,2,3.691,A
1900011234567,2025-11-11,3,3.625,A
1900011234567,2025-11-11,4,3.692,A
1900011234567,2025-11-11,5,3.839,A
1900011234567,2025-11-11,6,3.921,A
1900011234567,2025-11-11,7,3.64,A
1900011234567,2025-11-11,8,3.861,A
1900011234567,2025-11-11,9,3.944,A
1900011234567,2025-11-11,10,4.052,A
1900011234567,2025-11-11,11,3.66,A
1900011234567,2025-11-11,12,3.986,A
1900011234567,2025-11-11,13,3.903,A
1900011234567,2025-11-11,14,10.01,A
1900011234567,2025-11-11,15,16.397,A
1900011234567,2025-11-11,16,24.035,A
1900011234567,2025-11-11,17,22.988,A
1900011234567,2025-11-11,18,23.787,A
1900011234567,2025-11-11,19,24.778,A
1900011234567,2025-11-11,20,23.98,A
1900011234567,2025-11-11,21,24.144,A
1900011234567,2025-11-11,22,24.222,A
1900011234567,2025-11-11,23,23.351,A
1900011234567,2025-11-11,24,23.122,A
1900011234567,2025-11-11,25,23.786,A
1900011234567,2025-11-11,26,24.973,A
1900011234567,2025-11-11,27,22.448,A
1900011234567,2025-11-11,28,24.269,A
1900011234567,2025-11-11,29,23.716,A
1900011234567,2025-11-11,30,24.006,A
1900011234567,2025-11-11,31,22.208,A
1900011234567,2025-11-11,32,24.61,A
1900011234567,2025-11-11,33,23.339,A
1900011234567,2025-11-11,34,23.275,A
1900011234567,2025-11-11,35,24.712,A
1900011234567,2025-11-11,36,23.584,A
1900011234567,2025-11-11,37,24.589,A
1900011234567,2025-11-11,38,24.171,A
1900011234567,2025-11-11,39,23.895,A
1900011234567,2025-11-11,40,23.643,A
1900011234567,2025-11-11,41,23.656,A
1900011234567,2025-11-11,42,23.855,A
1900011234567,2025-11-11,43,16.102,A
1900011234567,2025-11-11,44,10.052,A
1900011234567,2025-11-11,45,3.816,A
1900011234567,2025-11-11,46,4.047,A
1900011234567,2025-11-11,47,3.877,A
1900011234567,2025-11-11,48,3.807,A
1900011234567,2025-11-12,1,3.998,A
1900011234567,2025-11-12,2,3.611,A
1900011234567,2025-11-12,3,3.637,A
1900011234567,2025-11-12,4,3.996,A
1900011234567,2025-11-12,5,3.789,A
1900011234567,2025-11-12,6,3.621,A
1900011234567,2025-11-12,7,4.047,A
1900011234567,2025-11-12,8,3.795,A
1900011234567,2025-11-12,9,3.711,A
1900011234567,2025-11-12,10,3.862,A
1900011234567,2025-11-12,11,3.872,A
1900011234567,2025-11-12,12,3.968,A
1900011234567,2025-11-12,13,3.678,A
1900011234567,2025-11-12,14,10.783,A
1900011234567,2025-11-12,15,17.311,A
1900011234567,2025-11-12,16,23.111,A
1900011234567,2025-11-12,17,23.578,A
1900011234567,2025-11-12,18,23.909,A
1900011234567,2025-11-12,19,23.054,A
1900011234567,2025-11-12,20,24.543,A
1900011234567,2025-11-12,21,23.543,A
1900011234567,2025-11-12,22,22.853,A
1900011234567,2025-11-12,23,22.514,A
1900011234567,2025-11-12,24,23.114,A
1900011234567,2025-11-12,25,24.683,A
1900011234567,2025-11-12,26,23.042,A
1900011234567,2025-11-12,27,22.938,A
1900011234567,2025-11-12,28,23.171,A
1900011234567,2025-11-12,29,23.083,A
1900011234567,2025-11-12,30,23.087,A
1900011234567,2025-11-12,31,23.974,A
1900011234567,2025-11-12,32,22.563,A
1900011234567,2025-11-12,33,24.308,A
1900011234567,2025-11-12,34,22.964,A
1900011234567,2025-11-12,35,23.437,A
1900011234567,2025-11-12,36,23.514,A
1900011234567,2025-11-12,37,22.363,A
1900011234567,2025-11-12,38,24.41,A
1900011234567,2025-11-12,39,24.699,A
1900011234567,2025-11-12,40,22.816,A
1900011234567,2025-11-12,41,24.289,A
1900011234567,2025-11-12,42,22.762,A
1900011234567,2025-11-12,43,17.863,A
1900011234567,2025-11-12,44,10.89,A
1900011234567,2025-11-12,45,3.968,A
1900011234567,2025-11-12,46,3.79,A
1900011234567,2025-11-12,47,3.778,A
1900011234567,2025-11-12,48,3.938,A
1900011234567,2025-11-13,1,3.617,A
1900011234567,2025-11-13,2,3.82,A
1900011234567,2025-11-13,3,3.721,A
1900011234567,2025-11-13,4,4.044,A
1900011234567,2025-11-13,5,3.756,A
1900011234567,2025-11-13,6,3.746,A
1900011234567,2025-11-13,7,3.927,A
1900011234567,2025-11-13,8,3.701,A
1900011234567,2025-11-13,9,3.861,A
1900011234567,2025-11-13,10,3.982,A
1900011234567,2025-11-13,11,3.931,A
1900011234567,2025-11-13,12,3.817,A
1900011234567,2025-11-13,13,4.041,A
1900011234567,2025-11-13,14,10.087,A
1900011234567,2025-11-13,15,17.972,A
1900011234567,2025-11-13,16,23.875,A
1900011234567,2025-11-13,17,22.208,A
1900011234567,2025-11-13,18,24.522,A
1900011234567,2025-11-13,19,23.826,A
1900011234567,2025-11-13,20,22.869,A
1900011234567,2025-11-13,21,22.929,A
1900011234567,2025-11-13,22,23.836,A
1900011234567,2025-11-13,23,22.369,A
1900011234567,2025-11-13,24,24.078,A
1900011234567,2025-11-13,25,23.008,A
1900011234567,2025-11-13,26,22.729,A
1900011234567,2025-11-13,27,24.45,A
1900011234567,2025-11-13,28,23.288,A
1900011234567,2025-11-13,29,22.974,A
1900011234567,2025-11-13,30,22.983,A
1900011234567,2025-11-13,31,22.784,A
1900011234567,2025-11-13,32,22.349,A
1900011234567,2025-11-13,33,24.892,A
1900011234567,2025-11-13,34,23.841,A
1900011234567,2025-11-13,35,22.666,A
1900011234567,2025-11-13,36,24.152,A
1900011234567,2025-11-13,37,24.605,A
1900011234567,2025-11-13,38,22.191,A
1900011234567,2025-11-13,39,23.087,A
1900011234567,2025-11-13,40,22.983,A
1900011234567,2025-11-13,41,22.994,A
1900011234567,2025-11-13,42,24.405,A
1900011234567,2025-11-13,43,17.249,A
1900011234567,2025-11-13,44,10.061,A
1900011234567,2025-11-13,45,4.064,A
1900011234567,2025-11-13,46,3.653,A
1900011234567,2025-11-13,47,3.99,A
1900011234567,2025-11-13,48,4.051,A
1900011234567,2025-11-14,1,3.667,A
1900011234567,2025-11-14,2,3.89,A
1900011234567,2025-11-14,3,3.92,A
1900011234567,2025-11-14,4,3.777,A
1900011234567,2025-11-14,5,3.969,A
1900011234567,2025-11-14,6,3.942,A
1900011234567,2025-11-14,7,3.745,A
1900011234567,2025-11-14,8,3.74,A
1900011234567,2025-11-14,9,4.027,A
1900011234567,2025-11-14,10,3.75,A
1900011234567,2025-11-14,11,3.872,A
1900011234567,2025-11-14,12,3.924,A
1900011234567,2025-11-14,13,3.674,A
1900011234567,2025-11-14,14,9.824,A
1900011234567,2025-11-14,15,16.23,A
1900011234567,2025-11-14,16,23.2,A
1900011234567,2025-11-14,17,23.321,A
1900011234567,2025-11-14,18,23.118,A
1900011234567,2025-11-14,19,23.952,A
1900011234567,2025-11-14,20,24.736,A
1900011234567,2025-11-14,21,24.259,A
1900011234567,2025-11-14,22,24.612,A
1900011234567,2025-11-14,23,24.904,A
1900011234567,2025-11-14,24,24.698,A
1900011234567,2025-11-14,25,24.762,A
1900011234567,2025-11-14,26,23.7,A
1900011234567,2025-11-14,27,24.223,A
1900011234567,2025-11-14,28,24.325,A
1900011234567,2025-11-14,29,24.43,A
1900011234567,2025-11-14,30,22.43,A
1900011234567,2025-11-14,31,23.425,A
1900011234567,2025-11-14,32,24.419,A
1900011234567,2025-11-14,33,23.841,A
1900011234567,2025-11-14,34,24.224,A
1900011234567,2025-11-14,35,24.263,A
1900011234567,2025-11-14,36,22.972,A
1900011234567,2025-11-14,37,22.601,A
1900011234567,2025-11-14,38,24.666,A
1900011234567,2025-11-14,39,23.382,A
1900011234567,2025-11-14,40,24.293,A
1900011234567,2025-11-14,41,23.038,A
1900011234567,2025-11-14,42,24.262,A
1900011234567,2025-11-14,43,17.757,A
1900011234567,2025-11-14,44,10.736,A
1900011234567,2025-11-14,45,3.827,A
1900011234567,2025-11-14,46,3.862,A
1900011234567,2025-11-14,47,3.766,A
1900011234567,2025-11-14,48,3.747,A
1900011234567,2025-11-15,1,3.826,A
1900011234567,2025-11-15,2,3.866,A
1900011234567,2025-11-15,3,3.77,A
1900011234567,2025-11-15,4,3.859,A
1900011234567,2025-11-15,5,3.659,A
1900011234567,2025-11-15,6,3.949,A
1900011234567,2025-11-15,7,3.835,A
1900011234567,2025-11-15,8,3.67,A
1900011234567,2025-11-15,9,3.608,A
1900011234567,2025-11-15,10,3.913,A
1900011234567,2025-11-15,11,3.83,A
1900011234567,2025-11-15,12,3.883,A
1900011234567,2025-11-15,13,3.67,A
1900011234567,2025-11-15,14,4.043,A
1900011234567,2025-11-15,15,3.901,A
1900011234567,2025-11-15,16,3.906,A
1900011234567,2025-11-15,17,8.545,A
1900011234567,2025-11-15,18,7.78,A
1900011234567,2025-11-15,19,7.783,A
1900011234567,2025-11-15,20,8.112,A
1900011234567,2025-11-15,21,8.56,A
1900011234567,2025-11-15,22,8.171,A
1900011234567,2025-11-15,23,7.968,A
1900011234567,2025-11-15,24,8.185,A
1900011234567,2025-11-15,25,8.202,A
1900011234567,2025-11-15,26,8.178,A
1900011234567,2025-11-15,27,8.194,A
1900011234567,2025-11-15,28,8.192,A
1900011234567,2025-11-15,29,8.577,A
1900011234567,2025-11-15,30,8.455,A
1900011234567,2025-11-15,31,8.14,A
1900011234567,2025-11-15,32,7.872,A
1900011234567,2025-11-15,33,3.717,A
1900011234567,2025-11-15,34,3.757,A
1900011234567,2025-11-15,35,3.802,A
1900011234567,2025-11-15,36,3.708,A
1900011234567,2025-11-15,37,3.849,A
1900011234567,2025-11-15,38,3.763,A
1900011234567,2025-11-15,39,3.685,A
1900011234567,2025-11-15,40,3.816,A
1900011234567,2025-11-15,41,3.625,A
1900011234567,2025-11-15,42,3.662,A
1900011234567,2025-11-15,43,3.962,A
1900011234567,2025-11-15,44,3.917,A
1900011234567,2025-11-15,45,3.886,A
1900011234567,2025-11-15,46,3.807,A
1900011234567,2025-11-15,47,3.61,A
1900011234567,2025-11-15,48,3.749,A
1900011234567,2025-11-16,1,3.964,A
1900011234567,2025-11-16,2,3.776,A
1900011234567,2025-11-16,3,3.908,A
1900011234567,2025-11-16,4,3.767,A
1900011234567,2025-11-16,5,3.995,A
1900011234567,2025-11-16,6,3.701,A
1900011234567,2025-11-16,7,3.898,A
1900011234567,2025-11-16,8,3.793,A
1900011234567,2025-11-16,9,3.885,A
1900011234567,2025-11-16,10,3.96,A
1900011234567,2025-11-16,11,3.836,A
1900011234567,2025-11-16,12,3.694,A
1900011234567,2025-11-16,13,3.685,A
1900011234567,2025-11-16,14,4.014,A
1900011234567,2025-11-16,15,3.912,A
1900011234567,2025-11-16,16,3.711,A
1900011234567,2025-11-16,17,8.221,A
1900011234567,2025-11-16,18,8.051,A
1900011234567,2025-11-16,19,8.265,A
1900011234567,2025-11-16,20,8.03,A
1900011234567,2025-11-16,21,8.137,A
1900011234567,2025-11-16,22,8.404,A
1900011234567,2025-11-16,23,8.449,A
1900011234567,2025-11-16,24,7.993,A
1900011234567,2025-11-16,25,8.071,A
1900011234567,2025-11-16,26,7.71,A
1900011234567,2025-11-16,27,7.735,A
1900011234567,2025-11-16,28,8.458,A
1900011234567,2025-11-16,29,8.349,A
1900011234567,2025-11-16,30,8.342,A
1900011234567,2025-11-16,31,8.21,A
1900011234567,2025-11-16,32,8.505,A
1900011234567,2025-11-16,33,3.907,A
1900011234567,2025-11-16,34,3.967,A
1900011234567,2025-11-16,35,3.897,A
1900011234567,2025-11-16,36,3.87,A
1900011234567,2025-11-16,37,4.042,A
1900011234567,2025-11-16,38,3.75,A
1900011234567,2025-11-16,39,3.959,A
1900011234567,2025-11-16,40,3.814,A
1900011234567,2025-11-16,41,3.984,A
1900011234567,2025-11-16,42,3.87,A
1900011234567,2025-11-16,43,3.671,A
1900011234567,2025-11-16,44,3.873,A
1900011234567,2025-11-16,45,3.616,A
1900011234567,2025-11-16,46,3.698,A
1900011234567,2025-11-16,47,3.915,A
1900011234567,2025-11-16,48,3.959,A
1900011234567,2025-11-17,1,3.805,A
1900011234567,2025-11-17,2,3.946,A
1900011234567,2025-11-17,3,3.998,A
1900011234567,2025-11-17,4,3.749,A
1900011234567,2025-11-17,5,3.696,A
1900011234567,2025-11-17,6,3.95,A
1900011234567,2025-11-17,7,3.778,A
1900011234567,2025-11-17,8,3.634,A
1900011234567,2025-11-17,9,3.649,A
1900011234567,2025-11-17,10,4.059,A
1900011234567,2025-11-17,11,3.942,A
1900011234567,2025-11-17,12,3.879,A
1900011234567,2025-11-17,13,4.035,A
1900011234567,2025-11-17,14,10.001,A
1900011234567,2025-11-17,15,16.518,A
1900011234567,2025-11-17,16,23.894,A
1900011234567,2025-11-17,17,22.444,A
1900011234567,2025-11-17,18,23.703,A
1900011234567,2025-11-17,19,22.67,A
1900011234567,2025-11-17,20,22.458,A
1900011234567,2025-11-17,21,22.554,A
1900011234567,2025-11-17,22,23.278,A
1900011234567,2025-11-17,23,22.253,A
1900011234567,2025-11-17,24,24.042,A
1900011234567,2025-11-17,25,23.229,A
1900011234567,2025-11-17,26,22.196,A
1900011234567,2025-11-17,27,24.171,A
1900011234567,2025-11-17,28,22.455,A
1900011234567,2025-11-17,29,23.789,A
1900011234567,2025-11-17,30,24.717,A
1900011234567,2025-11-17,31,23.432,A
1900011234567,2025-11-17,32,22.472,A
1900011234567,2025-11-17,33,24.92,A
1900011234567,2025-11-17,34,22.714,A
1900011234567,2025-11-17,35,24.388,A
1900011234567,2025-11-17,36,24.417,A
1900011234567,2025-11-17,37,24.526,A
1900011234567,2025-11-17,38,24.981,A
1900011234567,2025-11-17,39,23.15,A
1900011234567,2025-11-17,40,24.025,A
1900011234567,2025-11-17,41,22.63,A
1900011234567,2025-11-17,42,22.267,A
1900011234567,2025-11-17,43,17.585,A
1900011234567,2025-11-17,44,10.494,A
1900011234567,2025-11-17,45,3.969,A
1900011234567,2025-11-17,46,3.802,A
1900011234567,2025-11-17,47,3.994,A
1900011234567,2025-11-17,48,4.063,A
1900011234567,2025-11-18,1,3.782,A
1900011234567,2025-11-18,2,4.041,A
1900011234567,2025-11-18,3,3.778,A
1900011234567,2025-11-18,4,3.996,A
1900011234567,2025-11-18,5,3.676,A
1900011234567,2025-11-18,6,3.776,A
1900011234567,2025-11-18,7,3.694,A
1900011234567,2025-11-18,8,3.927,A
1900011234567,2025-11-18,9,3.873,A
1900011234567,2025-11-18,10,3.622,A
1900011234567,2025-11-18,11,3.614,A
1900011234567,2025-11-18,12,3.628,A
1900011234567,2025-11-18,13,4.064,A
1900011234567,2025-11-18,14,10.899,A
1900011234567,2025-11-18,15,17.419,A
1900011234567,2025-11-18,16,23.644,A
1900011234567,2025-11-18,17,23.95,A
1900011234567,2025-11-18,18,24.601,A
1900011234567,2025-11-18,19,24.772,A
1900011234567,2025-11-18,20,24.295,A
1900011234567,2025-11-18,21,24.561,A
1900011234567,2025-11-18,22,24.587,A
1900011234567,2025-11-18,23,22.487,A
1900011234567,2025-11-18,24,23.213,A
1900011234567,2025-11-18,25,24.593,A
1900011234567,2025-11-18,26,22.59,A
1900011234567,2025-11-18,27,24.64,A
1900011234567,2025-11-18,28,24.777,A
1900011234567,2025-11-18,29,22.44,A
1900011234567,2025-11-18,30,23.194,A
1900011234567,2025-11-18,31,23.584,A
1900011234567,2025-11-18,32,24.934,A
1900011234567,2025-11-18,33,24.285,A
1900011234567,2025-11-18,34,24.682,A
1900011234567,2025-11-18,35,24.577,A
1900011234567,2025-11-18,36,24.057,A
1900011234567,2025-11-18,37,22.261,A
1900011234567,2025-11-18,38,23.692,A
1900011234567,2025-11-18,39,23.647,A
1900011234567,2025-11-18,40,24.57,A
1900011234567,2025-11-18,41,23.477,A
1900011234567,2025-11-18,42,23.379,A
1900011234567,2025-11-18,43,17.887,A
1900011234567,2025-11-18,44,10.483,A
1900011234567,2025-11-18,45,3.864,A
1900011234567,2025-11-18,46,3.927,A
1900011234567,2025-11-18,47,4.027,A
1900011234567,2025-11-18,48,4.037,A
1900011234567,2025-11-19,1,3.781,A
1900011234567,2025-11-19,2,3.734,A
1900011234567,2025-11-19,3,4.018,A
1900011234567,2025-11-19,4,3.76,A
1900011234567,2025-11-19,5,3.949,A
1900011234567,2025-11-19,6,3.822,A
1900011234567,2025-11-19,7,3.727,A
1900011234567,2025-11-19,8,3.751,A
1900011234567,2025-11-19,9,3.852,A
1900011234567,2025-11-19,10,3.656,A
1900011234567,2025-11-19,11,3.83,A
1900011234567,2025-11-19,12,3.622,A
1900011234567,2025-11-19,13,3.887,A
1900011234567,2025-11-19,14,10.984,A
1900011234567,2025-11-19,15,17.234,A
1900011234567,2025-11-19,16,22.465,A
1900011234567,2025-11-19,17,23.235,A
1900011234567,2025-11-19,18,23.663,A
1900011234567,2025-11-19,19,22.867,A
1900011234567,2025-11-19,20,22.566,A
1900011234567,2025-11-19,21,24.456,A
1900011234567,2025-11-19,22,23.061,A
1900011234567,2025-11-19,23,22.873,A
1900011234567,2025-11-19,24,23.472,A
1900011234567,2025-11-19,25,23.296,A
1900011234567,2025-11-19,26,22.41,A
1900011234567,2025-11-19,27,23.19,A
1900011234567,2025-11-19,28,22.336,A
1900011234567,2025-11-19,29,23.827,A
1900011234567,2025-11-19,30,22.229,A
1900011234567,2025-11-19,31,22.253,A
1900011234567,2025-11-19,32,22.57,A
1900011234567,2025-11-19,33,22.829,A
1900011234567,2025-11-19,34,23.758,A
1900011234567,2025-11-19,35,23.637,A
1900011234567,2025-11-19,36,24.904,A
1900011234567,2025-11-19,37,23.182,A
1900011234567,2025-11-19,38,23.755,A
1900011234567,2025-11-19,39,23.576,A
1900011234567,2025-11-19,40,23.148,A
1900011234567,2025-11-19,41,24.784,A
1900011234567,2025-11-19,42,22.908,A
1900011234567,2025-11-19,43,17.686,A
1900011234567,2025-11-19,44,10.944,A
1900011234567,2025-11-19,45,3.974,A
1900011234567,2025-11-19,46,3.769,A
1900011234567,2025-11-19,47,3.81,A
1900011234567,2025-11-19,48,4.017,A
1900011234567,2025-11-20,1,3.942,A
1900011234567,2025-11-20,2,3.68,A
1900011234567,2025-11-20,3,3.797,A
1900011234567,2025-11-20,4,3.627,A
1900011234567,2025-11-20,5,3.753,A
1900011234567,2025-11-20,6,3.971,A
1900011234567,2025-11-20,7,3.891,A
1900011234567,2025-11-20,8,3.815,A
1900011234567,2025-11-20,9,3.971,A
1900011234567,2025-11-20,10,3.77,A
1900011234567,2025-11-20,11,3.879,A
1900011234567,2025-11-20,12,3.939,A
1900011234567,2025-11-20,13,3.793,A
1900011234567,2025-11-20,14,10.528,A
1900011234567,2025-11-20,15,17.685,A
1900011234567,2025-11-20,16,23.926,A
1900011234567,2025-11-20,17,24.333,A
1900011234567,2025-11-20,18,22.809,A
1900011234567,2025-11-20,19,22.652,A
1900011234567,2025-11-20,20,24.619,A
1900011234567,2025-11-20,21,24.162,A
1900011234567,2025-11-20,22,24.362,A
1900011234567,2025-11-20,23,24.778,A
1900011234567,2025-11-20,24,23.955,A
1900011234567,2025-11-20,25,22.978,A
1900011234567,2025-11-20,26,22.752,A
1900011234567,2025-11-20,27,23.423,A
1900011234567,2025-11-20,28,25.007,A
1900011234567,2025-11-20,29,22.967,A
1900011234567,2025-11-20,30,24.585,A
1900011234567,2025-11-20,31,24.126,A
1900011234567,2025-11-20,32,24.378,A
1900011234567,2025-11-20,33,22.336,A
1900011234567,2025-11-20,34,24.209,A
1900011234567,2025-11-20,35,24.847,A
1900011234567,2025-11-20,36,23.736,A
1900011234567,2025-11-20,37,22.432,A
1900011234567,2025-11-20,38,24.463,A
1900011234567,2025-11-20,39,23.32,A
1900011234567,2025-11-20,40,23.753,A
1900011234567,2025-11-20,41,22.801,A
1900011234567,2025-11-20,42,22.692,A
1900011234567,2025-11-20,43,16.142,A
1900011234567,2025-11-20,44,10.558,A
1900011234567,2025-11-20,45,4.061,A
1900011234567,2025-11-20,46,3.942,A
1900011234567,2025-11-20,47,3.896,A
1900011234567,2025-11-20,48,3.618,A
1900011234567,2025-11-21,1,3.881,A
1900011234567,2025-11-21,2,3.905,A
1900011234567,2025-11-21,3,3.644,A
1900011234567,2025-11-21,4,4.063,A
1900011234567,2025-11-21,5,3.781,A
1900011234567,2025-11-21,6,3.836,A
1900011234567,2025-11-21,7,3.802,A
1900011234567,2025-11-21,8,4.035,A
1900011234567,2025-11-21,9,3.999,A
1900011234567,2025-11-21,10,3.735,A
1900011234567,2025-11-21,11,4.015,A
1900011234567,2025-11-21,12,3.876,A
1900011234567,2025-11-21,13,3.715,A
1900011234567,2025-11-21,14,9.966,A
1900011234567,2025-11-21,15,16.953,A
1900011234567,2025-11-21,16,23.911,A
1900011234567,2025-11-21,17,22.949,A
1900011234567,2025-11-21,18,23.989,A
1900011234567,2025-11-21,19,24.004,A
1900011234567,2025-11-21,20,24.155,A
1900011234567,2025-11-21,21,24.613,A
1900011234567,2025-11-21,22,23.83,A
1900011234567,2025-11-21,23,22.315,A
1900011234567,2025-11-21,24,22.924,A
1900011234567,2025-11-21,25,23.276,A
1900011234567,2025-11-21,26,23.68,A
1900011234567,2025-11-21,27,23.637,A
1900011234567,2025-11-21,28,22.489,A
1900011234567,2025-11-21,29,24.253,A
1900011234567,2025-11-21,30,22.242,A
1900011234567,2025-11-21,31,22.26,A
1900011234567,2025-11-21,32,24.837,A
1900011234567,2025-11-21,33,23.568,A
1900011234567,2025-11-21,34,24.802,A
1900011234567,2025-11-21,35,23.619,A
1900011234567,2025-11-21,36,22.958,A
1900011234567,2025-11-21,37,24.152,A
1900011234567,2025-11-21,38,22.877,A
1900011234567,2025-11-21,39,22.56,A
1900011234567,2025-11-21,40,23.266,A
1900011234567,2025-11-21,41,24.302,A
1900011234567,2025-11-21,42,24.48,A
1900011234567,2025-11-21,43,17.674,A
1900011234567,2025-11-21,44,10.739,A
1900011234567,2025-11-21,45,3.812,A
1900011234567,2025-11-21,46,4.007,A
1900011234567,2025-11-21,47,3.955,A
1900011234567,2025-11-21,48,3.648,A
1900011234567,2025-11-22,1,3.849,A
1900011234567,2025-11-22,2,3.651,A
1900011234567,2025-11-22,3,3.981,A
1900011234567,2025-11-22,4,3.826,A
1900011234567,2025-11-22,5,3.774,A
1900011234567,2025-11-22,6,3.743,A
1900011234567,2025-11-22,7,3.705,A
1900011234567,2025-11-22,8,3.786,A
1900011234567,2025-11-22,9,3.852,A
1900011234567,2025-11-22,10,3.788,A
1900011234567,2025-11-22,11,3.741,A
1900011234567,2025-11-22,12,3.871,A
1900011234567,2025-11-22,13,3.992,A
1900011234567,2025-11-22,14,4.015,A
1900011234567,2025-11-22,15,3.94,A
1900011234567,2025-11-22,16,3.947,A
1900011234567,2025-11-22,17,8.18,A
1900011234567,2025-11-22,18,8.282,A
1900011234567,2025-11-22,19,8.337,A
1900011234567,2025-11-22,20,7.915,A
1900011234567,2025-11-22,21,8.548,A
1900011234567,2025-11-22,22,8.302,A
1900011234567,2025-11-22,23,8.26,A
1900011234567,2025-11-22,24,8.196,A
1900011234567,2025-11-22,25,7.842,A
1900011234567,2025-11-22,26,7.99,A
1900011234567,2025-11-22,27,8.516,A
1900011234567,2025-11-22,28,8.011,A
1900011234567,2025-11-22,29,8.081,A
1900011234567,2025-11-22,30,7.7,A
1900011234567,2025-11-22,31,8.187,A
1900011234567,2025-11-22,32,8.364,A
1900011234567,2025-11-22,33,3.969,A
1900011234567,2025-11-22,34,3.941,A
1900011234567,2025-11-22,35,3.612,A
1900011234567,2025-11-22,36,3.828,A
1900011234567,2025-11-22,37,3.849,A
1900011234567,2025-11-22,38,3.694,A
1900011234567,2025-11-22,39,3.632,A
1900011234567,2025-11-22,40,3.695,A
1900011234567,2025-11-22,41,3.929,A
1900011234567,2025-11-22,42,4.028,A
1900011234567,2025-11-22,43,3.829,A
1900011234567,2025-11-22,44,4.051,A
1900011234567,2025-11-22,45,3.938,A
1900011234567,2025-11-22,46,3.789,A
1900011234567,2025-11-22,47,3.625,A
1900011234567,2025-11-22,48,3.609,A
1900011234567,2025-11-23,1,3.676,A
1900011234567,2025-11-23,2,3.945,A
1900011234567,2025-11-23,3,4.019,A
1900011234567,2025-11-23,4,3.76,A
1900011234567,2025-11-23,5,3.707,A
1900011234567,2025-11-23,6,3.756,A
1900011234567,2025-11-23,7,4.048,A
1900011234567,2025-11-23,8,3.698,A
1900011234567,2025-11-23,9,3.836,A
1900011234567,2025-11-23,10,3.626,A
1900011234567,2025-11-23,11,3.805,A
1900011234567,2025-11-23,12,3.986,A
1900011234567,2025-11-23,13,3.962,A
1900011234567,2025-11-23,14,3.844,A
1900011234567,2025-11-23,15,3.711,A
1900011234567,2025-11-23,16,4.015,A
1900011234567,2025-11-23,17,8.594,A
1900011234567,2025-11-23,18,8.286,A
1900011234567,2025-11-23,19,7.851,A
1900011234567,2025-11-23,20,8.572,A
1900011234567,2025-11-23,21,8.616,A
1900011234567,2025-11-23,22,8.102,A
1900011234567,2025-11-23,23,8.055,A
1900011234567,2025-11-23,24,7.871,A
1900011234567,2025-11-23,25,8.001,A
1900011234567,2025-11-23,26,8.216,A
1900011234567,2025-11-23,27,8.49,A
1900011234567,2025-11-23,28,7.803,A
1900011234567,2025-11-23,29,7.764,A
1900011234567,2025-11-23,30,8.656,A
1900011234567,2025-11-23,31,8.134,A
1900011234567,2025-11-23,32,7.95,A
1900011234567,2025-11-23,33,3.663,A
1900011234567,2025-11-23,34,3.677,A
1900011234567,2025-11-23,35,3.996,A
1900011234567,2025-11-23,36,3.68,A
1900011234567,2025-11-23,37,3.661,A
1900011234567,2025-11-23,38,4.034,A
1900011234567,2025-11-23,39,3.858,A
1900011234567,2025-11-23,40,3.712,A
1900011234567,2025-11-23,41,3.821,A
1900011234567,2025-11-23,42,3.71,A
1900011234567,2025-11-23,43,4.042,A
1900011234567,2025-11-23,44,3.659,A
1900011234567,2025-11-23,45,3.641,A
1900011234567,2025-11-23,46,3.85,A
1900011234567,2025-11-23,47,3.692,A
1900011234567,2025-11-23,48,3.766,A
1900011234567,2025-11-24,1,3.741,A
1900011234567,2025-11-24,2,3.855,A
1900011234567,2025-11-24,3,3.993,A
1900011234567,2025-11-24,4,3.719,A
1900011234567,2025-11-24,5,3.717,A
1900011234567,2025-11-24,6,3.792,A
1900011234567,2025-11-24,7,3.637,A
1900011234567,2025-11-24,8,3.767,A
1900011234567,2025-11-24,9,3.636,A
1900011234567,2025-11-24,10,3.929,A
1900011234567,2025-11-24,11,3.702,A
1900011234567,2025-11-24,12,3.869,A
1900011234567,2025-11-24,13,3.937,A
1900011234567,2025-11-24,14,9.814,A
1900011234567,2025-11-24,15,16.149,A
1900011234567,2025-11-24,16,22.974,A
1900011234567,2025-11-24,17,23.136,A
1900011234567,2025-11-24,18,23.983,A
1900011234567,2025-11-24,19,24.823,A
1900011234567,2025-11-24,20,24.043,A
1900011234567,2025-11-24,21,24.361,A
1900011234567,2025-11-24,22,22.728,A
1900011234567,2025-11-24,23,23.404,A
1900011234567,2025-11-24,24,24.971,A
1900011234567,2025-11-24,25,23.101,A
1900011234567,2025-11-24,26,22.44,A
1900011234567,2025-11-24,27,22.736,A
1900011234567,2025-11-24,28,22.931,A
1900011234567,2025-11-24,29,23.792,A
1900011234567,2025-11-24,30,24.536,A
1900011234567,2025-11-24,31,24.495,A
1900011234567,2025-11-24,32,22.325,A
1900011234567,2025-11-24,33,24.978,A
1900011234567,2025-11-24,34,24.715,A
1900011234567,2025-11-24,35,24.654,A
1900011234567,2025-11-24,36,22.284,A
1900011234567,2025-11-24,37,23.405,A
1900011234567,2025-11-24,38,23.953,A
1900011234567,2025-11-24,39,23.262,A
1900011234567,2025-11-24,40,23.799,A
1900011234567,2025-11-24,41,22.872,A
1900011234567,2025-11-24,42,22.799,A
1900011234567,2025-11-24,43,16.984,A
1900011234567,2025-11-24,44,10.658,A
1900011234567,2025-11-24,45,3.639,A
1900011234567,2025-11-24,46,3.765,A
1900011234567,2025-11-24,47,3.872,A
1900011234567,2025-11-24,48,3.994,A
1900011234567,2025-11-25,1,3.988,A
1900011234567,2025-11-25,2,3.628,A
1900011234567,2025-11-25,3,3.694,A
1900011234567,2025-11-25,4,3.838,A
1900011234567,2025-11-25,5,3.734,A
1900011234567,2025-11-25,6,3.974,A
1900011234567,2025-11-25,7,3.937,A
1900011234567,2025-11-25,8,3.998,A
1900011234567,2025-11-25,9,4.064,A
1900011234567,2025-11-25,10,3.651,A
1900011234567,2025-11-25,11,3.926,A
1900011234567,2025-11-25,12,3.772,A
1900011234567,2025-11-25,13,4.054,A
1900011234567,2025-11-25,14,10.043,A
1900011234567,2025-11-25,15,17.71,A
1900011234567,2025-11-25,16,23.951,A
1900011234567,2025-11-25,17,22.605,A
1900011234567,2025-11-25,18,24.138,A
1900011234567,2025-11-25,19,23.596,A
1900011234567,2025-11-25,20,22.254,A
1900011234567,2025-11-25,21,23.381,A
1900011234567,2025-11-25,22,22.986,A
1900011234567,2025-11-25,23,23.236,A
1900011234567,2025-11-25,24,23.258,A
1900011234567,2025-11-25,25,24.539,A
1900011234567,2025-11-25,26,23.564,A
1900011234567,2025-11-25,27,24.794,A
1900011234567,2025-11-25,28,24.922,A
1900011234567,2025-11-25,29,23.464,A
1900011234567,2025-11-25,30,23.11,A
1900011234567,2025-11-25,31,24.344,A
1900011234567,2025-11-25,32,22.351,A
1900011234567,2025-11-25,33,22.613,A
1900011234567,2025-11-25,34,22.821,A
1900011234567,2025-11-25,35,24.349,A
1900011234567,2025-11-25,36,22.551,A
1900011234567,2025-11-25,37,24.29,A
1900011234567,2025-11-25,38,22.696,A
1900011234567,2025-11-25,39,24.399,A
1900011234567,2025-11-25,40,24.532,A
1900011234567,2025-11-25,41,24.7,A
1900011234567,2025-11-25,42,23.787,A
1900011234567,2025-11-25,43,17.913,A
1900011234567,2025-11-25,44,10.1,A
1900011234567,2025-11-25,45,3.764,A
1900011234567,2025-11-25,46,3.77,A
1900011234567,2025-11-25,47,4.053,A
1900011234567,2025-11-25,48,4.001,A
1900011234567,2025-11-26,1,3.639,A
1900011234567,2025-11-26,2,3.975,A
1900011234567,2025-11-26,3,3.688,A
1900011234567,2025-11-26,4,3.931,A
1900011234567,2025-11-26,5,3.925,A
1900011234567,2025-11-26,6,3.624,A
1900011234567,2025-11-26,7,3.699,A
1900011234567,2025-11-26,8,3.887,A
1900011234567,2025-11-26,9,3.629,A
1900011234567,2025-11-26,10,3.673,A
1900011234567,2025-11-26,11,3.98,A
1900011234567,2025-11-26,12,3.909,A
1900011234567,2025-11-26,13,3.609,A
1900011234567,2025-11-26,14,10.27,A
1900011234567,2025-11-26,15,16.04,A
1900011234567,2025-11-26,16,22.994,A
1900011234567,2025-11-26,17,23.729,A
1900011234567,2025-11-26,18,24.646,A
1900011234567,2025-11-26,19,24.276,A
1900011234567,2025-11-26,20,24.801,A
1900011234567,2025-11-26,21,22.325,A
1900011234567,2025-11-26,22,24.929,A
1900011234567,2025-11-26,23,24.949,A
1900011234567,2025-11-26,24,23.211,A
1900011234567,2025-11-26,25,24.262,A
1900011234567,2025-11-26,26,22.304,A
1900011234567,2025-11-26,27,23.511,A
1900011234567,2025-11-26,28,24.71,A
1900011234567,2025-11-26,29,22.559,A
1900011234567,2025-11-26,30,24.152,A
1900011234567,2025-11-26,31,23.717,A
1900011234567,2025-11-26,32,24.97,A
1900011234567,2025-11-26,33,23.662,A
1900011234567,2025-11-26,34,23.306,A
1900011234567,2025-11-26,35,23.858,A
1900011234567,2025-11-26,36,22.596,A
1900011234567,2025-11-26,37,24.526,A
1900011234567,2025-11-26,38,22.606,A
1900011234567,2025-11-26,39,23.632,A
1900011234567,2025-11-26,40,23.687,A
1900011234567,2025-11-26,41,23.63,A
1900011234567,2025-11-26,42,23.788,A
1900011234567,2025-11-26,43,17.359,A
1900011234567,2025-11-26,44,9.932,A
1900011234567,2025-11-26,45,3.721,A
1900011234567,2025-11-26,46,3.938,A
1900011234567,2025-11-26,47,3.631,A
1900011234567,2025-11-26,48,3.984,A
1900011234567,2025-11-27,1,3.617,A
1900011234567,2025-11-27,2,3.68,A
1900011234567,2025-11-27,3,3.849,A
1900011234567,2025-11-27,4,3.622,A
1900011234567,2025-11-27,5,3.902,A
1900011234567,2025-11-27,6,3.745,A
1900011234567,2025-11-27,7,3.714,A
1900011234567,2025-11-27,8,4.058,A
1900011234567,2025-11-27,9,3.886,A
1900011234567,2025-11-27,10,4.0,A
1900011234567,2025-11-27,11,3.824,A
1900011234567,2025-11-27,12,3.678,A
1900011234567,2025-11-27,13,3.973,A
1900011234567,2025-11-27,14,10.068,A
1900011234567,2025-11-27,15,16.294,A
1900011234567,2025-11-27,16,24.455,A
1900011234567,2025-11-27,17,23.846,A
1900011234567,2025-11-27,18,24.347,A
1900011234567,2025-11-27,19,24.32,A
1900011234567,2025-11-27,20,22.907,A
1900011234567,2025-11-27,21,23.252,A
1900011234567,2025-11-27,22,22.86,A
1900011234567,2025-11-27,23,24.543,A
1900011234567,2025-11-27,24,24.134,A
1900011234567,2025-11-27,25,24.32,A
1900011234567,2025-11-27,26,22.912,A
1900011234567,2025-11-27,27,22.849,A
1900011234567,2025-11-27,28,24.283,A
1900011234567,2025-11-27,29,24.21,A
1900011234567,2025-11-27,30,22.371,A
1900011234567,2025-11-27,31,24.373,A
1900011234567,2025-11-27,32,23.665,A
1900011234567,2025-11-27,33,24.814,A
1900011234567,2025-11-27,34,22.969,A
1900011234567,2025-11-27,35,24.039,A
1900011234567,2025-11-27,36,22.613,A
1900011234567,2025-11-27,37,22.289,A
1900011234567,2025-11-27,38,24.494,A
1900011234567,2025-11-27,39,24.554,A
1900011234567,2025-11-27,40,23.543,A
1900011234567,2025-11-27,41,22.854,A
1900011234567,2025-11-27,42,24.991,A
1900011234567,2025-11-27,43,16.222,A
1900011234567,2025-11-27,44,10.317,A
1900011234567,2025-11-27,45,3.973,A
1900011234567,2025-11-27,46,3.953,A
1900011234567,2025-11-27,47,3.898,A
1900011234567,2025-11-27,48,3.908,A
1900011234567,2025-11-28,1,3.986,A
1900011234567,2025-11-28,2,3.962,A
1900011234567,2025-11-28,3,3.747,A
1900011234567,2025-11-28,4,3.738,A
1900011234567,2025-11-28,5,3.778,A
1900011234567,2025-11-28,6,3.857,A
1900011234567,2025-11-28,7,3.856,A
1900011234567,2025-11-28,8,3.755,A
1900011234567,2025-11-28,9,3.995,A
1900011234567,2025-11-28,10,3.854,A
1900011234567,2025-11-28,11,3.837,A
1900011234567,2025-11-28,12,3.625,A
1900011234567,2025-11-28,13,3.808,A
1900011234567,2025-11-28,14,10.886,A
1900011234567,2025-11-28,15,16.648,A
1900011234567,2025-11-28,16,23.959,A
1900011234567,2025-11-28,17,22.613,A
1900011234567,2025-11-28,18,23.353,A
1900011234567,2025-11-28,19,24.876,A
1900011234567,2025-11-28,20,23.83,A
1900011234567,2025-11-28,21,24.783,A
1900011234567,2025-11-28,22,23.181,A
1900011234567,2025-11-28,23,23.446,A
1900011234567,2025-11-28,24,24.622,A
1900011234567,2025-11-28,25,23.938,A
1900011234567,2025-11-28,26,22.437,A
1900011234567,2025-11-28,27,22.431,A
1900011234567,2025-11-28,28,22.311,A
1900011234567,2025-11-28,29,24.785,A
1900011234567,2025-11-28,30,22.536,A
1900011234567,2025-11-28,31,24.597,A
1900011234567,2025-11-28,32,22.917,A
1900011234567,2025-11-28,33,24.663,A
1900011234567,2025-11-28,34,22.675,A
1900011234567,2025-11-28,35,22.704,A
1900011234567,2025-11-28,36,23.753,A
1900011234567,2025-11-28,37,22.829,A
1900011234567,2025-11-28,38,23.123,A
1900011234567,2025-11-28,39,24.149,A
1900011234567,2025-11-28,40,24.277,A
1900011234567,2025-11-28,41,23.821,A
1900011234567,2025-11-28,42,22.782,A
1900011234567,2025-11-28,43,16.867,A
1900011234567,2025-11-28,44,10.801,A
1900011234567,2025-11-28,45,3.646,A
1900011234567,2025-11-28,46,3.786,A
1900011234567,2025-11-28,47,3.621,A
1900011234567,2025-11-28,48,3.826,A
1900011234567,2025-11-29,1,3.783,A
1900011234567,2025-11-29,2,4.062,A
1900011234567,2025-11-29,3,3.656,A
1900011234567,2025-11-29,4,3.918,A
1900011234567,2025-11-29,5,3.773,A
1900011234567,2025-11-29,6,3.702,A
1900011234567,2025-11-29,7,3.634,A
1900011234567,2025-11-29,8,4.003,A
1900011234567,2025-11-29,9,3.874,A
1900011234567,2025-11-29,10,3.633,A
1900011234567,2025-11-29,11,3.618,A
1900011234567,2025-11-29,12,3.891,A
1900011234567,2025-11-29,13,3.718,A
1900011234567,2025-11-29,14,3.848,A
1900011234567,2025-11-29,15,3.62,A
1900011234567,2025-11-29,16,3.675,A
1900011234567,2025-11-29,17,8.166,A
1900011234567,2025-11-29,18,8.599,A
1900011234567,2025-11-29,19,7.721,A
1900011234567,2025-11-29,20,8.488,A
1900011234567,2025-11-29,21,8.043,A
1900011234567,2025-11-29,22,8.249,A
1900011234567,2025-11-29,23,8.14,A
1900011234567,2025-11-29,24,7.793,A
1900011234567,2025-11-29,25,8.111,A
1900011234567,2025-11-29,26,7.908,A
1900011234567,2025-11-29,27,8.301,A
1900011234567,2025-11-29,28,8.287,A
1900011234567,2025-11-29,29,8.453,A
1900011234567,2025-11-29,30,8.42,A
1900011234567,2025-11-29,31,8.652,A
1900011234567,2025-11-29,32,8.262,A
1900011234567,2025-11-29,33,3.669,A
1900011234567,2025-11-29,34,3.621,A
1900011234567,2025-11-29,35,3.736,A
1900011234567,2025-11-29,36,3.874,A
1900011234567,2025-11-29,37,3.653,A
1900011234567,2025-11-29,38,3.897,A
1900011234567,2025-11-29,39,3.729,A
1900011234567,2025-11-29,40,3.967,A
1900011234567,2025-11-29,41,3.748,A
1900011234567,2025-11-29,42,3.944,A
1900011234567,2025-11-29,43,3.915,A
1900011234567,2025-11-29,44,3.669,A
1900011234567,2025-11-29,45,3.928,A
1900011234567,2025-11-29,46,3.873,A
1900011234567,2025-11-29,47,3.845,A
1900011234567,2025-11-29,48,3.821,A
1900011234567,2025-11-30,1,3.891,A
1900011234567,2025-11-30,2,3.672,A
1900011234567,2025-11-30,3,3.916,A
1900011234567,2025-11-30,4,3.949,A
1900011234567,2025-11-30,5,3.859,A
1900011234567,2025-11-30,6,3.679,A
1900011234567,2025-11-30,7,4.041,A
1900011234567,2025-11-30,8,3.941,A
1900011234567,2025-11-30,9,3.654,A
1900011234567,2025-11-30,10,4.06,A
1900011234567,2025-11-30,11,3.677,A
1900011234567,2025-11-30,12,3.991,A
1900011234567,2025-11-30,13,3.646,A
1900011234567,2025-11-30,14,3.984,A
1900011234567,2025-11-30,15,3.694,A
1900011234567,2025-11-30,16,4.028,A
1900011234567,2025-11-30,17,8.667,A
1900011234567,2025-11-30,18,7.857,A
1900011234567,2025-11-30,19,8.023,A
1900011234567,2025-11-30,20,7.987,A
1900011234567,2025-11-30,21,7.737,A
1900011234567,2025-11-30,22,8.294,A
1900011234567,2025-11-30,23,8.293,A
1900011234567,2025-11-30,24,8.38,A
1900011234567,2025-11-30,25,8.622,A
1900011234567,2025-11-30,26,8.498,A
1900011234567,2025-11-30,27,8.299,A
1900011234567,2025-11-30,28,8.468,A
1900011234567,2025-11-30,29,8.591,A
1900011234567,2025-11-30,30,8.529,A
1900011234567,2025-11-30,31,7.761,A
1900011234567,2025-11-30,32,7.952,A
1900011234567,2025-11-30,33,4.001,A
1900011234567,2025-11-30,34,3.64,A
1900011234567,2025-11-30,35,3.822,A
1900011234567,2025-11-30,36,3.643,A
1900011234567,2025-11-30,37,3.759,A
1900011234567,2025-11-30,38,3.753,A
1900011234567,2025-11-30,39,3.73,A
1900011234567,2025-11-30,40,3.826,A
1900011234567,2025-11-30,41,3.824,A
1900011234567,2025-11-30,42,3.817,A
1900011234567,2025-11-30,43,3.87,A
1900011234567,2025-11-30,44,3.646,A
1900011234567,2025-11-30,45,3.882,A
1900011234567,2025-11-30,46,3.861,A
1900011234567,2025-11-30,47,4.03,A
1900011234567,2025-11-30,48,3.654,A
1900011234567,2025-12-01,1,3.86,A
1900011234567,2025-12-01,2,3.679,A
1900011234567,2025-12-01,3,3.79,A
1900011234567,2025-12-01,4,3.88,A
1900011234567,2025-12-01,5,3.977,A
1900011234567,2025-12-01,6,3.785,A
1900011234567,2025-12-01,7,3.785,A
1900011234567,2025-12-01,8,3.998,A
1900011234567,2025-12-01,9,3.626,A
1900011234567,2025-12-01,10,4.015,A
1900011234567,2025-12-01,11,4.019,A
1900011234567,2025-12-01,12,3.641,A
1900011234567,2025-12-01,13,4.041,A
1900011234567,2025-12-01,14,9.848,A
1900011234567,2025-12-01,15,16.212,A
1900011234567,2025-12-01,16,22.764,A
1900011234567,2025-12-01,17,23.706,A
1900011234567,2025-12-01,18,23.356,A
1900011234567,2025-12-01,19,22.349,A
1900011234567,2025-12-01,20,24.383,A
1900011234567,2025-12-01,21,24.799,A
1900011234567,2025-12-01,22,23.8,A
1900011234567,2025-12-01,23,24.905,A
1900011234567,2025-12-01,24,22.913,A
1900011234567,2025-12-01,25,23.297,A
1900011234567,2025-12-01,26,24.984,A
1900011234567,2025-12-01,27,24.491,A
1900011234567,2025-12-01,28,22.8,A
1900011234567,2025-12-01,29,22.659,A
1900011234567,2025-12-01,30,24.618,A
1900011234567,2025-12-01,31,24.647,A
1900011234567,2025-12-01,32,23.586,A
1900011234567,2025-12-01,33,22.416,A
1900011234567,2025-12-01,34,24.517,A
1900011234567,2025-12-01,35,22.29,A
1900011234567,2025-12-01,36,22.899,A
1900011234567,2025-12-01,37,23.936,A
1900011234567,2025-12-01,38,22.741,A
1900011234567,2025-12-01,39,24.748,A
1900011234567,2025-12-01,40,22.844,A
1900011234567,2025-12-01,41,24.093,A
1900011234567,2025-12-01,42,23.891,A
1900011234567,2025-12-01,43,17.447,A
1900011234567,2025-12-01,44,10.334,A
1900011234567,2025-12-01,45,4.027,A
1900011234567,2025-12-01,46,4.055,A
1900011234567,2025-12-01,47,3.874,A
1900011234567,2025-12-01,48,4.049,A
1900011234567,2025-12-02,1,4.031,A
1900011234567,2025-12-02,2,3.86,A
1900011234567,2025-12-02,3,3.869,A
1900011234567,2025-12-02,4,3.749,A
1900011234567,2025-12-02,5,3.736,A
1900011234567,2025-12-02,6,3.644,A
1900011234567,2025-12-02,7,3.853,A
1900011234567,2025-12-02,8,3.91,A
1900011234567,2025-12-02,9,3.684,A
1900011234567,2025-12-02,10,3.807,A
1900011234567,2025-12-02,11,4.018,A
1900011234567,2025-12-02,12,3.985,A
1900011234567,2025-12-02,13,3.925,A
1900011234567,2025-12-02,14,10.339,A
1900011234567,2025-12-02,15,17.063,A
1900011234567,2025-12-02,16,23.182,A
1900011234567,2025-12-02,17,22.64,A
1900011234567,2025-12-02,18,22.348,A
1900011234567,2025-12-02,19,23.182,A
1900011234567,2025-12-02,20,23.601,A
1900011234567,2025-12-02,21,23.114,A
1900011234567,2025-12-02,22,23.32,A
1900011234567,2025-12-02,23,23.698,A
1900011234567,2025-12-02,24,24.013,A
1900011234567,2025-12-02,25,24.725,A
1900011234567,2025-12-02,26,24.162,A
1900011234567,2025-12-02,27,22.966,A
1900011234567,2025-12-02,28,22.498,A
1900011234567,2025-12-02,29,23.108,A
1900011234567,2025-12-02,30,24.134,A
1900011234567,2025-12-02,31,24.991,A
1900011234567,2025-12-02,32,23.566,A
1900011234567,2025-12-02,33,24.06,A
1900011234567,2025-12-02,34,22.642,A
1900011234567,2025-12-02,35,22.739,A
1900011234567,2025-12-02,36,22.792,A
1900011234567,2025-12-02,37,23.759,A
1900011234567,2025-12-02,38,24.081,A
1900011234567,2025-12-02,39,23.758,A
1900011234567,2025-12-02,40,24.509,A
1900011234567,2025-12-02,41,22.49,A
1900011234567,2025-12-02,42,24.234,A
1900011234567,2025-12-02,43,16.914,A
1900011234567,2025-12-02,44,10.591,A
1900011234567,2025-12-02,45,3.71,A
1900011234567,2025-12-02,46,3.716,A
1900011234567,2025-12-02,47,4.004,A
1900011234567,2025-12-02,48,3.62,A
1900011234567,2025-12-03,1,3.804,A
1900011234567,2025-12-03,2,3.988,A
1900011234567,2025-12-03,3,3.862,A
1900011234567,2025-12-03,4,3.791,A
1900011234567,2025-12-03,5,3.872,A
1900011234567,2025-12-03,6,3.896,A
1900011234567,2025-12-03,7,3.631,A
1900011234567,2025-12-03,8,3.875,A
1900011234567,2025-12-03,9,3.869,A
1900011234567,2025-12-03,10,3.849,A
1900011234567,2025-12-03,11,3.835,A
1900011234567,2025-12-03,12,3.782,A
1900011234567,2025-12-03,13,3.673,A
1900011234567,2025-12-03,14,10.405,A
1900011234567,2025-12-03,15,16.287,A
1900011234567,2025-12-03,16,22.313,A
1900011234567,2025-12-03,17,22.207,A
1900011234567,2025-12-03,18,24.904,A
1900011234567,2025-12-03,19,22.8,A
1900011234567,2025-12-03,20,22.287,A
1900011234567,2025-12-03,21,23.338,A
1900011234567,2025-12-03,22,24.602,A
1900011234567,2025-12-03,23,24.215,A
1900011234567,2025-12-03,24,23.559,A
1900011234567,2025-12-03,25,24.583,A
1900011234567,2025-12-03,26,24.61,A
1900011234567,2025-12-03,27,24.811,A
1900011234567,2025-12-03,28,22.432,A
1900011234567,2025-12-03,29,23.265,A
1900011234567,2025-12-03,30,24.118,A
1900011234567,2025-12-03,31,22.274,A
1900011234567,2025-12-03,32,23.769,A
1900011234567,2025-12-03,33,22.54,A
1900011234567,2025-12-03,34,23.486,A
1900011234567,2025-12-03,35,24.519,A
1900011234567,2025-12-03,36,23.491,A
1900011234567,2025-12-03,37,24.269,A
1900011234567,2025-12-03,38,24.502,A
1900011234567,2025-12-03,39,24.382,A
1900011234567,2025-12-03,40,22.801,A
1900011234567,2025-12-03,41,24.905,A
1900011234567,2025-12-03,42,24.238,A
1900011234567,2025-12-03,43,16.538,A
1900011234567,2025-12-03,44,10.576,A
1900011234567,2025-12-03,45,3.801,A
1900011234567,2025-12-03,46,4.05,A
1900011234567,2025-12-03,47,3.845,A
1900011234567,2025-12-03,48,4.013,A
1900011234567,2025-12-04,1,3.695,A
1900011234567,2025-12-04,2,3.694,A
1900011234567,2025-12-04,3,3.926,A
1900011234567,2025-12-04,4,3.783,A
1900011234567,2025-12-04,5,3.696,A
1900011234567,2025-12-04,6,3.704,A
1900011234567,2025-12-04,7,3.642,A
1900011234567,2025-12-04,8,3.783,A
1900011234567,2025-12-04,9,3.887,A
1900011234567,2025-12-04,10,3.647,A
1900011234567,2025-12-04,11,3.671,A
1900011234567,2025-12-04,12,3.996,A
1900011234567,2025-12-04,13,3.817,A
1900011234567,2025-12-04,14,10.668,A
1900011234567,2025-12-04,15,16.167,A
1900011234567,2025-12-04,16,23.89,A
1900011234567,2025-12-04,17,24.531,A
1900011234567,2025-12-04,18,24.413,A
1900011234567,2025-12-04,19,24.897,A
1900011234567,2025-12-04,20,23.858,A
1900011234567,2025-12-04,21,23.844,A
1900011234567,2025-12-04,22,24.942,A
1900011234567,2025-12-04,23,23.394,A
1900011234567,2025-12-04,24,24.523,A
1900011234567,2025-12-04,25,22.208,A
1900011234567,2025-12-04,26,23.47,A
1900011234567,2025-12-04,27,22.794,A
1900011234567,2025-12-04,28,23.659,A
1900011234567,2025-12-04,29,24.001,A
1900011234567,2025-12-04,30,24.518,A
1900011234567,2025-12-04,31,23.229,A
1900011234567,2025-12-04,32,22.316,A
1900011234567,2025-12-04,33,23.835,A
1900011234567,2025-12-04,34,24.425,A
1900011234567,2025-12-04,35,22.858,A
1900011234567,2025-12-04,36,23.114,A
1900011234567,2025-12-04,37,23.945,A
1900011234567,2025-12-04,38,22.332,A
1900011234567,2025-12-04,39,23.791,A
1900011234567,2025-12-04,40,22.87,A
1900011234567,2025-12-04,41,22.605,A
1900011234567,2025-12-04,42,24.35,A
1900011234567,2025-12-04,43,17.941,A
1900011234567,2025-12-04,44,10.209,A
1900011234567,2025-12-04,45,4.014,A
1900011234567,2025-12-04,46,3.741,A
1900011234567,2025-12-04,47,3.895,A
1900011234567,2025-12-04,48,4.058,A
1900011234567,2025-12-05,1,3.844,A
1900011234567,2025-12-05,2,4.003,A
1900011234567,2025-12-05,3,3.617,A
1900011234567,2025-12-05,4,3.617,A
1900011234567,2025-12-05,5,3.672,A
1900011234567,2025-12-05,6,3.615,A
1900011234567,2025-12-05,7,4.039,A
1900011234567,2025-12-05,8,3.733,A
1900011234567,2025-12-05,9,3.976,A
1900011234567,2025-12-05,10,3.746,A
1900011234567,2025-12-05,11,3.937,A
1900011234567,2025-12-05,12,3.814,A
1900011234567,2025-12-05,13,3.927,A
1900011234567,2025-12-05,14,10.199,A
1900011234567,2025-12-05,15,16.284,A
1900011234567,2025-12-05,16,23.545,A
1900011234567,2025-12-05,17,23.756,A
1900011234567,2025-12-05,18,23.651,A
1900011234567,2025-12-05,19,22.71,A
1900011234567,2025-12-05,20,23.033,A
1900011234567,2025-12-05,21,22.866,A
1900011234567,2025-12-05,22,23.983,A
1900011234567,2025-12-05,23,24.281,A
1900011234567,2025-12-05,24,22.734,A
1900011234567,2025-12-05,25,23.178,A
1900011234567,2025-12-05,26,22.697,A
1900011234567,2025-12-05,27,23.279,A
1900011234567,2025-12-05,28,24.44,A
1900011234567,2025-12-05,29,22.751,A
1900011234567,2025-12-05,30,23.023,A
1900011234567,2025-12-05,31,24.749,A
1900011234567,2025-12-05,32,24.191,A
1900011234567,2025-12-05,33,24.088,A
1900011234567,2025-12-05,34,24.577,A
1900011234567,2025-12-05,35,24.275,A
1900011234567,2025-12-05,36,24.562,A
1900011234567,2025-12-05,37,24.329,A
1900011234567,2025-12-05,38,23.939,A
1900011234567,2025-12-05,39,24.325,A
1900011234567,2025-12-05,40,23.103,A
1900011234567,2025-12-05,41,23.471,A
1900011234567,2025-12-05,42,23.324,A
1900011234567,2025-12-05,43,17.386,A
1900011234567,2025-12-05,44,9.863,A
1900011234567,2025-12-05,45,3.659,A
1900011234567,2025-12-05,46,3.956,A
1900011234567,2025-12-05,47,3.885,A
1900011234567,2025-12-05,48,3.769,A
1900011234567,2025-12-06,1,3.763,A
1900011234567,2025-12-06,2,4.054,A
1900011234567,2025-12-06,3,3.641,A
1900011234567,2025-12-06,4,3.84,A
1900011234567,2025-12-06,5,3.993,A
1900011234567,2025-12-06,6,3.987,A
1900011234567,2025-12-06,7,3.733,A
1900011234567,2025-12-06,8,3.752,A
1900011234567,2025-12-06,9,4.049,A
1900011234567,2025-12-06,10,3.926,A
1900011234567,2025-12-06,11,3.992,A
1900011234567,2025-12-06,12,3.838,A
1900011234567,2025-12-06,13,3.904,A
1900011234567,2025-12-06,14,4.011,A
1900011234567,2025-12-06,15,3.964,A
1900011234567,2025-12-06,16,3.979,A
1900011234567,2025-12-06,17,8.388,A
1900011234567,2025-12-06,18,8.034,A
1900011234567,2025-12-06,19,7.865,A
1900011234567,2025-12-06,20,7.71,A
1900011234567,2025-12-06,21,7.814,A
1900011234567,2025-12-06,22,8.58,A
1900011234567,2025-12-06,23,7.806,A
1900011234567,2025-12-06,24,8.054,A
1900011234567,2025-12-06,25,8.149,A
1900011234567,2025-12-06,26,8.179,A
1900011234567,2025-12-06,27,7.962,A
1900011234567,2025-12-06,28,7.86,A
1900011234567,2025-12-06,29,8.06,A
1900011234567,2025-12-06,30,8.212,A
1900011234567,2025-12-06,31,8.212,A
1900011234567,2025-12-06,32,8.442,A
1900011234567,2025-12-06,33,4.061,A
1900011234567,2025-12-06,34,3.757,A
1900011234567,2025-12-06,35,3.871,A
1900011234567,2025-12-06,36,4.048,A
1900011234567,2025-12-06,37,3.941,A
1900011234567,2025-12-06,38,3.807,A
1900011234567,2025-12-06,39,3.907,A
1900011234567,2025-12-06,40,3.708,A
1900011234567,2025-12-06,41,3.901,A
1900011234567,2025-12-06,42,3.806,A
1900011234567,2025-12-06,43,4.035,A
1900011234567,2025-12-06,44,3.76,A
1900011234567,2025-12-06,45,3.836,A
1900011234567,2025-12-06,46,3.985,A
1900011234567,2025-12-06,47,3.91,A
1900011234567,2025-12-06,48,3.79,A
1900011234567,2025-12-07,1,3.917,A
1900011234567,2025-12-07,2,3.982,A
1900011234567,2025-12-07,3,3.85,A
1900011234567,2025-12-07,4,3.772,A
1900011234567,2025-12-07,5,3.985,A
1900011234567,2025-12-07,6,3.853,A
1900011234567,2025-12-07,7,3.702,A
1900011234567,2025-12-07,8,3.746,A
1900011234567,2025-12-07,9,4.03,A
1900011234567,2025-12-07,10,3.775,A
1900011234567,2025-12-07,11,3.75,A
1900011234567,2025-12-07,12,3.646,A
1900011234567,2025-12-07,13,3.64,A
1900011234567,2025-12-07,14,4.035,A
1900011234567,2025-12-07,15,3.853,A
1900011234567,2025-12-07,16,3.662,A
1900011234567,2025-12-07,17,8.64,A
1900011234567,2025-12-07,18,7.765,A
1900011234567,2025-12-07,19,8.337,A
1900011234567,2025-12-07,20,8.595,A
1900011234567,2025-12-07,21,8.339,A
1900011234567,2025-12-07,22,8.458,A
1900011234567,2025-12-07,23,8.171,A
1900011234567,2025-12-07,24,8.014,A
1900011234567,2025-12-07,25,7.851,A
1900011234567,2025-12-07,26,8.259,A
1900011234567,2025-12-07,27,7.917,A
1900011234567,2025-12-07,28,8.165,A
1900011234567,2025-12-07,29,8.634,A
1900011234567,2025-12-07,30,8.442,A
1900011234567,2025-12-07,31,8.387,A
1900011234567,2025-12-07,32,7.888,A
1900011234567,2025-12-07,33,3.704,A
1900011234567,2025-12-07,34,4.005,A
1900011234567,2025-12-07,35,4.01,A
1900011234567,2025-12-07,36,3.785,A
1900011234567,2025-12-07,37,3.64,A
1900011234567,2025-12-07,38,3.768,A
1900011234567,2025-12-07,39,3.68,A
1900011234567,2025-12-07,40,3.647,A
1900011234567,2025-12-07,41,3.786,A
1900011234567,2025-12-07,42,3.765,A
1900011234567,2025-12-07,43,3.73,A
1900011234567,2025-12-07,44,3.616,A
1900011234567,2025-12-07,45,4.063,A
1900011234567,2025-12-07,46,3.91,A
1900011234567,2025-12-07,47,3.976,A
1900011234567,2025-12-07,48,3.993,A
1900011234567,2025-12-08,1,3.76,A
1900011234567,2025-12-08,2,3.89,A
1900011234567,2025-12-08,3,3.819,A
1900011234567,2025-12-08,4,3.664,A
1900011234567,2025-12-08,5,3.747,A
1900011234567,2025-12-08,6,3.644,A
1900011234567,2025-12-08,7,3.957,A
1900011234567,2025-12-08,8,3.749,A
1900011234567,2025-12-08,9,3.687,A
1900011234567,2025-12-08,10,3.636,A
1900011234567,2025-12-08,11,3.949,A
1900011234567,2025-12-08,12,4.052,A
1900011234567,2025-12-08,13,3.607,A
1900011234567,2025-12-08,14,10.543,A
1900011234567,2025-12-08,15,16.174,A
1900011234567,2025-12-08,16,24.086,A
1900011234567,2025-12-08,17,22.572,A
1900011234567,2025-12-08,18,24.275,A
1900011234567,2025-12-08,19,22.412,A
1900011234567,2025-12-08,20,22.568,A
1900011234567,2025-12-08,21,22.982,A
1900011234567,2025-12-08,22,24.655,A
1900011234567,2025-12-08,23,23.177,A
1900011234567,2025-12-08,24,23.282,A
1900011234567,2025-12-08,25,23.481,A
1900011234567,2025-12-08,26,24.751,A
1900011234567,2025-12-08,27,23.038,A
1900011234567,2025-12-08,28,24.812,A
1900011234567,2025-12-08,29,24.463,A
1900011234567,2025-12-08,30,24.38,A
1900011234567,2025-12-08,31,24.897,A
1900011234567,2025-12-08,32,24.939,A
1900011234567,2025-12-08,33,23.036,A
1900011234567,2025-12-08,34,24.673,A
1900011234567,2025-12-08,35,23.474,A
1900011234567,2025-12-08,36,24.783,A
1900011234567,2025-12-08,37,24.566,A
1900011234567,2025-12-08,38,24.408,A
1900011234567,2025-12-08,39,24.605,A
1900011234567,2025-12-08,40,23.014,A
1900011234567,2025-12-08,41,22.606,A
1900011234567,2025-12-08,42,24.683,A
1900011234567,2025-12-08,43,16.836,A
1900011234567,2025-12-08,44,10.739,A
1900011234567,2025-12-08,45,3.831,A
1900011234567,2025-12-08,46,3.824,A
1900011234567,2025-12-08,47,3.705,A
1900011234567,2025-12-08,48,3.961,A
1900011234567,2025-12-09,1,3.99,A
1900011234567,2025-12-09,2,3.782,A
1900011234567,2025-12-09,3,3.909,A
1900011234567,2025-12-09,4,4.054,A
1900011234567,2025-12-09,5,3.898,A
1900011234567,2025-12-09,6,3.773,A
1900011234567,2025-12-09,7,3.788,A
1900011234567,2025-12-09,8,3.656,A
1900011234567,2025-12-09,9,3.813,A
1900011234567,2025-12-09,10,3.699,A
1900011234567,2025-12-09,11,4.018,A
1900011234567,2025-12-09,12,3.994,A
1900011234567,2025-12-09,13,3.887,A
1900011234567,2025-12-09,14,10.176,A
1900011234567,2025-12-09,15,16.628,A
1900011234567,2025-12-09,16,23.26,A
1900011234567,2025-12-09,17,22.357,A
1900011234567,2025-12-09,18,24.854,A
1900011234567,2025-12-09,19,23.44,A
1900011234567,2025-12-09,20,24.988,A
1900011234567,2025-12-09,21,23.521,A
1900011234567,2025-12-09,22,24.829,A
1900011234567,2025-12-09,23,22.229,A
1900011234567,2025-12-09,24,24.99,A
1900011234567,2025-12-09,25,23.753,A
1900011234567,2025-12-09,26,22.49,A
1900011234567,2025-12-09,27,23.887,A
1900011234567,2025-12-09,28,24.812,A
1900011234567,2025-12-09,29,24.666,A
1900011234567,2025-12-09,30,24.542,A
1900011234567,2025-12-09,31,22.339,A
1900011234567,2025-12-09,32,23.481,A
1900011234567,2025-12-09,33,22.48,A
1900011234567,2025-12-09,34,23.338,A
1900011234567,2025-12-09,35,24.441,A
1900011234567,2025-12-09,36,22.751,A
1900011234567,2025-12-09,37,24.793,A
1900011234567,2025-12-09,38,23.944,A
1900011234567,2025-12-09,39,24.345,A
1900011234567,2025-12-09,40,23.445,A
1900011234567,2025-12-09,41,23.098,A
1900011234567,2025-12-09,42,24.85,A
1900011234567,2025-12-09,43,16.422,A
1900011234567,2025-12-09,44,10.707,A
1900011234567,2025-12-09,45,3.961,A
1900011234567,2025-12-09,46,3.892,A
1900011234567,2025-12-09,47,3.64,A
1900011234567,2025-12-09,48,3.772,A
1900011234567,2025-12-10,1,3.824,A
1900011234567,2025-12-10,2,3.693,A
1900011234567,2025-12-10,3,3.859,A
1900011234567,2025-12-10,4,3.685,A
1900011234567,2025-12-10,5,3.654,A
1900011234567,2025-12-10,6,3.755,A
1900011234567,2025-12-10,7,3.754,A
1900011234567,2025-12-10,8,3.923,A
1900011234567,2025-12-10,9,3.925,A
1900011234567,2025-12-10,10,3.931,A
1900011234567,2025-12-10,11,3.736,A
1900011234567,2025-12-10,12,3.81,A
1900011234567,2025-12-10,13,3.916,A
1900011234567,2025-12-10,14,10.655,A
1900011234567,2025-12-10,15,17.834,A
1900011234567,2025-12-10,16,22.661,A
1900011234567,2025-12-10,17,23.441,A
1900011234567,2025-12-10,18,24.722,A
1900011234567,2025-12-10,19,24.879,A
1900011234567,2025-12-10,20,24.026,A
1900011234567,2025-12-10,21,23.492,A
1900011234567,2025-12-10,22,24.206,A
1900011234567,2025-12-10,23,24.045,A
1900011234567,2025-12-10,24,22.745,A
1900011234567,2025-12-10,25,22.29,A
1900011234567,2025-12-10,26,24.334,A
1900011234567,2025-12-10,27,25.005,A
1900011234567,2025-12-10,28,23.12,A
1900011234567,2025-12-10,29,23.024,A
1900011234567,2025-12-10,30,22.753,A
1900011234567,2025-12-10,31,24.146,A
1900011234567,2025-12-10,32,22.426,A
1900011234567,2025-12-10,33,24.658,A
1900011234567,2025-12-10,34,24.801,A
1900011234567,2025-12-10,35,24.78,A
1900011234567,2025-12-10,36,23.041,A
1900011234567,2025-12-10,37,23.013,A
1900011234567,2025-12-10,38,23.159,A
1900011234567,2025-12-10,39,24.24,A
1900011234567,2025-12-10,40,22.377,A
1900011234567,2025-12-10,41,23.569,A
1900011234567,2025-12-10,42,24.052,A
1900011234567,2025-12-10,43,17.373,A
1900011234567,2025-12-10,44,9.823,A
1900011234567,2025-12-10,45,3.895,A
1900011234567,2025-12-10,46,4.013,A
1900011234567,2025-12-10,47,3.723,A
1900011234567,2025-12-10,48,3.988,A
1900011234567,2025-12-11,1,3.766,A
1900011234567,2025-12-11,2,3.913,A
1900011234567,2025-12-11,3,4.033,A
1900011234567,2025-12-11,4,3.643,A
1900011234567,2025-12-11,5,3.704,A
1900011234567,2025-12-11,6,3.981,A
1900011234567,2025-12-11,7,3.704,A
1900011234567,2025-12-11,8,3.884,A
1900011234567,2025-12-11,9,3.742,A
1900011234567,2025-12-11,10,3.621,A
1900011234567,2025-12-11,11,4.036,A
1900011234567,2025-12-11,12,3.967,A
1900011234567,2025-12-11,13,3.825,A
1900011234567,2025-12-11,14,10.447,A
1900011234567,2025-12-11,15,16.155,A
1900011234567,2025-12-11,16,23.447,A
1900011234567,2025-12-11,17,24.139,A
1900011234567,2025-12-11,18,22.789,A
1900011234567,2025-12-11,19,23.431,A
1900011234567,2025-12-11,20,24.997,A
1900011234567,2025-12-11,21,22.75,A
1900011234567,2025-12-11,22,23.281,A
1900011234567,2025-12-11,23,23.877,A
1900011234567,2025-12-11,24,23.897,A
1900011234567,2025-12-11,25,25.0,A
1900011234567,2025-12-11,26,22.827,A
1900011234567,2025-12-11,27,23.634,A
1900011234567,2025-12-11,28,24.528,A
1900011234567,2025-12-11,29,22.417,A
1900011234567,2025-12-11,30,23.226,A
1900011234567,2025-12-11,31,25.014,A
1900011234567,2025-12-11,32,22.274,A
1900011234567,2025-12-11,33,24.778,A
1900011234567,2025-12-11,34,23.038,A
1900011234567,2025-12-11,35,24.796,A
1900011234567,2025-12-11,36,22.416,A
1900011234567,2025-12-11,37,22.436,A
1900011234567,2025-12-11,38,23.575,A
1900011234567,2025-12-11,39,22.281,A
1900011234567,2025-12-11,40,24.615,A
1900011234567,2025-12-11,41,23.367,A
1900011234567,2025-12-11,42,22.917,A
1900011234567,2025-12-11,43,17.434,A
1900011234567,2025-12-11,44,10.213,A
1900011234567,2025-12-11,45,3.768,A
1900011234567,2025-12-11,46,3.926,A
1900011234567,2025-12-11,47,4.03,A
1900011234567,2025-12-11,48,3.909,A
1900011234567,2025-12-12,1,4.045,A
1900011234567,2025-12-12,2,4.026,A
1900011234567,2025-12-12,3,3.787,A
1900011234567,2025-12-12,4,3.923,A
1900011234567,2025-12-12,5,3.905,A
1900011234567,2025-12-12,6,3.95,A
1900011234567,2025-12-12,7,3.628,A
1900011234567,2025-12-12,8,3.655,A
1900011234567,2025-12-12,9,3.779,A
1900011234567,2025-12-12,10,3.841,A
1900011234567,2025-12-12,11,3.606,A
1900011234567,2025-12-12,12,3.774,A
1900011234567,2025-12-12,13,3.915,A
1900011234567,2025-12-12,14,10.064,A
1900011234567,2025-12-12,15,16.197,A
1900011234567,2025-12-12,16,22.904,A
1900011234567,2025-12-12,17,22.201,A
1900011234567,2025-12-12,18,22.367,A
1900011234567,2025-12-12,19,22.511,A
1900011234567,2025-12-12,20,22.342,A
1900011234567,2025-12-12,21,23.259,A
1900011234567,2025-12-12,22,24.603,A
1900011234567,2025-12-12,23,24.728,A
1900011234567,2025-12-12,24,24.081,A
1900011234567,2025-12-12,25,24.249,A
1900011234567,2025-12-12,26,24.499,A
1900011234567,2025-12-12,27,24.402,A
1900011234567,2025-12-12,28,23.909,A
1900011234567,2025-12-12,29,23.592,A
1900011234567,2025-12-12,30,22.873,A
1900011234567,2025-12-12,31,22.713,A
1900011234567,2025-12-12,32,24.555,A
1900011234567,2025-12-12,33,24.463,A
1900011234567,2025-12-12,34,23.011,A
1900011234567,2025-12-12,35,22.398,A
1900011234567,2025-12-12,36,22.286,A
1900011234567,2025-12-12,37,24.202,A
1900011234567,2025-12-12,38,24.71,A
1900011234567,2025-12-12,39,22.209,A
1900011234567,2025-12-12,40,23.52,A
1900011234567,2025-12-12,41,22.669,A
1900011234567,2025-12-12,42,23.07,A
1900011234567,2025-12-12,43,17.02,A
1900011234567,2025-12-12,44,10.342,A
1900011234567,2025-12-12,45,3.938,A
1900011234567,2025-12-12,46,3.963,A
1900011234567,2025-12-12,47,4.064,A
1900011234567,2025-12-12,48,3.779,A
1900011234567,2025-12-13,1,3.906,A
1900011234567,2025-12-13,2,3.868,A
1900011234567,2025-12-13,3,3.966,A
1900011234567,2025-12-13,4,3.942,A
1900011234567,2025-12-13,5,4.003,A
1900011234567,2025-12-13,6,3.792,A
1900011234567,2025-12-13,7,3.936,A
1900011234567,2025-12-13,8,3.855,A
1900011234567,2025-12-13,9,3.689,A
1900011234567,2025-12-13,10,4.024,A
1900011234567,2025-12-13,11,3.867,A
1900011234567,2025-12-13,12,3.826,A
1900011234567,2025-12-13,13,3.855,A
1900011234567,2025-12-13,14,4.058,A
1900011234567,2025-12-13,15,3.65,A
1900011234567,2025-12-13,16,4.015,A
1900011234567,2025-12-13,17,7.954,A
1900011234567,2025-12-13,18,8.34,A
1900011234567,2025-12-13,19,8.553,A
1900011234567,2025-12-13,20,8.497,A
1900011234567,2025-12-13,21,8.008,A
1900011234567,2025-12-13,22,7.803,A
1900011234567,2025-12-13,23,8.039,A
1900011234567,2025-12-13,24,8.107,A
1900011234567,2025-12-13,25,8.567,A
1900011234567,2025-12-13,26,8.396,A
1900011234567,2025-12-13,27,8.214,A
1900011234567,2025-12-13,28,8.39,A
1900011234567,2025-12-13,29,8.67,A
1900011234567,2025-12-13,30,8.454,A
1900011234567,2025-12-13,31,7.893,A
1900011234567,2025-12-13,32,8.631,A
1900011234567,2025-12-13,33,3.822,A
1900011234567,2025-12-13,34,3.849,A
1900011234567,2025-12-13,35,3.721,A
1900011234567,2025-12-13,36,3.74,A
1900011234567,2025-12-13,37,3.675,A
1900011234567,2025-12-13,38,3.756,A
1900011234567,2025-12-13,39,3.972,A
1900011234567,2025-12-13,40,4.033,A
1900011234567,2025-12-13,41,4.051,A
1900011234567,2025-12-13,42,3.843,A
1900011234567,2025-12-13,43,3.947,A
1900011234567,2025-12-13,44,3.814,A
1900011234567,2025-12-13,45,3.742,A
1900011234567,2025-12-13,46,3.793,A
1900011234567,2025-12-13,47,3.818,A
1900011234567,2025-12-13,48,3.773,A
1900011234567,2025-12-14,1,3.88,A
1900011234567,2025-12-14,2,3.757,A
1900011234567,2025-12-14,3,3.632,A
1900011234567,2025-12-14,4,3.79,A
1900011234567,2025-12-14,5,3.887,A
1900011234567,2025-12-14,6,3.738,A
1900011234567,2025-12-14,7,3.844,A
1900011234567,2025-12-14,8,3.962,A
1900011234567,2025-12-14,9,3.762,A
1900011234567,2025-12-14,10,3.984,A
1900011234567,2025-12-14,11,3.849,A
1900011234567,2025-12-14,12,3.608,A
1900011234567,2025-12-14,13,3.822,A
1900011234567,2025-12-14,14,4.049,A
1900011234567,2025-12-14,15,4.047,A
1900011234567,2025-12-14,16,4.024,A
1900011234567,2025-12-14,17,8.078,A
1900011234567,2025-12-14,18,8.288,A
1900011234567,2025-12-14,19,8.426,A
1900011234567,2025-12-14,20,8.221,A
1900011234567,2025-12-14,21,7.865,A
1900011234567,2025-12-14,22,8.047,A
1900011234567,2025-12-14,23,8.221,A
1900011234567,2025-12-14,24,8.212,A
1900011234567,2025-12-14,25,8.091,A
1900011234567,2025-12-14,26,7.846,A
1900011234567,2025-12-14,27,8.262,A
1900011234567,2025-12-14,28,8.65,A
1900011234567,2025-12-14,29,8.429,A
1900011234567,2025-12-14,30,8.4,A
1900011234567,2025-12-14,31,8.153,A
1900011234567,2025-12-14,32,7.841,A
1900011234567,2025-12-14,33,3.661,A
1900011234567,2025-12-14,34,3.729,A
1900011234567,2025-12-14,35,3.884,A
1900011234567,2025-12-14,36,3.876,A
1900011234567,2025-12-14,37,3.635,A
1900011234567,2025-12-14,38,3.961,A
1900011234567,2025-12-14,39,4.036,A
1900011234567,2025-12-14,40,3.845,A
1900011234567,2025-12-14,41,3.962,A
1900011234567,2025-12-14,42,3.955,A
1900011234567,2025-12-14,43,3.97,A
1900011234567,2025-12-14,44,3.997,A
1900011234567,2025-12-14,45,3.974,A
1900011234567,2025-12-14,46,4.025,A
1900011234567,2025-12-14,47,4.064,A
1900011234567,2025-12-14,48,4.028,A
1900011234567,2025-12-15,1,3.838,A
1900011234567,2025-12-15,2,3.688,A
1900011234567,2025-12-15,3,3.978,A
1900011234567,2025-12-15,4,3.898,A
1900011234567,2025-12-15,5,3.715,A
1900011234567,2025-12-15,6,3.614,A
1900011234567,2025-12-15,7,4.06,A
1900011234567,2025-12-15,8,4.039,A
1900011234567,2025-12-15,9,3.706,A
1900011234567,2025-12-15,10,4.053,A
1900011234567,2025-12-15,11,3.606,A
1900011234567,2025-12-15,12,3.708,A
1900011234567,2025-12-15,13,3.611,A
1900011234567,2025-12-15,14,10.885,A
1900011234567,2025-12-15,15,17.545,A
1900011234567,2025-12-15,16,24.573,A
1900011234567,2025-12-15,17,23.395,A
1900011234567,2025-12-15,18,22.384,A
1900011234567,2025-12-15,19,24.209,A
1900011234567,2025-12-15,20,24.712,A
1900011234567,2025-12-15,21,22.804,A
1900011234567,2025-12-15,22,24.516,A
1900011234567,2025-12-15,23,24.787,A
1900011234567,2025-12-15,24,22.446,A
1900011234567,2025-12-15,25,22.298,A
1900011234567,2025-12-15,26,22.837,A
1900011234567,2025-12-15,27,23.774,A
1900011234567,2025-12-15,28,23.073,A
1900011234567,2025-12-15,29,24.993,A
1900011234567,2025-12-15,30,24.156,A
1900011234567,2025-12-15,31,23.79,A
1900011234567,2025-12-15,32,24.858,A
1900011234567,2025-12-15,33,22.976,A
1900011234567,2025-12-15,34,22.689,A
1900011234567,2025-12-15,35,22.229,A
1900011234567,2025-12-15,36,22.988,A
1900011234567,2025-12-15,37,23.644,A
1900011234567,2025-12-15,38,23.765,A
1900011234567,2025-12-15,39,24.187,A
1900011234567,2025-12-15,40,22.376,A
1900011234567,2025-12-15,41,23.713,A
1900011234567,2025-12-15,42,24.488,A
1900011234567,2025-12-15,43,17.967,A
1900011234567,2025-12-15,44,10.749,A
1900011234567,2025-12-15,45,3.683,A
1900011234567,2025-12-15,46,3.965,A
1900011234567,2025-12-15,47,4.052,A
1900011234567,2025-12-15,48,4.05,A
1900011234567,2025-12-16,1,3.999,A
1900011234567,2025-12-16,2,3.621,A
1900011234567,2025-12-16,3,3.718,A
1900011234567,2025-12-16,4,3.748,A
1900011234567,2025-12-16,5,3.967,A
1900011234567,2025-12-16,6,3.661,A
1900011234567,2025-12-16,7,3.76,A
1900011234567,2025-12-16,8,3.68,A
1900011234567,2025-12-16,9,3.619,A
1900011234567,2025-12-16,10,3.739,A
1900011234567,2025-12-16,11,4.06,A
1900011234567,2025-12-16,12,4.036,A
1900011234567,2025-12-16,13,3.882,A
1900011234567,2025-12-16,14,10.536,A
1900011234567,2025-12-16,15,16.387,A
1900011234567,2025-12-16,16,23.049,A
1900011234567,2025-12-16,17,24.684,A
1900011234567,2025-12-16,18,22.72,A
1900011234567,2025-12-16,19,22.427,A
1900011234567,2025-12-16,20,22.962,A
1900011234567,2025-12-16,21,23.203,A
1900011234567,2025-12-16,22,23.396,A
1900011234567,2025-12-16,23,23.066,A
1900011234567,2025-12-16,24,24.243,A
1900011234567,2025-12-16,25,23.42,A
1900011234567,2025-12-16,26,24.314,A
1900011234567,2025-12-16,27,24.891,A
1900011234567,2025-12-16,28,24.451,A
1900011234567,2025-12-16,29,24.904,A
1900011234567,2025-12-16,30,23.96,A
1900011234567,2025-12-16,31,22.631,A
1900011234567,2025-12-16,32,24.938,A
1900011234567,2025-12-16,33,22.49,A
1900011234567,2025-12-16,34,24.01,A
1900011234567,2025-12-16,35,23.034,A
1900011234567,2025-12-16,36,22.507,A
1900011234567,2025-12-16,37,24.074,A
1900011234567,2025-12-16,38,22.984,A
1900011234567,2025-12-16,39,22.435,A
1900011234567,2025-12-16,40,23.481,A
1900011234567,2025-12-16,41,24.103,A
1900011234567,2025-12-16,42,23.911,A
1900011234567,2025-12-16,43,16.603,A
1900011234567,2025-12-16,44,10.472,A
1900011234567,2025-12-16,45,4.049,A
1900011234567,2025-12-16,46,4.051,A
1900011234567,2025-12-16,47,3.63,A
1900011234567,2025-12-16,48,3.882,A
1900011234567,2025-12-17,1,3.972,A
1900011234567,2025-12-17,2,3.934,A
1900011234567,2025-12-17,3,3.906,A
1900011234567,2025-12-17,4,3.76,A
1900011234567,2025-12-17,5,3.643,A
1900011234567,2025-12-17,6,3.936,A
1900011234567,2025-12-17,7,3.696,A
1900011234567,2025-12-17,8,3.769,A
1900011234567,2025-12-17,9,3.655,A
1900011234567,2025-12-17,10,3.667,A
1900011234567,2025-12-17,11,3.889,A
1900011234567,2025-12-17,12,3.651,A
1900011234567,2025-12-17,13,4.0,A
1900011234567,2025-12-17,14,10.903,A
1900011234567,2025-12-17,15,17.754,A
1900011234567,2025-12-17,16,23.309,A
1900011234567,2025-12-17,17,23.084,A
1900011234567,2025-12-17,18,23.615,A
1900011234567,2025-12-17,19,24.513,A
1900011234567,2025-12-17,20,23.711,A
1900011234567,2025-12-17,21,23.319,A
1900011234567,2025-12-17,22,22.49,A
1900011234567,2025-12-17,23,23.654,A
1900011234567,2025-12-17,24,24.24,A
1900011234567,2025-12-17,25,22.313,A
1900011234567,2025-12-17,26,23.764,A
1900011234567,2025-12-17,27,22.99,A
1900011234567,2025-12-17,28,23.807,A
1900011234567,2025-12-17,29,23.676,A
1900011234567,2025-12-17,30,23.344,A
1900011234567,2025-12-17,31,23.903,A
1900011234567,2025-12-17,32,24.832,A
1900011234567,2025-12-17,33,22.771,A
1900011234567,2025-12-17,34,22.962,A
1900011234567,2025-12-17,35,23.443,A
1900011234567,2025-12-17,36,24.316,A
1900011234567,2025-12-17,37,23.739,A
1900011234567,2025-12-17,38,24.696,A
1900011234567,2025-12-17,39,23.264,A
1900011234567,2025-12-17,40,24.164,A
1900011234567,2025-12-17,41,24.821,A
1900011234567,2025-12-17,42,24.829,A
1900011234567,2025-12-17,43,18.023,A
1900011234567,2025-12-17,44,10.208,A
1900011234567,2025-12-17,45,3.883,A
1900011234567,2025-12-17,46,3.767,A
1900011234567,2025-12-17,47,3.739,A
1900011234567,2025-12-17,48,3.911,A
1900011234567,2025-12-18,1,3.688,A
1900011234567,2025-12-18,2,3.761,A
1900011234567,2025-12-18,3,3.779,A
1900011234567,2025-12-18,4,3.986,A
1900011234567,2025-12-18,5,3.738,A
1900011234567,2025-12-18,6,3.83,A
1900011234567,2025-12-18,7,3.96,A
1900011234567,2025-12-18,8,3.909,A
1900011234567,2025-12-18,9,3.953,A
1900011234567,2025-12-18,10,3.673,A
1900011234567,2025-12-18,11,3.746,A
1900011234567,2025-12-18,12,3.742,A
1900011234567,2025-12-18,13,3.94,A
1900011234567,2025-12-18,14,10.277,A
1900011234567,2025-12-18,15,16.07,A
1900011234567,2025-12-18,16,23.256,A
1900011234567,2025-12-18,17,23.725,A
1900011234567,2025-12-18,18,23.019,A
1900011234567,2025-12-18,19,22.71,A
1900011234567,2025-12-18,20,23.606,A
1900011234567,2025-12-18,21,24.102,A
1900011234567,2025-12-18,22,24.503,A
1900011234567,2025-12-18,23,24.405,A
1900011234567,2025-12-18,24,23.902,A
1900011234567,2025-12-18,25,24.123,A
1900011234567,2025-12-18,26,22.51,A
1900011234567,2025-12-18,27,24.897,A
1900011234567,2025-12-18,28,23.31,A
1900011234567,2025-12-18,29,22.415,A
1900011234567,2025-12-18,30,24.302,A
1900011234567,2025-12-18,31,23.041,A
1900011234567,2025-12-18,32,24.563,A
1900011234567,2025-12-18,33,24.608,A
1900011234567,2025-12-18,34,24.657,A
1900011234567,2025-12-18,35,22.815,A
1900011234567,2025-12-18,36,24.732,A
1900011234567,2025-12-18,37,23.542,A
1900011234567,2025-12-18,38,23.128,A
1900011234567,2025-12-18,39,22.517,A
1900011234567,2025-12-18,40,23.597,A
1900011234567,2025-12-18,41,22.705,A
1900011234567,2025-12-18,42,23.45,A
1900011234567,2025-12-18,43,16.5,A
1900011234567,2025-12-18,44,10.587,A
1900011234567,2025-12-18,45,3.823,A
1900011234567,2025-12-18,46,3.834,A
1900011234567,2025-12-18,47,3.633,A
1900011234567,2025-12-18,48,3.922,A
1900011234567,2025-12-19,1,3.721,A
1900011234567,2025-12-19,2,3.772,A
1900011234567,2025-12-19,3,3.884,A
1900011234567,2025-12-19,4,3.635,A
1900011234567,2025-12-19,5,3.781,A
1900011234567,2025-12-19,6,4.02,A
1900011234567,2025-12-19,7,4.029,A
1900011234567,2025-12-19,8,4.06,A
1900011234567,2025-12-19,9,3.783,A
1900011234567,2025-12-19,10,3.763,A
1900011234567,2025-12-19,11,3.836,A
1900011234567,2025-12-19,12,4.025,A
1900011234567,2025-12-19,13,3.734,A
1900011234567,2025-12-19,14,9.925,A
1900011234567,2025-12-19,15,17.149,A
1900011234567,2025-12-19,16,23.24,A
1900011234567,2025-12-19,17,23.202,A
1900011234567,2025-12-19,18,22.599,A
1900011234567,2025-12-19,19,23.418,A
1900011234567,2025-12-19,20,24.056,A
1900011234567,2025-12-19,21,24.612,A
1900011234567,2025-12-19,22,22.642,A
1900011234567,2025-12-19,23,24.792,A
1900011234567,2025-12-19,24,24.32,A
1900011234567,2025-12-19,25,24.708,A
1900011234567,2025-12-19,26,22.383,A
1900011234567,2025-12-19,27,23.088,A
1900011234567,2025-12-19,28,24.128,A
1900011234567,2025-12-19,29,24.84,A
1900011234567,2025-12-19,30,23.253,A
1900011234567,2025-12-19,31,24.961,A
1900011234567,2025-12-19,32,24.515,A
1900011234567,2025-12-19,33,24.893,A
1900011234567,2025-12-19,34,24.25,A
1900011234567,2025-12-19,35,24.753,A
1900011234567,2025-12-19,36,22.614,A
1900011234567,2025-12-19,37,22.298,A
1900011234567,2025-12-19,38,22.211,A
1900011234567,2025-12-19,39,23.306,A
1900011234567,2025-12-19,40,23.715,A
1900011234567,2025-12-19,41,22.544,A
1900011234567,2025-12-19,42,24.945,A
1900011234567,2025-12-19,43,16.406,A
1900011234567,2025-12-19,44,10.063,A
1900011234567,2025-12-19,45,3.63,A
1900011234567,2025-12-19,46,3.941,A
1900011234567,2025-12-19,47,3.869,A
1900011234567,2025-12-19,48,3.755,A
1900011234567,2025-12-20,1,3.731,A
1900011234567,2025-12-20,2,3.736,A
1900011234567,2025-12-20,3,3.84,A
1900011234567,2025-12-20,4,4.049,A
1900011234567,2025-12-20,5,3.898,A
1900011234567,2025-12-20,6,3.759,A
1900011234567,2025-12-20,7,3.633,A
1900011234567,2025-12-20,8,3.663,A
1900011234567,2025-12-20,9,4.012,A
1900011234567,2025-12-20,10,3.899,A
1900011234567,2025-12-20,11,3.667,A
1900011234567,2025-12-20,12,3.899,A
1900011234567,2025-12-20,13,3.948,A
1900011234567,2025-12-20,14,3.616,A
1900011234567,2025-12-20,15,4.004,A
1900011234567,2025-12-20,16,3.946,A
1900011234567,2025-12-20,17,8.351,A
1900011234567,2025-12-20,18,8.614,A
1900011234567,2025-12-20,19,8.235,A
1900011234567,2025-12-20,20,8.361,A
1900011234567,2025-12-20,21,8.132,A
1900011234567,2025-12-20,22,7.942,A
1900011234567,2025-12-20,23,8.15,A
1900011234567,2025-12-20,24,8.479,A
1900011234567,2025-12-20,25,8.657,A
1900011234567,2025-12-20,26,8.554,A
1900011234567,2025-12-20,27,8.624,A
1900011234567,2025-12-20,28,8.431,A
1900011234567,2025-12-20,29,8.634,A
1900011234567,2025-12-20,30,8.268,A
1900011234567,2025-12-20,31,8.171,A
1900011234567,2025-12-20,32,8.229,A
1900011234567,2025-12-20,33,3.985,A
1900011234567,2025-12-20,34,3.628,A
1900011234567,2025-12-20,35,3.82,A
1900011234567,2025-12-20,36,3.75,A
1900011234567,2025-12-20,37,3.93,A
1900011234567,2025-12-20,38,4.048,A
1900011234567,2025-12-20,39,3.963,A
1900011234567,2025-12-20,40,3.837,A
1900011234567,2025-12-20,41,4.047,A
1900011234567,2025-12-20,42,4.03,A
1900011234567,2025-12-20,43,4.019,A
1900011234567,2025-12-20,44,3.609,A
1900011234567,2025-12-20,45,3.996,A
1900011234567,2025-12-20,46,3.917,A
1900011234567,2025-12-20,47,3.997,A
1900011234567,2025-12-20,48,3.623,A
1900011234567,2025-12-21,1,3.802,A
1900011234567,2025-12-21,2,3.963,A
1900011234567,2025-12-21,3,3.953,A
1900011234567,2025-12-21,4,3.829,A
1900011234567,2025-12-21,5,3.697,A
1900011234567,2025-12-21,6,3.654,A
1900011234567,2025-12-21,7,3.932,A
1900011234567,2025-12-21,8,3.714,A
1900011234567,2025-12-21,9,3.65,A
1900011234567,2025-12-21,10,3.73,A
1900011234567,2025-12-21,11,4.031,A
1900011234567,2025-12-21,12,3.669,A
1900011234567,2025-12-21,13,3.647,A
1900011234567,2025-12-21,14,3.698,A
1900011234567,2025-12-21,15,3.948,A
1900011234567,2025-12-21,16,3.854,A
1900011234567,2025-12-21,17,7.726,A
1900011234567,2025-12-21,18,8.174,A
1900011234567,2025-12-21,19,8.161,A
1900011234567,2025-12-21,20,8.431,A
1900011234567,2025-12-21,21,8.602,A
1900011234567,2025-12-21,22,8.04,A
1900011234567,2025-12-21,23,7.882,A
1900011234567,2025-12-21,24,8.32,A
1900011234567,2025-12-21,25,8.398,A
1900011234567,2025-12-21,26,8.546,A
1900011234567,2025-12-21,27,7.999,A
1900011234567,2025-12-21,28,8.321,A
1900011234567,2025-12-21,29,7.974,A
1900011234567,2025-12-21,30,7.708,A
1900011234567,2025-12-21,31,8.659,A
1900011234567,2025-12-21,32,8.098,A
1900011234567,2025-12-21,33,3.831,A
1900011234567,2025-12-21,34,3.727,A
1900011234567,2025-12-21,35,4.048,A
1900011234567,2025-12-21,36,4.021,A
1900011234567,2025-12-21,37,3.932,A
1900011234567,2025-12-21,38,4.042,A
1900011234567,2025-12-21,39,3.834,A
1900011234567,2025-12-21,40,3.696,A
1900011234567,2025-12-21,41,3.995,A
1900011234567,2025-12-21,42,4.048,A
1900011234567,2025-12-21,43,3.614,A
1900011234567,2025-12-21,44,4.004,A
1900011234567,2025-12-21,45,4.016,A
1900011234567,2025-12-21,46,3.672,A
1900011234567,2025-12-21,47,3.618,A
1900011234567,2025-12-21,48,3.949,A
1900011234567,2025-12-22,1,3.902,A
1900011234567,2025-12-22,2,3.786,A
1900011234567,2025-12-22,3,3.927,A
1900011234567,2025-12-22,4,3.781,A
1900011234567,2025-12-22,5,3.743,A
1900011234567,2025-12-22,6,3.98,A
1900011234567,2025-12-22,7,4.022,A
1900011234567,2025-12-22,8,3.729,A
1900011234567,2025-12-22,9,3.815,A
1900011234567,2025-12-22,10,3.972,A
1900011234567,2025-12-22,11,3.696,A
1900011234567,2025-12-22,12,4.033,A
1900011234567,2025-12-22,13,3.612,A
1900011234567,2025-12-22,14,10.807,A
1900011234567,2025-12-22,15,17.927,A
1900011234567,2025-12-22,16,22.484,A
1900011234567,2025-12-22,17,24.521,A
1900011234567,2025-12-22,18,23.612,A
1900011234567,2025-12-22,19,24.81,A
1900011234567,2025-12-22,20,24.895,A
1900011234567,2025-12-22,21,23.061,A
1900011234567,2025-12-22,22,24.688,A
1900011234567,2025-12-22,23,24.505,A
1900011234567,2025-12-22,24,24.084,A
1900011234567,2025-12-22,25,24.009,A
1900011234567,2025-12-22,26,23.667,A
1900011234567,2025-12-22,27,23.297,A
1900011234567,2025-12-22,28,23.849,A
1900011234567,2025-12-22,29,24.607,A
1900011234567,2025-12-22,30,23.062,A
1900011234567,2025-12-22,31,22.202,A
1900011234567,2025-12-22,32,23.437,A
1900011234567,2025-12-22,33,24.815,A
1900011234567,2025-12-22,34,23.564,A
1900011234567,2025-12-22,35,23.488,A
1900011234567,2025-12-22,36,24.883,A
1900011234567,2025-12-22,37,23.684,A
1900011234567,2025-12-22,38,23.294,A
1900011234567,2025-12-22,39,24.222,A
1900011234567,2025-12-22,40,24.027,A
1900011234567,2025-12-22,41,24.505,A
1900011234567,2025-12-22,42,22.84,A
1900011234567,2025-12-22,43,17.216,A
1900011234567,2025-12-22,44,9.804,A
1900011234567,2025-12-22,45,3.83,A
1900011234567,2025-12-22,46,3.887,A
1900011234567,2025-12-22,47,3.904,A
1900011234567,2025-12-22,48,4.022,A
1900011234567,2025-12-23,1,3.664,A
1900011234567,2025-12-23,2,3.79,A
1900011234567,2025-12-23,3,3.845,A
1900011234567,2025-12-23,4,3.644,A
1900011234567,2025-12-23,5,3.82,A
1900011234567,2025-12-23,6,3.814,A
1900011234567,2025-12-23,7,3.811,A
1900011234567,2025-12-23,8,4.0,A
1900011234567,2025-12-23,9,3.836,A
1900011234567,2025-12-23,10,3.873,A
1900011234567,2025-12-23,11,3.639,A
1900011234567,2025-12-23,12,3.745,A
1900011234567,2025-12-23,13,3.841,A
1900011234567,2025-12-23,14,9.84,A
1900011234567,2025-12-23,15,17.334,A
1900011234567,2025-12-23,16,24.715,A
1900011234567,2025-12-23,17,22.263,A
1900011234567,2025-12-23,18,23.1,A
1900011234567,2025-12-23,19,22.875,A
1900011234567,2025-12-23,20,24.329,A
1900011234567,2025-12-23,21,23.193,A
1900011234567,2025-12-23,22,24.589,A
1900011234567,2025-12-23,23,23.233,A
1900011234567,2025-12-23,24,24.302,A
1900011234567,2025-12-23,25,22.29,A
1900011234567,2025-12-23,26,23.498,A
1900011234567,2025-12-23,27,22.962,A
1900011234567,2025-12-23,28,22.401,A
1900011234567,2025-12-23,29,24.419,A
1900011234567,2025-12-23,30,23.385,A
1900011234567,2025-12-23,31,22.386,A
1900011234567,2025-12-23,32,22.4,A
1900011234567,2025-12-23,33,22.595,A
1900011234567,2025-12-23,34,24.154,A
1900011234567,2025-12-23,35,22.433,A
1900011234567,2025-12-23,36,24.766,A
1900011234567,2025-12-23,37,24.831,A
1900011234567,2025-12-23,38,24.778,A
1900011234567,2025-12-23,39,23.529,A
1900011234567,2025-12-23,40,24.592,A
1900011234567,2025-12-23,41,24.45,A
1900011234567,2025-12-23,42,22.808,A
1900011234567,2025-12-23,43,17.485,A
1900011234567,2025-12-23,44,10.712,A
1900011234567,2025-12-23,45,3.645,A
1900011234567,2025-12-23,46,3.886,A
1900011234567,2025-12-23,47,3.997,A
1900011234567,2025-12-23,48,3.816,A
1900011234567,2025-12-24,1,3.674,A
1900011234567,2025-12-24,2,3.897,A
1900011234567,2025-12-24,3,3.791,A
1900011234567,2025-12-24,4,3.7,A
1900011234567,2025-12-24,5,3.607,A
1900011234567,2025-12-24,6,3.607,A
1900011234567,2025-12-24,7,3.899,A
1900011234567,2025-12-24,8,3.608,A
1900011234567,2025-12-24,9,3.988,A
1900011234567,2025-12-24,10,3.81,A
1900011234567,2025-12-24,11,3.973,A
1900011234567,2025-12-24,12,3.68,A
1900011234567,2025-12-24,13,3.989,A
1900011234567,2025-12-24,14,10.733,A
1900011234567,2025-12-24,15,16.261,A
1900011234567,2025-12-24,16,22.308,A
1900011234567,2025-12-24,17,22.755,A
1900011234567,2025-12-24,18,23.362,A
1900011234567,2025-12-24,19,23.447,A
1900011234567,2025-12-24,20,23.792,A
1900011234567,2025-12-24,21,24.675,A
1900011234567,2025-12-24,22,23.148,A
1900011234567,2025-12-24,23,24.593,A
1900011234567,2025-12-24,24,22.713,A
1900011234567,2025-12-24,25,23.299,A
1900011234567,2025-12-24,26,24.892,A
1900011234567,2025-12-24,27,23.249,A
1900011234567,2025-12-24,28,23.907,A
1900011234567,2025-12-24,29,23.938,A
1900011234567,2025-12-24,30,22.327,A
1900011234567,2025-12-24,31,22.671,A
1900011234567,2025-12-24,32,23.027,A
1900011234567,2025-12-24,33,22.291,A
1900011234567,2025-12-24,34,22.241,A
1900011234567,2025-12-24,35,22.911,A
1900011234567,2025-12-24,36,24.463,A
1900011234567,2025-12-24,37,22.898,A
1900011234567,2025-12-24,38,22.654,A
1900011234567,2025-12-24,39,23.591,A
1900011234567,2025-12-24,40,22.828,A
1900011234567,2025-12-24,41,23.031,A
1900011234567,2025-12-24,42,23.269,A
1900011234567,2025-12-24,43,17.537,A
1900011234567,2025-12-24,44,10.077,A
1900011234567,2025-12-24,45,3.867,A
1900011234567,2025-12-24,46,3.802,A
1900011234567,2025-12-24,47,3.637,A
1900011234567,2025-12-24,48,3.927,A
1900011234567,2025-12-25,1,3.651,A
1900011234567,2025-12-25,2,3.937,A
1900011234567,2025-12-25,3,3.871,A
1900011234567,2025-12-25,4,3.787,A
1900011234567,2025-12-25,5,3.808,A
1900011234567,2025-12-25,6,3.895,A
1900011234567,2025-12-25,7,3.776,A
1900011234567,2025-12-25,8,4.018,A
1900011234567,2025-12-25,9,3.718,A
1900011234567,2025-12-25,10,3.894,A
1900011234567,2025-12-25,11,3.984,A
1900011234567,2025-12-25,12,3.993,A
1900011234567,2025-12-25,13,3.887,A
1900011234567,2025-12-25,14,10.274,A
1900011234567,2025-12-25,15,16.914,A
1900011234567,2025-12-25,16,24.746,A
1900011234567,2025-12-25,17,22.537,A
1900011234567,2025-12-25,18,23.948,A
1900011234567,2025-12-25,19,23.591,A
1900011234567,2025-12-25,20,24.504,A
1900011234567,2025-12-25,21,23.101,A
1900011234567,2025-12-25,22,24.008,A
1900011234567,2025-12-25,23,24.827,A
1900011234567,2025-12-25,24,22.329,A
1900011234567,2025-12-25,25,23.749,A
1900011234567,2025-12-25,26,23.068,A
1900011234567,2025-12-25,27,24.212,A
1900011234567,2025-12-25,28,23.946,A
1900011234567,2025-12-25,29,24.967,A
1900011234567,2025-12-25,30,23.884,A
1900011234567,2025-12-25,31,22.751,A
1900011234567,2025-12-25,32,24.681,A
1900011234567,2025-12-25,33,24.594,A
1900011234567,2025-12-25,34,22.922,A
1900011234567,2025-12-25,35,24.006,A
1900011234567,2025-12-25,36,22.976,A
1900011234567,2025-12-25,37,23.513,A
1900011234567,2025-12-25,38,24.833,A
1900011234567,2025-12-25,39,24.672,A
1900011234567,2025-12-25,40,23.682,A
1900011234567,2025-12-25,41,24.05,A
1900011234567,2025-12-25,42,22.221,A
1900011234567,2025-12-25,43,17.318,A
1900011234567,2025-12-25,44,9.906,A
1900011234567,2025-12-25,45,3.979,A
1900011234567,2025-12-25,46,4.061,A
1900011234567,2025-12-25,47,3.848,A
1900011234567,2025-12-25,48,3.905,A
1900011234567,2025-12-26,1,3.633,A
1900011234567,2025-12-26,2,3.999,A
1900011234567,2025-12-26,3,3.933,A
1900011234567,2025-12-26,4,3.882,A
1900011234567,2025-12-26,5,3.939,A
1900011234567,2025-12-26,6,4.048,A
1900011234567,2025-12-26,7,3.957,A
1900011234567,2025-12-26,8,3.813,A
1900011234567,2025-12-26,9,3.785,A
1900011234567,2025-12-26,10,3.811,A
1900011234567,2025-12-26,11,3.798,A
1900011234567,2025-12-26,12,3.704,A
1900011234567,2025-12-26,13,3.673,A
1900011234567,2025-12-26,14,10.89,A
1900011234567,2025-12-26,15,17.446,A
1900011234567,2025-12-26,16,24.507,A
1900011234567,2025-12-26,17,24.894,A
1900011234567,2025-12-26,18,23.324,A
1900011234567,2025-12-26,19,24.177,A
1900011234567,2025-12-26,20,23.391,A
1900011234567,2025-12-26,21,24.728,A
1900011234567,2025-12-26,22,22.877,A
1900011234567,2025-12-26,23,22.493,A
1900011234567,2025-12-26,24,23.295,A
1900011234567,2025-12-26,25,23.53,A
1900011234567,2025-12-26,26,23.905,A
1900011234567,2025-12-26,27,22.962,A
1900011234567,2025-12-26,28,23.02,A
1900011234567,2025-12-26,29,23.102,A
1900011234567,2025-12-26,30,24.107,A
1900011234567,2025-12-26,31,24.2,A
1900011234567,2025-12-26,32,25.013,A
1900011234567,2025-12-26,33,24.876,A
1900011234567,2025-12-26,34,24.278,A
1900011234567,2025-12-26,35,24.94,A
1900011234567,2025-12-26,36,24.065,A
1900011234567,2025-12-26,37,24.256,A
1900011234567,2025-12-26,38,24.467,A
1900011234567,2025-12-26,39,23.011,A
1900011234567,2025-12-26,40,24.821,A
1900011234567,2025-12-26,41,22.735,A
1900011234567,2025-12-26,42,24.906,A
1900011234567,2025-12-26,43,16.583,A
1900011234567,2025-12-26,44,10.909,A
1900011234567,2025-12-26,45,3.796,A
1900011234567,2025-12-26,46,3.697,A
1900011234567,2025-12-26,47,3.819,A
1900011234567,2025-12-26,48,4.001,A
1900011234567,2025-12-27,1,3.824,A
1900011234567,2025-12-27,2,3.811,A
1900011234567,2025-12-27,3,3.888,A
1900011234567,2025-12-27,4,3.663,A
1900011234567,2025-12-27,5,3.877,A
1900011234567,2025-12-27,6,3.918,A
1900011234567,2025-12-27,7,3.808,A
1900011234567,2025-12-27,8,3.741,A
1900011234567,2025-12-27,9,3.98,A
1900011234567,2025-12-27,10,3.901,A
1900011234567,2025-12-27,11,3.627,A
1900011234567,2025-12-27,12,4.013,A
1900011234567,2025-12-27,13,3.813,A
1900011234567,2025-12-27,14,3.954,A
1900011234567,2025-12-27,15,3.782,A
1900011234567,2025-12-27,16,3.891,A
1900011234567,2025-12-27,17,8.324,A
1900011234567,2025-12-27,18,7.992,A
1900011234567,2025-12-27,19,8.604,A
1900011234567,2025-12-27,20,8.337,A
1900011234567,2025-12-27,21,8.303,A
1900011234567,2025-12-27,22,8.29,A
1900011234567,2025-12-27,23,8.632,A
1900011234567,2025-12-27,24,8.534,A
1900011234567,2025-12-27,25,7.744,A
1900011234567,2025-12-27,26,7.757,A
1900011234567,2025-12-27,27,8.245,A
1900011234567,2025-12-27,28,7.757,A
1900011234567,2025-12-27,29,8.456,A
1900011234567,2025-12-27,30,8.466,A
1900011234567,2025-12-27,31,8.237,A
1900011234567,2025-12-27,32,7.882,A
1900011234567,2025-12-27,33,3.967,A
1900011234567,2025-12-27,34,3.676,A
1900011234567,2025-12-27,35,3.88,A
1900011234567,2025-12-27,36,3.893,A
1900011234567,2025-12-27,37,3.901,A
1900011234567,2025-12-27,38,3.697,A
1900011234567,2025-12-27,39,3.636,A
1900011234567,2025-12-27,40,3.668,A
1900011234567,2025-12-27,41,3.739,A
1900011234567,2025-12-27,42,3.948,A
1900011234567,2025-12-27,43,3.73,A
1900011234567,2025-12-27,44,3.643,A
1900011234567,2025-12-27,45,3.962,A
1900011234567,2025-12-27,46,4.037,A
1900011234567,2025-12-27,47,3.845,A
1900011234567,2025-12-27,48,3.792,A
1900011234567,2025-12-28,1,3.661,A
1900011234567,2025-12-28,2,3.781,A
1900011234567,2025-12-28,3,3.916,A
1900011234567,2025-12-28,4,3.955,A
1900011234567,2025-12-28,5,3.648,A
1900011234567,2025-12-28,6,3.827,A
1900011234567,2025-12-28,7,3.88,A
1900011234567,2025-12-28,8,3.797,A
1900011234567,2025-12-28,9,3.696,A
1900011234567,2025-12-28,10,3.612,A
1900011234567,2025-12-28,11,3.746,A
1900011234567,2025-12-28,12,3.787,A
1900011234567,2025-12-28,13,3.926,A
1900011234567,2025-12-28,14,3.702,A
1900011234567,2025-12-28,15,3.958,A
1900011234567,2025-12-28,16,4.021,A
1900011234567,2025-12-28,17,7.862,A
1900011234567,2025-12-28,18,8.672,A
1900011234567,2025-12-28,19,7.85,A
1900011234567,2025-12-28,20,8.464,A
1900011234567,2025-12-28,21,8.495,A
1900011234567,2025-12-28,22,8.276,A
1900011234567,2025-12-28,23,7.783,A
1900011234567,2025-12-28,24,8.078,A
1900011234567,2025-12-28,25,8.597,A
1900011234567,2025-12-28,26,8.607,A
1900011234567,2025-12-28,27,8.072,A
1900011234567,2025-12-28,28,8.05,A
1900011234567,2025-12-28,29,7.718,A
1900011234567,2025-12-28,30,8.263,A
1900011234567,2025-12-28,31,8.23,A
1900011234567,2025-12-28,32,8.406,A
1900011234567,2025-12-28,33,3.993,A
1900011234567,2025-12-28,34,3.712,A
1900011234567,2025-12-28,35,4.035,A
1900011234567,2025-12-28,36,3.892,A
1900011234567,2025-12-28,37,4.061,A
1900011234567,2025-12-28,38,3.7,A
1900011234567,2025-12-28,39,3.964,A
1900011234567,2025-12-28,40,3.81,A
1900011234567,2025-12-28,41,4.043,A
1900011234567,2025-12-28,42,3.726,A
1900011234567,2025-12-28,43,3.902,A
1900011234567,2025-12-28,44,3.632,A
1900011234567,2025-12-28,45,3.774,A
1900011234567,2025-12-28,46,3.754,A
1900011234567,2025-12-28,47,3.871,A
1900011234567,2025-12-28,48,3.992,A
1900011234567,2025-12-29,1,3.682,A
1900011234567,2025-12-29,2,3.798,A
1900011234567,2025-12-29,3,3.923,A
1900011234567,2025-12-29,4,3.862,A
1900011234567,2025-12-29,5,3.855,A
1900011234567,2025-12-29,6,3.678,A
1900011234567,2025-12-29,7,3.981,A
1900011234567,2025-12-29,8,4.037,A
1900011234567,2025-12-29,9,3.754,A
1900011234567,2025-12-29,10,3.923,A
1900011234567,2025-12-29,11,3.655,A
1900011234567,2025-12-29,12,3.635,A
1900011234567,2025-12-29,13,3.708,A
1900011234567,2025-12-29,14,10.62,A
1900011234567,2025-12-29,15,16.213,A
1900011234567,2025-12-29,16,24.532,A
1900011234567,2025-12-29,17,23.543,A
1900011234567,2025-12-29,18,23.191,A
1900011234567,2025-12-29,19,24.155,A
1900011234567,2025-12-29,20,24.332,A
1900011234567,2025-12-29,21,23.283,A
1900011234567,2025-12-29,22,22.767,A
1900011234567,2025-12-29,23,24.605,A
1900011234567,2025-12-29,24,24.469,A
1900011234567,2025-12-29,25,23.879,A
1900011234567,2025-12-29,26,24.793,A
1900011234567,2025-12-29,27,24.484,A
1900011234567,2025-12-29,28,22.776,A
1900011234567,2025-12-29,29,24.45,A
1900011234567,2025-12-29,30,22.543,A
1900011234567,2025-12-29,31,22.549,A
1900011234567,2025-12-29,32,22.22,A
1900011234567,2025-12-29,33,23.263,A
1900011234567,2025-12-29,34,24.693,A
1900011234567,2025-12-29,35,23.927,A
1900011234567,2025-12-29,36,24.633,A
1900011234567,2025-12-29,37,23.27,A
1900011234567,2025-12-29,38,23.89,A
1900011234567,2025-12-29,39,24.151,A
1900011234567,2025-12-29,40,23.967,A
1900011234567,2025-12-29,41,23.057,A
1900011234567,2025-12-29,42,24.556,A
1900011234567,2025-12-29,43,17.444,A
1900011234567,2025-12-29,44,10.142,A
1900011234567,2025-12-29,45,3.988,A
1900011234567,2025-12-29,46,3.657,A
1900011234567,2025-12-29,47,3.937,A
1900011234567,2025-12-29,48,4.026,A
1900011234567,2025-12-30,1,3.693,A
1900011234567,2025-12-30,2,3.919,A
1900011234567,2025-12-30,3,3.942,A
1900011234567,2025-12-30,4,3.89,A
1900011234567,2025-12-30,5,3.931,A
1900011234567,2025-12-30,6,4.053,A
1900011234567,2025-12-30,7,3.978,A
1900011234567,2025-12-30,8,3.605,A
1900011234567,2025-12-30,9,3.871,A
1900011234567,2025-12-30,10,3.766,A
1900011234567,2025-12-30,11,3.807,A
1900011234567,2025-12-30,12,3.817,A
1900011234567,2025-12-30,13,4.042,A
1900011234567,2025-12-30,14,10.004,A
1900011234567,2025-12-30,15,16.057,A
1900011234567,2025-12-30,16,23.684,A
1900011234567,2025-12-30,17,24.398,A
1900011234567,2025-12-30,18,24.242,A
1900011234567,2025-12-30,19,24.282,A
1900011234567,2025-12-30,20,23.882,A
1900011234567,2025-12-30,21,22.228,A
1900011234567,2025-12-30,22,22.668,A
1900011234567,2025-12-30,23,22.384,A
1900011234567,2025-12-30,24,22.798,A
1900011234567,2025-12-30,25,22.917,A
1900011234567,2025-12-30,26,22.903,A
1900011234567,2025-12-30,27,24.11,A
1900011234567,2025-12-30,28,24.647,A
1900011234567,2025-12-30,29,23.175,A
1900011234567,2025-12-30,30,24.012,A
1900011234567,2025-12-30,31,22.428,A
1900011234567,2025-12-30,32,22.352,A
1900011234567,2025-12-30,33,24.631,A
1900011234567,2025-12-30,34,24.291,A
1900011234567,2025-12-30,35,23.396,A
1900011234567,2025-12-30,36,23.629,A
1900011234567,2025-12-30,37,24.427,A
1900011234567,2025-12-30,38,23.527,A
1900011234567,2025-12-30,39,23.007,A
1900011234567,2025-12-30,40,23.21,A
1900011234567,2025-12-30,41,23.619,A
1900011234567,2025-12-30,42,23.372,A
1900011234567,2025-12-30,43,16.241,A
1900011234567,2025-12-30,44,10.216,A
1900011234567,2025-12-30,45,3.789,A
1900011234567,2025-12-30,46,3.652,A
1900011234567,2025-12-30,47,3.677,A
1900011234567,2025-12-30,48,3.634,A
1900011234567,2025-12-31,1,3.82,A
1900011234567,2025-12-31,2,3.71,A
1900011234567,2025-12-31,3,3.821,A
1900011234567,2025-12-31,4,3.697,A
1900011234567,2025-12-31,5,3.87,A
1900011234567,2025-12-31,6,4.064,A
1900011234567,2025-12-31,7,3.729,A
1900011234567,2025-12-31,8,3.751,A
1900011234567,2025-12-31,9,4.059,A
1900011234567,2025-12-31,10,3.993,A
1900011234567,2025-12-31,11,3.945,A
1900011234567,2025-12-31,12,3.868,A
1900011234567,2025-12-31,13,3.97,A
1900011234567,2025-12-31,14,10.794,A
1900011234567,2025-12-31,15,16.443,A
1900011234567,2025-12-31,16,24.86,A
1900011234567,2025-12-31,17,22.501,A
1900011234567,2025-12-31,18,22.672,A
1900011234567,2025-12-31,19,23.782,A
1900011234567,2025-12-31,20,23.993,A
1900011234567,2025-12-31,21,23.621,A
1900011234567,2025-12-31,22,23.052,A
1900011234567,2025-12-31,23,22.701,A
1900011234567,2025-12-31,24,24.429,A
1900011234567,2025-12-31,25,22.363,A
1900011234567,2025-12-31,26,23.324,A
1900011234567,2025-12-31,27,22.556,A
1900011234567,2025-12-31,28,24.512,A
1900011234567,2025-12-31,29,22.79,A
1900011234567,2025-12-31,30,24.976,A
1900011234567,2025-12-31,31,23.892,A
1900011234567,2025-12-31,32,23.818,A
1900011234567,2025-12-31,33,24.09,A
1900011234567,2025-12-31,34,22.616,A
1900011234567,2025-12-31,35,24.785,A
1900011234567,2025-12-31,36,22.924,A
1900011234567,2025-12-31,37,24.385,A
1900011234567,2025-12-31,38,22.278,A
1900011234567,2025-12-31,39,24.236,A
1900011234567,2025-12-31,40,22.473,A
1900011234567,2025-12-31,41,24.917,A
1900011234567,2025-12-31,42,23.541,A
1900011234567,2025-12-31,43,16.715,A
1900011234567,2025-12-31,44,9.973,A
1900011234567,2025-12-31,45,3.697,A
1900011234567,2025-12-31,46,3.657,A
1900011234567,2025-12-31,47,3.968,A
1900011234567,2025-12-31,48,3.783,A
1900011234567,2026-01-01,1,3.609,A
1900011234567,2026-01-01,2,3.657,A
1900011234567,2026-01-01,3,3.667,A
1900011234567,2026-01-01,4,3.743,A
1900011234567,2026-01-01,5,3.908,A
1900011234567,2026-01-01,6,3.943,A
1900011234567,2026-01-01,7,3.991,A
1900011234567,2026-01-01,8,3.685,A
1900011234567,2026-01-01,9,3.757,A
1900011234567,2026-01-01,10,3.655,A
1900011234567,2026-01-01,11,3.934,A
1900011234567,2026-01-01,12,3.817,A
1900011234567,2026-01-01,13,3.9,A
1900011234567,2026-01-01,14,9.904,A
1900011234567,2026-01-01,15,16.337,A
1900011234567,2026-01-01,16,24.563,A
1900011234567,2026-01-01,17,22.287,A
1900011234567,2026-01-01,18,23.158,A
1900011234567,2026-01-01,19,22.43,A
1900011234567,2026-01-01,20,23.438,A
1900011234567,2026-01-01,21,24.199,A
1900011234567,2026-01-01,22,23.219,A
1900011234567,2026-01-01,23,24.062,A
1900011234567,2026-01-01,24,23.237,A
1900011234567,2026-01-01,25,22.984,A
1900011234567,2026-01-01,26,23.884,A
1900011234567,2026-01-01,27,23.193,A
1900011234567,2026-01-01,28,23.169,A
1900011234567,2026-01-01,29,23.453,A
1900011234567,2026-01-01,30,22.358,A
1900011234567,2026-01-01,31,24.201,A
1900011234567,2026-01-01,32,24.344,A
1900011234567,2026-01-01,33,22.541,A
1900011234567,2026-01-01,34,24.368,A
1900011234567,2026-01-01,35,23.4,A
1900011234567,2026-01-01,36,24.715,A
1900011234567,2026-01-01,37,24.441,A
1900011234567,2026-01-01,38,24.016,A
1900011234567,2026-01-01,39,22.929,A
1900011234567,2026-01-01,40,23.635,A
1900011234567,2026-01-01,41,22.237,A
1900011234567,2026-01-01,42,24.135,A
1900011234567,2026-01-01,43,17.673,A
1900011234567,2026-01-01,44,10.482,A
1900011234567,2026-01-01,45,3.821,A
1900011234567,2026-01-01,46,3.622,A
1900011234567,2026-01-01,47,3.909,A
1900011234567,2026-01-01,48,3.893,A
1900011234567,2026-01-02,1,4.008,A
1900011234567,2026-01-02,2,3.658,A
1900011234567,2026-01-02,3,3.933,A
1900011234567,2026-01-02,4,3.75,A
1900011234567,2026-01-02,5,3.644,A
1900011234567,2026-01-02,6,4.002,A
1900011234567,2026-01-02,7,3.869,A
1900011234567,2026-01-02,8,3.751,A
1900011234567,2026-01-02,9,3.612,A
1900011234567,2026-01-02,10,3.801,A
1900011234567,2026-01-02,11,3.866,A
1900011234567,2026-01-02,12,3.767,A
1900011234567,2026-01-02,13,3.741,A
1900011234567,2026-01-02,14,10.334,A
1900011234567,2026-01-02,15,17.825,A
1900011234567,2026-01-02,16,22.809,A
1900011234567,2026-01-02,17,24.358,A
1900011234567,2026-01-02,18,24.454,A
1900011234567,2026-01-02,19,24.907,A
1900011234567,2026-01-02,20,23.231,A
1900011234567,2026-01-02,21,22.198,A
1900011234567,2026-01-02,22,23.075,A
1900011234567,2026-01-02,23,23.519,A
1900011234567,2026-01-02,24,24.408,A
1900011234567,2026-01-02,25,23.759,A
1900011234567,2026-01-02,26,24.216,A
1900011234567,2026-01-02,27,22.57,A
1900011234567,2026-01-02,28,24.905,A
1900011234567,2026-01-02,29,24.412,A
1900011234567,2026-01-02,30,22.531,A
1900011234567,2026-01-02,31,24.053,A
1900011234567,2026-01-02,32,22.406,A
1900011234567,2026-01-02,33,23.15,A
1900011234567,2026-01-02,34,23.714,A
1900011234567,2026-01-02,35,24.026,A
1900011234567,2026-01-02,36,24.063,A
1900011234567,2026-01-02,37,23.29,A
1900011234567,2026-01-02,38,23.926,A
1900011234567,2026-01-02,39,22.572,A
1900011234567,2026-01-02,40,22.25,A
1900011234567,2026-01-02,41,23.334,A
1900011234567,2026-01-02,42,23.961,A
1900011234567,2026-01-02,43,17.683,A
1900011234567,2026-01-02,44,10.59,A
1900011234567,2026-01-02,45,3.97,A
1900011234567,2026-01-02,46,3.788,A
1900011234567,2026-01-02,47,3.86,A
1900011234567,2026-01-02,48,3.867,A
1900011234567,2026-01-03,1,3.802,A
1900011234567,2026-01-03,2,3.695,A
1900011234567,2026-01-03,3,3.611,A
1900011234567,2026-01-03,4,3.988,A
1900011234567,2026-01-03,5,3.874,A
1900011234567,2026-01-03,6,3.877,A
1900011234567,2026-01-03,7,3.651,A
1900011234567,2026-01-03,8,3.709,A
1900011234567,2026-01-03,9,3.965,A
1900011234567,2026-01-03,10,3.732,A
1900011234567,2026-01-03,11,3.741,A
1900011234567,2026-01-03,12,3.757,A
1900011234567,2026-01-03,13,3.738,A
1900011234567,2026-01-03,14,3.984,A
1900011234567,2026-01-03,15,3.901,A
1900011234567,2026-01-03,16,3.626,A
1900011234567,2026-01-03,17,7.932,A
1900011234567,2026-01-03,18,8.639,A
1900011234567,2026-01-03,19,7.893,A
1900011234567,2026-01-03,20,8.508,A
1900011234567,2026-01-03,21,8.386,A
1900011234567,2026-01-03,22,8.079,A
1900011234567,2026-01-03,23,7.934,A
1900011234567,2026-01-03,24,7.84,A
1900011234567,2026-01-03,25,8.287,A
1900011234567,2026-01-03,26,8.497,A
1900011234567,2026-01-03,27,8.157,A
1900011234567,2026-01-03,28,8.271,A
1900011234567,2026-01-03,29,8.655,A
1900011234567,2026-01-03,30,8.096,A
1900011234567,2026-01-03,31,8.457,A
1900011234567,2026-01-03,32,8.095,A
1900011234567,2026-01-03,33,4.03,A
1900011234567,2026-01-03,34,3.9,A
1900011234567,2026-01-03,35,3.948,A
1900011234567,2026-01-03,36,3.886,A
1900011234567,2026-01-03,37,3.782,A
1900011234567,2026-01-03,38,3.636,A
1900011234567,2026-01-03,39,3.794,A
1900011234567,2026-01-03,40,3.796,A
1900011234567,2026-01-03,41,3.939,A
1900011234567,2026-01-03,42,3.693,A
1900011234567,2026-01-03,43,3.808,A
1900011234567,2026-01-03,44,3.746,A
1900011234567,2026-01-03,45,3.63,A
1900011234567,2026-01-03,46,3.815,A
1900011234567,2026-01-03,47,3.911,A
1900011234567,2026-01-03,48,3.919,A
1900011234567,2026-01-04,1,4.042,A
1900011234567,2026-01-04,2,3.86,A
1900011234567,2026-01-04,3,4.047,A
1900011234567,2026-01-04,4,4.032,A
1900011234567,2026-01-04,5,3.909,A
1900011234567,2026-01-04,6,3.94,A
1900011234567,2026-01-04,7,3.901,A
1900011234567,2026-01-04,8,3.876,A
1900011234567,2026-01-04,9,3.764,A
1900011234567,2026-01-04,10,3.611,A
1900011234567,2026-01-04,11,4.017,A
1900011234567,2026-01-04,12,3.666,A
1900011234567,2026-01-04,13,3.806,A
1900011234567,2026-01-04,14,3.825,A
1900011234567,2026-01-04,15,3.708,A
1900011234567,2026-01-04,16,3.855,A
1900011234567,2026-01-04,17,8.668,A
1900011234567,2026-01-04,18,8.28,A
1900011234567,2026-01-04,19,8.405,A
1900011234567,2026-01-04,20,8.534,A
1900011234567,2026-01-04,21,8.095,A
1900011234567,2026-01-04,22,7.925,A
1900011234567,2026-01-04,23,8.674,A
1900011234567,2026-01-04,24,8.615,A
1900011234567,2026-01-04,25,8.375,A
1900011234567,2026-01-04,26,8.665,A
1900011234567,2026-01-04,27,8.548,A
1900011234567,2026-01-04,28,7.752,A
1900011234567,2026-01-04,29,8.251,A
1900011234567,2026-01-04,30,7.865,A
1900011234567,2026-01-04,31,8.409,A
1900011234567,2026-01-04,32,8.287,A
1900011234567,2026-01-04,33,4.028,A
1900011234567,2026-01-04,34,3.918,A
1900011234567,2026-01-04,35,4.012,A
1900011234567,2026-01-04,36,3.682,A
1900011234567,2026-01-04,37,4.062,A
1900011234567,2026-01-04,38,3.998,A
1900011234567,2026-01-04,39,3.84,A
1900011234567,2026-01-04,40,4.037,A
1900011234567,2026-01-04,41,3.911,A
1900011234567,2026-01-04,42,3.758,A
1900011234567,2026-01-04,43,3.62,A
1900011234567,2026-01-04,44,3.63,A
1900011234567,2026-01-04,45,3.683,A
1900011234567,2026-01-04,46,3.755,A
1900011234567,2026-01-04,47,3.735,A
1900011234567,2026-01-04,48,3.799,A
1900011234567,2026-01-05,1,3.956,A
1900011234567,2026-01-05,2,3.832,A
1900011234567,2026-01-05,3,3.712,A
1900011234567,2026-01-05,4,3.683,A
1900011234567,2026-01-05,5,3.761,A
1900011234567,2026-01-05,6,3.905,A
1900011234567,2026-01-05,7,3.682,A
1900011234567,2026-01-05,8,3.69,A
1900011234567,2026-01-05,9,4.024,A
1900011234567,2026-01-05,10,3.972,A
1900011234567,2026-01-05,11,3.745,A
1900011234567,2026-01-05,12,3.652,A
1900011234567,2026-01-05,13,4.002,A
1900011234567,2026-01-05,14,10.594,A
1900011234567,2026-01-05,15,16.671,A
1900011234567,2026-01-05,16,23.416,A
1900011234567,2026-01-05,17,23.05,A
1900011234567,2026-01-05,18,24.106,A
1900011234567,2026-01-05,19,24.557,A
1900011234567,2026-01-05,20,24.96,A
1900011234567,2026-01-05,21,23.28,A
1900011234567,2026-01-05,22,23.396,A
1900011234567,2026-01-05,23,24.265,A
1900011234567,2026-01-05,24,24.304,A
1900011234567,2026-01-05,25,24.303,A
1900011234567,2026-01-05,26,24.899,A
1900011234567,2026-01-05,27,22.951,A
1900011234567,2026-01-05,28,23.729,A
1900011234567,2026-01-05,29,22.79,A
1900011234567,2026-01-05,30,24.031,A
1900011234567,2026-01-05,31,24.472,A
1900011234567,2026-01-05,32,24.663,A
1900011234567,2026-01-05,33,23.986,A
1900011234567,2026-01-05,34,24.61,A
1900011234567,2026-01-05,35,24.045,A
1900011234567,2026-01-05,36,24.564,A
1900011234567,2026-01-05,37,22.524,A
1900011234567,2026-01-05,38,23.918,A
1900011234567,2026-01-05,39,23.031,A
1900011234567,2026-01-05,40,22.251,A
1900011234567,2026-01-05,41,24.869,A
1900011234567,2026-01-05,42,22.854,A
1900011234567,2026-01-05,43,16.865,A
1900011234567,2026-01-05,44,10.428,A
1900011234567,2026-01-05,45,3.809,A
1900011234567,2026-01-05,46,3.827,A
1900011234567,2026-01-05,47,3.809,A
1900011234567,2026-01-05,48,3.88,A
1900011234567,2026-01-06,1,3.874,A
1900011234567,2026-01-06,2,3.72,A
1900011234567,2026-01-06,3,3.87,A
1900011234567,2026-01-06,4,3.785,A
1900011234567,2026-01-06,5,3.79,A
1900011234567,2026-01-06,6,3.85,A
1900011234567,2026-01-06,7,3.66,A
1900011234567,2026-01-06,8,3.91,A
1900011234567,2026-01-06,9,3.748,A
1900011234567,2026-01-06,10,3.936,A
1900011234567,2026-01-06,11,3.782,A
1900011234567,2026-01-06,12,3.879,A
1900011234567,2026-01-06,13,3.664,A
1900011234567,2026-01-06,14,10.869,A
1900011234567,2026-01-06,15,16.96,A
1900011234567,2026-01-06,16,25.007,A
1900011234567,2026-01-06,17,22.285,A
1900011234567,2026-01-06,18,24.44,A
1900011234567,2026-01-06,19,23.38,A
1900011234567,2026-01-06,20,24.157,A
1900011234567,2026-01-06,21,22.619,A
1900011234567,2026-01-06,22,24.037,A
1900011234567,2026-01-06,23,22.342,A
1900011234567,2026-01-06,24,24.046,A
1900011234567,2026-01-06,25,24.461,A
1900011234567,2026-01-06,26,22.765,A
1900011234567,2026-01-06,27,23.894,A
1900011234567,2026-01-06,28,22.42,A
1900011234567,2026-01-06,29,22.473,A
1900011234567,2026-01-06,30,22.605,A
1900011234567,2026-01-06,31,23.045,A
1900011234567,2026-01-06,32,23.192,A
1900011234567,2026-01-06,33,23.252,A
1900011234567,2026-01-06,34,23.333,A
1900011234567,2026-01-06,35,24.205,A
1900011234567,2026-01-06,36,24.888,A
1900011234567,2026-01-06,37,22.418,A
1900011234567,2026-01-06,38,24.814,A
1900011234567,2026-01-06,39,22.344,A
1900011234567,2026-01-06,40,22.698,A
1900011234567,2026-01-06,41,23.804,A
1900011234567,2026-01-06,42,24.766,A
1900011234567,2026-01-06,43,17.873,A
1900011234567,2026-01-06,44,10.796,A
1900011234567,2026-01-06,45,3.688,A
1900011234567,2026-01-06,46,3.987,A
1900011234567,2026-01-06,47,3.956,A
1900011234567,2026-01-06,48,4.001,A
1900011234567,2026-01-07,1,3.882,A
1900011234567,2026-01-07,2,3.66,A
1900011234567,2026-01-07,3,3.828,A
1900011234567,2026-01-07,4,3.68,A
1900011234567,2026-01-07,5,3.937,A
1900011234567,2026-01-07,6,3.915,A
1900011234567,2026-01-07,7,3.839,A
1900011234567,2026-01-07,8,3.637,A
1900011234567,2026-01-07,9,3.983,A
1900011234567,2026-01-07,10,3.999,A
1900011234567,2026-01-07,11,3.931,A
1900011234567,2026-01-07,12,3.69,A
1900011234567,2026-01-07,13,3.975,A
1900011234567,2026-01-07,14,10.211,A
1900011234567,2026-01-07,15,16.19,A
1900011234567,2026-01-07,16,22.996,A
1900011234567,2026-01-07,17,22.73,A
1900011234567,2026-01-07,22,22.881,A
1900011234567,2026-01-07,23,22.646,A
1900011234567,2026-01-07,24,22.199,A
1900011234567,2026-01-07,25,23.072,A
1900011234567,2026-01-07,26,24.14,A
1900011234567,2026-01-07,27,24.744,A
1900011234567,2026-01-07,28,23.431,A
1900011234567,2026-01-07,29,24.528,A
1900011234567,2026-01-07,30,23.031,A
1900011234567,2026-01-07,31,24.221,A
1900011234567,2026-01-07,32,22.809,A
1900011234567,2026-01-07,33,22.369,A
1900011234567,2026-01-07,34,22.185,A
1900011234567,2026-01-07,35,23.427,A
1900011234567,2026-01-07,36,24.821,A
1900011234567,2026-01-07,37,22.313,A
1900011234567,2026-01-07,38,22.991,A
1900011234567,2026-01-07,39,24.151,A
1900011234567,2026-01-07,40,22.824,A
1900011234567,2026-01-07,41,23.126,A
1900011234567,2026-01-07,42,23.02,A
1900011234567,2026-01-07,43,16.27,A
1900011234567,2026-01-07,44,10.647,A
1900011234567,2026-01-07,45,4.035,A
1900011234567,2026-01-07,46,4.027,A
1900011234567,2026-01-07,47,3.891,A
1900011234567,2026-01-07,48,3.652,A
1900011234567,2026-01-08,1,3.652,A
1900011234567,2026-01-08,2,3.928,A
1900011234567,2026-01-08,3,3.942,A
1900011234567,2026-01-08,4,3.748,A
1900011234567,2026-01-08,5,3.673,A
1900011234567,2026-01-08,6,3.881,A
1900011234567,2026-01-08,7,3.76,A
1900011234567,2026-01-08,8,4.051,A
1900011234567,2026-01-08,9,3.904,A
1900011234567,2026-01-08,10,3.702,A
1900011234567,2026-01-08,11,4.026,A
1900011234567,2026-01-08,12,3.754,A
1900011234567,2026-01-08,13,3.857,A
1900011234567,2026-01-08,14,10.669,A
1900011234567,2026-01-08,15,16.165,A
1900011234567,2026-01-08,16,22.448,A
1900011234567,2026-01-08,17,24.046,A
1900011234567,2026-01-08,18,24.601,A
1900011234567,2026-01-08,19,24.849,A
1900011234567,2026-01-08,20,24.285,A
1900011234567,2026-01-08,21,24.852,A
1900011234567,2026-01-08,22,22.684,A
1900011234567,2026-01-08,23,23.488,A
1900011234567,2026-01-08,24,24.511,A
1900011234567,2026-01-08,25,24.196,A
1900011234567,2026-01-08,26,24.611,A
1900011234567,2026-01-08,27,24.405,A
1900011234567,2026-01-08,28,24.894,A
1900011234567,2026-01-08,29,23.616,A
1900011234567,2026-01-08,30,23.947,A
1900011234567,2026-01-08,31,24.587,A
1900011234567,2026-01-08,32,22.607,A
1900011234567,2026-01-08,33,22.65,A
1900011234567,2026-01-08,34,22.249,A
1900011234567,2026-01-08,35,23.385,A
1900011234567,2026-01-08,36,22.259,A
1900011234567,2026-01-08,37,22.268,A
1900011234567,2026-01-08,38,24.561,A
1900011234567,2026-01-08,39,22.631,A
1900011234567,2026-01-08,40,22.47,A
1900011234567,2026-01-08,41,23.384,A
1900011234567,2026-01-08,42,24.852,A
1900011234567,2026-01-08,43,16.645,A
1900011234567,2026-01-08,44,10.092,A
1900011234567,2026-01-08,45,3.798,A
1900011234567,2026-01-08,46,3.696,A
1900011234567,2026-01-08,47,3.962,A
1900011234567,2026-01-08,48,3.647,A
1900011234567,2026-01-09,1,4.033,A
1900011234567,2026-01-09,2,3.699,A
1900011234567,2026-01-09,3,3.692,A
1900011234567,2026-01-09,4,3.845,A
1900011234567,2026-01-09,5,3.798,A
1900011234567,2026-01-09,6,3.94,A
1900011234567,2026-01-09,7,3.897,A
1900011234567,2026-01-09,8,4.024,A
1900011234567,2026-01-09,9,3.993,A
1900011234567,2026-01-09,10,3.741,A
1900011234567,2026-01-09,11,3.974,A
1900011234567,2026-01-09,12,3.854,A
1900011234567,2026-01-09,13,3.722,A
1900011234567,2026-01-09,14,10.59,A
1900011234567,2026-01-09,15,16.993,A
1900011234567,2026-01-09,16,23.897,A
1900011234567,2026-01-09,17,24.529,A
1900011234567,2026-01-09,18,22.825,A
1900011234567,2026-01-09,19,22.754,A
1900011234567,2026-01-09,20,24.548,A
1900011234567,2026-01-09,21,24.08,A
1900011234567,2026-01-09,22,22.927,A
1900011234567,2026-01-09,23,22.664,A
1900011234567,2026-01-09,24,24.55,A
1900011234567,2026-01-09,25,24.24,A
1900011234567,2026-01-09,26,22.651,A
1900011234567,2026-01-09,27,22.492,A
1900011234567,2026-01-09,28,22.907,A
1900011234567,2026-01-09,29,23.951,A
1900011234567,2026-01-09,30,24.645,A
1900011234567,2026-01-09,31,22.843,A
1900011234567,2026-01-09,32,24.321,A
1900011234567,2026-01-09,33,24.771,A
1900011234567,2026-01-09,34,22.965,A
1900011234567,2026-01-09,35,22.288,A
1900011234567,2026-01-09,36,22.667,A
1900011234567,2026-01-09,37,24.722,A
1900011234567,2026-01-09,38,23.277,A
1900011234567,2026-01-09,39,24.079,A
1900011234567,2026-01-09,40,24.867,A
1900011234567,2026-01-09,41,23.309,A
1900011234567,2026-01-09,42,24.507,A
1900011234567,2026-01-09,43,17.166,A
1900011234567,2026-01-09,44,10.808,A
1900011234567,2026-01-09,45,3.641,A
1900011234567,2026-01-09,46,3.753,A
1900011234567,2026-01-09,47,3.678,A
1900011234567,2026-01-09,48,3.897,A
1900011234567,2026-01-10,1,3.864,A
1900011234567,2026-01-10,2,4.059,A
1900011234567,2026-01-10,3,3.801,A
1900011234567,2026-01-10,4,3.989,A
1900011234567,2026-01-10,5,3.907,A
1900011234567,2026-01-10,6,4.014,A
1900011234567,2026-01-10,7,3.849,A
1900011234567,2026-01-10,8,3.805,A
1900011234567,2026-01-10,9,3.84,A
1900011234567,2026-01-10,10,3.61,A
1900011234567,2026-01-10,11,3.986,A
1900011234567,2026-01-10,12,3.713,A
1900011234567,2026-01-10,13,3.808,A
1900011234567,2026-01-10,14,3.74,A
1900011234567,2026-01-10,15,3.778,A
1900011234567,2026-01-10,16,3.811,A
1900011234567,2026-01-10,17,7.844,A
1900011234567,2026-01-10,18,8.611,A
1900011234567,2026-01-10,19,7.901,A
1900011234567,2026-01-10,20,8.044,A
1900011234567,2026-01-10,21,7.795,A
1900011234567,2026-01-10,22,7.738,A
1900011234567,2026-01-10,23,8.342,A
1900011234567,2026-01-10,24,8.231,A
1900011234567,2026-01-10,25,8.19,A
1900011234567,2026-01-10,26,8.471,A
1900011234567,2026-01-10,27,7.913,A
1900011234567,2026-01-10,28,8.144,A
1900011234567,2026-01-10,29,8.636,A
1900011234567,2026-01-10,30,8.165,A
1900011234567,2026-01-10,31,8.567,A
1900011234567,2026-01-10,32,7.987,A
1900011234567,2026-01-10,33,3.699,A
1900011234567,2026-01-10,34,3.985,A
1900011234567,2026-01-10,35,3.663,A
1900011234567,2026-01-10,36,3.948,A
1900011234567,2026-01-10,37,3.928,A
1900011234567,2026-01-10,38,3.816,A
1900011234567,2026-01-10,39,3.775,A
1900011234567,2026-01-10,40,3.673,A
1900011234567,2026-01-10,41,3.816,A
1900011234567,2026-01-10,42,3.787,A
1900011234567,2026-01-10,43,3.846,A
1900011234567,2026-01-10,44,4.019,A
1900011234567,2026-01-10,45,4.062,A
1900011234567,2026-01-10,46,3.671,A
1900011234567,2026-01-10,47,4.038,A
1900011234567,2026-01-10,48,3.812,A
1900011234567,2026-01-11,1,3.756,A
1900011234567,2026-01-11,2,3.727,A
1900011234567,2026-01-11,3,3.613,A
1900011234567,2026-01-11,4,3.802,A
1900011234567,2026-01-11,5,3.625,A
1900011234567,2026-01-11,6,3.927,A
1900011234567,2026-01-11,7,3.79,A
1900011234567,2026-01-11,8,3.942,A
1900011234567,2026-01-11,9,3.909,A
1900011234567,2026-01-11,10,3.723,A
1900011234567,2026-01-11,11,3.778,A
1900011234567,2026-01-11,12,3.865,A
1900011234567,2026-01-11,13,3.955,A
1900011234567,2026-01-11,14,4.035,A
1900011234567,2026-01-11,15,4.011,A
1900011234567,2026-01-11,16,3.791,A
1900011234567,2026-01-11,17,8.295,A
1900011234567,2026-01-11,18,8.019,A
1900011234567,2026-01-11,19,7.695,A
1900011234567,2026-01-11,20,7.941,A
1900011234567,2026-01-11,21,7.746,A
1900011234567,2026-01-11,22,8.492,A
1900011234567,2026-01-11,23,8.034,A
1900011234567,2026-01-11,24,8.456,A
1900011234567,2026-01-11,25,7.88,A
1900011234567,2026-01-11,26,8.414,A
1900011234567,2026-01-11,27,7.934,A
1900011234567,2026-01-11,28,8.194,A
1900011234567,2026-01-11,29,8.221,A
1900011234567,2026-01-11,30,8.371,A
1900011234567,2026-01-11,31,8.424,A
1900011234567,2026-01-11,32,8.579,A
1900011234567,2026-01-11,33,3.891,A
1900011234567,2026-01-11,34,3.855,A
1900011234567,2026-01-11,35,3.845,A
1900011234567,2026-01-11,36,3.845,A
1900011234567,2026-01-11,37,3.847,A
1900011234567,2026-01-11,38,3.677,A
1900011234567,2026-01-11,39,3.827,A
1900011234567,2026-01-11,40,3.817,A
1900011234567,2026-01-11,41,4.022,A
1900011234567,2026-01-11,42,3.626,A
1900011234567,2026-01-11,43,3.912,A
1900011234567,2026-01-11,44,3.672,A
1900011234567,2026-01-11,45,3.911,A
1900011234567,2026-01-11,46,3.854,A
1900011234567,2026-01-11,47,3.978,A
1900011234567,2026-01-11,48,4.065,A
1900011234567,2026-01-12,1,4.012,A
1900011234567,2026-01-12,2,4.057,A
1900011234567,2026-01-12,3,4.043,A
1900011234567,2026-01-12,4,3.965,A
1900011234567,2026-01-12,5,4.023,A
1900011234567,2026-01-12,6,3.879,A
1900011234567,2026-01-12,7,3.94,A
1900011234567,2026-01-12,8,3.685,A
1900011234567,2026-01-12,9,3.846,A
1900011234567,2026-01-12,10,3.854,A
1900011234567,2026-01-12,11,3.93,A
1900011234567,2026-01-12,12,3.633,A
1900011234567,2026-01-12,13,3.719,A
1900011234567,2026-01-12,14,10.289,A
1900011234567,2026-01-12,15,17.743,A
1900011234567,2026-01-12,16,22.618,A
1900011234567,2026-01-12,17,23.602,A
1900011234567,2026-01-12,18,24.792,A
1900011234567,2026-01-12,19,23.901,A
1900011234567,2026-01-12,20,24.284,A
1900011234567,2026-01-12,21,24.699,A
1900011234567,2026-01-12,22,22.983,A
1900011234567,2026-01-12,23,23.134,A
1900011234567,2026-01-12,24,23.618,A
1900011234567,2026-01-12,25,23.422,A
1900011234567,2026-01-12,26,22.968,A
1900011234567,2026-01-12,27,22.618,A
1900011234567,2026-01-12,28,24.057,A
1900011234567,2026-01-12,29,23.942,A
1900011234567,2026-01-12,30,23.443,A
1900011234567,2026-01-12,31,24.423,A
1900011234567,2026-01-12,32,22.594,A
1900011234567,2026-01-12,33,23.245,A
1900011234567,2026-01-12,34,23.004,A
1900011234567,2026-01-12,35,22.361,A
1900011234567,2026-01-12,36,24.227,A
1900011234567,2026-01-12,37,23.22,A
1900011234567,2026-01-12,38,22.437,A
1900011234567,2026-01-12,39,24.199,A
1900011234567,2026-01-12,40,24.081,A
1900011234567,2026-01-12,41,23.967,A
1900011234567,2026-01-12,42,22.361,A
1900011234567,2026-01-12,43,17.409,A
1900011234567,2026-01-12,44,10.472,A
1900011234567,2026-01-12,45,3.837,A
1900011234567,2026-01-12,46,3.971,A
1900011234567,2026-01-12,47,3.827,A
1900011234567,2026-01-12,48,3.866,A
1900011234567,2026-01-13,1,3.908,A
1900011234567,2026-01-13,2,3.713,A
1900011234567,2026-01-13,3,3.695,A
1900011234567,2026-01-13,4,3.609,A
1900011234567,2026-01-13,5,3.866,A
1900011234567,2026-01-13,6,3.918,A
1900011234567,2026-01-13,7,3.65,A
1900011234567,2026-01-13,8,3.662,A
1900011234567,2026-01-13,9,3.775,A
1900011234567,2026-01-13,10,3.672,A
1900011234567,2026-01-13,11,3.606,A
1900011234567,2026-01-13,12,3.677,A
1900011234567,2026-01-13,13,4.048,A
1900011234567,2026-01-13,14,10.747,A
1900011234567,2026-01-13,15,17.114,A
1900011234567,2026-01-13,16,22.298,A
1900011234567,2026-01-13,17,22.318,A
1900011234567,2026-01-13,18,24.405,A
1900011234567,2026-01-13,19,24.535,A
1900011234567,2026-01-13,20,22.935,A
1900011234567,2026-01-13,21,22.811,A
1900011234567,2026-01-13,22,22.363,A
1900011234567,2026-01-13,23,24.64,A
1900011234567,2026-01-13,24,22.433,A
1900011234567,2026-01-13,25,23.88,A
1900011234567,2026-01-13,26,22.449,A
1900011234567,2026-01-13,27,24.208,A
1900011234567,2026-01-13,28,24.864,A
1900011234567,2026-01-13,29,24.144,A
1900011234567,2026-01-13,30,24.946,A
1900011234567,2026-01-13,31,23.023,A
1900011234567,2026-01-13,32,23.692,A
1900011234567,2026-01-13,33,24.114,A
1900011234567,2026-01-13,34,22.727,A
1900011234567,2026-01-13,35,23.409,A
1900011234567,2026-01-13,36,24.89,A
1900011234567,2026-01-13,37,24.18,A
1900011234567,2026-01-13,38,23.258,A
1900011234567,2026-01-13,39,24.246,A
1900011234567,2026-01-13,40,22.431,A
1900011234567,2026-01-13,41,22.373,A
1900011234567,2026-01-13,42,22.666,A
1900011234567,2026-01-13,43,16.781,A
1900011234567,2026-01-13,44,10.72,A
1900011234567,2026-01-13,45,3.756,A
1900011234567,2026-01-13,46,4.019,A
1900011234567,2026-01-13,47,3.868,A
1900011234567,2026-01-13,48,3.681,A
1900011234567,2026-01-14,1,3.963,A
1900011234567,2026-01-14,2,3.983,A
1900011234567,2026-01-14,3,4.058,A
1900011234567,2026-01-14,4,3.669,A
1900011234567,2026-01-14,5,3.619,A
1900011234567,2026-01-14,6,3.624,A
1900011234567,2026-01-14,7,3.982,A
1900011234567,2026-01-14,8,3.655,A
1900011234567,2026-01-14,9,3.915,A
1900011234567,2026-01-14,10,3.895,A
1900011234567,2026-01-14,11,4.058,A
1900011234567,2026-01-14,12,3.671,A
1900011234567,2026-01-14,13,3.756,A
1900011234567,2026-01-14,14,10.661,A
1900011234567,2026-01-14,15,16.809,A
1900011234567,2026-01-14,16,22.193,A
1900011234567,2026-01-14,17,23.807,A
1900011234567,2026-01-14,18,22.459,A
1900011234567,2026-01-14,19,22.704,A
1900011234567,2026-01-14,20,22.906,A
1900011234567,2026-01-14,21,23.503,A
1900011234567,2026-01-14,22,24.55,A
1900011234567,2026-01-14,23,24.124,A
1900011234567,2026-01-14,24,22.424,A
1900011234567,2026-01-14,25,23.4,A
1900011234567,2026-01-14,26,23.116,A
1900011234567,2026-01-14,27,22.887,A
1900011234567,2026-01-14,28,22.357,A
1900011234567,2026-01-14,29,24.528,A
1900011234567,2026-01-14,30,24.83,A
1900011234567,2026-01-14,31,23.498,A
1900011234567,2026-01-14,32,23.228,A
1900011234567,2026-01-14,33,24.294,A
1900011234567,2026-01-14,34,22.393,A
1900011234567,2026-01-14,35,22.368,A
1900011234567,2026-01-14,36,23.011,A
1900011234567,2026-01-14,37,23.506,A
1900011234567,2026-01-14,38,24.521,A
1900011234567,2026-01-14,39,24.405,A
1900011234567,2026-01-14,40,23.216,A
1900011234567,2026-01-14,41,23.255,A
1900011234567,2026-01-14,42,24.838,A
1900011234567,2026-01-14,43,16.662,A
1900011234567,2026-01-14,44,10.336,A
1900011234567,2026-01-14,45,3.671,A
1900011234567,2026-01-14,46,3.92,A
1900011234567,2026-01-14,47,3.841,A
1900011234567,2026-01-14,48,3.997,A
1900011234567,2026-01-15,1,4.045,A
1900011234567,2026-01-15,2,4.05,A
1900011234567,2026-01-15,3,3.814,A
1900011234567,2026-01-15,4,4.0,A
1900011234567,2026-01-15,5,3.645,A
1900011234567,2026-01-15,6,3.617,A
1900011234567,2026-01-15,7,3.9,A
1900011234567,2026-01-15,8,3.964,A
1900011234567,2026-01-15,9,3.874,A
1900011234567,2026-01-15,10,4.028,A
1900011234567,2026-01-15,11,3.882,A
1900011234567,2026-01-15,12,3.855,A
1900011234567,2026-01-15,13,3.993,A
1900011234567,2026-01-15,14,10.663,A
1900011234567,2026-01-15,15,16.981,A
1900011234567,2026-01-15,16,23.919,A
1900011234567,2026-01-15,17,22.523,A
1900011234567,2026-01-15,18,23.561,A
1900011234567,2026-01-15,19,22.623,A
1900011234567,2026-01-15,20,22.71,A
1900011234567,2026-01-15,21,23.755,A
1900011234567,2026-01-15,22,24.754,A
1900011234567,2026-01-15,23,23.627,A
1900011234567,2026-01-15,24,24.87,A
1900011234567,2026-01-15,25,24.856,A
1900011234567,2026-01-15,26,23.438,A
1900011234567,2026-01-15,27,22.3,A
1900011234567,2026-01-15,28,23.665,A
1900011234567,2026-01-15,29,22.49,A
1900011234567,2026-01-15,30,23.147,A
1900011234567,2026-01-15,31,24.482,A
1900011234567,2026-01-15,32,22.671,A
1900011234567,2026-01-15,37,24.183,A
1900011234567,2026-01-15,38,23.006,A
1900011234567,2026-01-15,39,22.262,A
1900011234567,2026-01-15,40,24.019,A
1900011234567,2026-01-15,41,23.289,A
1900011234567,2026-01-15,42,22.998,A
1900011234567,2026-01-15,43,17.259,A
1900011234567,2026-01-15,44,10.178,A
1900011234567,2026-01-15,45,3.896,A
1900011234567,2026-01-15,46,3.69,A
1900011234567,2026-01-15,47,4.034,A
1900011234567,2026-01-15,48,3.663,A
1900011234567,2026-01-16,1,3.638,A
1900011234567,2026-01-16,2,3.677,A
1900011234567,2026-01-16,3,3.91,A
1900011234567,2026-01-16,4,3.646,A
1900011234567,2026-01-16,5,3.629,A
1900011234567,2026-01-16,6,3.986,A
1900011234567,2026-01-16,7,3.788,A
1900011234567,2026-01-16,8,3.922,A
1900011234567,2026-01-16,9,3.896,A
1900011234567,2026-01-16,10,3.893,A
1900011234567,2026-01-16,11,3.94,A
1900011234567,2026-01-16,12,3.822,A
1900011234567,2026-01-16,13,3.731,A
1900011234567,2026-01-16,14,10.661,A
1900011234567,2026-01-16,15,17.943,A
1900011234567,2026-01-16,16,23.491,A
1900011234567,2026-01-16,17,23.684,A
1900011234567,2026-01-16,18,24.061,A
1900011234567,2026-01-16,19,24.519,A
1900011234567,2026-01-16,20,22.844,A
1900011234567,2026-01-16,21,23.172,A
1900011234567,2026-01-16,22,22.289,A
1900011234567,2026-01-16,23,23.283,A
1900011234567,2026-01-16,24,22.405,A
1900011234567,2026-01-16,25,24.161,A
1900011234567,2026-01-16,26,22.411,A
1900011234567,2026-01-16,27,24.796,A
1900011234567,2026-01-16,28,22.745,A
1900011234567,2026-01-16,29,24.521,A
1900011234567,2026-01-16,30,23.492,A
1900011234567,2026-01-16,31,22.707,A
1900011234567,2026-01-16,32,22.311,A
1900011234567,2026-01-16,33,22.928,A
1900011234567,2026-01-16,34,23.048,A
1900011234567,2026-01-16,35,24.403,A
1900011234567,2026-01-16,36,22.596,A
1900011234567,2026-01-16,37,22.63,A
1900011234567,2026-01-16,38,24.15,A
1900011234567,2026-01-16,39,22.905,A
1900011234567,2026-01-16,40,24.421,A
1900011234567,2026-01-16,41,22.622,A
1900011234567,2026-01-16,42,24.107,A
1900011234567,2026-01-16,43,16.607,A
1900011234567,2026-01-16,44,10.214,A
1900011234567,2026-01-16,45,3.62,A
1900011234567,2026-01-16,46,3.71,A
1900011234567,2026-01-16,47,3.68,A
1900011234567,2026-01-16,48,3.89,A
1900011234567,2026-01-17,1,4.037,A
1900011234567,2026-01-17,2,3.771,A
1900011234567,2026-01-17,3,3.921,A
1900011234567,2026-01-17,4,3.871,A
1900011234567,2026-01-17,5,3.922,A
1900011234567,2026-01-17,6,3.998,A
1900011234567,2026-01-17,7,3.787,A
1900011234567,2026-01-17,8,3.774,A
1900011234567,2026-01-17,9,3.82,A
1900011234567,2026-01-17,10,3.911,A
1900011234567,2026-01-17,11,3.713,A
1900011234567,2026-01-17,12,3.736,A
1900011234567,2026-01-17,13,3.974,A
1900011234567,2026-01-17,14,3.957,A
1900011234567,2026-01-17,15,3.864,A
1900011234567,2026-01-17,16,3.715,A
1900011234567,2026-01-17,17,7.956,A
1900011234567,2026-01-17,18,7.725,A
1900011234567,2026-01-17,19,7.789,A
1900011234567,2026-01-17,20,8.666,A
1900011234567,2026-01-17,21,7.732,A
1900011234567,2026-01-17,22,8.514,A
1900011234567,2026-01-17,23,8.317,A
1900011234567,2026-01-17,24,8.473,A
1900011234567,2026-01-17,25,7.845,A
1900011234567,2026-01-17,26,8.395,A
1900011234567,2026-01-17,27,8.345,A
1900011234567,2026-01-17,28,7.741,A
1900011234567,2026-01-17,29,8.069,A
1900011234567,2026-01-17,30,8.101,A
1900011234567,2026-01-17,31,8.554,A
1900011234567,2026-01-17,32,8.12,A
1900011234567,2026-01-17,33,3.862,A
1900011234567,2026-01-17,34,3.783,A
1900011234567,2026-01-17,35,3.695,A
1900011234567,2026-01-17,36,3.978,A
1900011234567,2026-01-17,37,3.657,A
1900011234567,2026-01-17,38,3.694,A
1900011234567,2026-01-17,39,3.87,A
1900011234567,2026-01-17,40,4.011,A
1900011234567,2026-01-17,41,3.831,A
1900011234567,2026-01-17,42,3.983,A
1900011234567,2026-01-17,43,4.015,A
1900011234567,2026-01-17,44,4.05,A
1900011234567,2026-01-17,45,3.93,A
1900011234567,2026-01-17,46,3.97,A
1900011234567,2026-01-17,47,3.692,A
1900011234567,2026-01-17,48,3.759,A
1900011234567,2026-01-18,1,4.006,A
1900011234567,2026-01-18,2,3.765,A
1900011234567,2026-01-18,3,3.738,A
1900011234567,2026-01-18,4,3.973,A
1900011234567,2026-01-18,5,3.743,A
1900011234567,2026-01-18,6,4.039,A
1900011234567,2026-01-18,7,4.015,A
1900011234567,2026-01-18,8,3.897,A
1900011234567,2026-01-18,9,3.654,A
1900011234567,2026-01-18,10,4.029,A
1900011234567,2026-01-18,11,3.965,A
1900011234567,2026-01-18,12,3.701,A
1900011234567,2026-01-18,13,3.926,A
1900011234567,2026-01-18,14,3.969,A
1900011234567,2026-01-18,15,3.866,A
1900011234567,2026-01-18,16,3.952,A
1900011234567,2026-01-18,17,8.62,A
1900011234567,2026-01-18,18,7.977,A
1900011234567,2026-01-18,19,8.489,A
1900011234567,2026-01-18,20,7.779,A
1900011234567,2026-01-18,21,8.652,A
1900011234567,2026-01-18,22,8.599,A
1900011234567,2026-01-18,23,7.75,A
1900011234567,2026-01-18,24,8.028,A
1900011234567,2026-01-18,25,8.66,A
1900011234567,2026-01-18,26,8.069,A
1900011234567,2026-01-18,27,8.107,A
1900011234567,2026-01-18,28,7.836,A
1900011234567,2026-01-18,29,8.444,A
1900011234567,2026-01-18,30,8.62,A
1900011234567,2026-01-18,31,8.203,A
1900011234567,2026-01-18,32,8.284,A
1900011234567,2026-01-18,33,3.776,A
1900011234567,2026-01-18,34,4.034,A
1900011234567,2026-01-18,35,3.66,A
1900011234567,2026-01-18,36,3.767,A
1900011234567,2026-01-18,37,3.689,A
1900011234567,2026-01-18,38,3.925,A
1900011234567,2026-01-18,39,3.68,A
1900011234567,2026-01-18,40,3.949,A
1900011234567,2026-01-18,41,3.793,A
1900011234567,2026-01-18,42,3.936,A
1900011234567,2026-01-18,43,3.631,A
1900011234567,2026-01-18,44,3.833,A
1900011234567,2026-01-18,45,3.661,A
1900011234567,2026-01-18,46,3.969,A
1900011234567,2026-01-18,47,3.629,A
1900011234567,2026-01-18,48,3.941,A
1900011234567,2026-01-19,1,3.656,A
1900011234567,2026-01-19,2,3.976,A
1900011234567,2026-01-19,3,3.799,A
1900011234567,2026-01-19,4,3.837,A
1900011234567,2026-01-19,5,4.015,A
1900011234567,2026-01-19,6,3.884,A
1900011234567,2026-01-19,7,4.009,A
1900011234567,2026-01-19,8,3.716,A
1900011234567,2026-01-19,9,3.73,A
1900011234567,2026-01-19,10,3.814,A
1900011234567,2026-01-19,11,3.738,A
1900011234567,2026-01-19,12,3.73,A
1900011234567,2026-01-19,13,4.004,A
1900011234567,2026-01-19,14,10.733,A
1900011234567,2026-01-19,15,17.322,A
1900011234567,2026-01-19,16,24.219,A
1900011234567,2026-01-19,17,23.788,A
1900011234567,2026-01-19,18,22.616,A
1900011234567,2026-01-19,19,23.111,A
1900011234567,2026-01-19,20,23.6,A
1900011234567,2026-01-19,21,22.671,A
1900011234567,2026-01-19,22,23.736,A
1900011234567,2026-01-19,23,23.858,A
1900011234567,2026-01-19,24,23.566,A
1900011234567,2026-01-19,25,24.458,A
1900011234567,2026-01-19,26,23.328,A
1900011234567,2026-01-19,27,24.436,A
1900011234567,2026-01-19,28,24.497,A
1900011234567,2026-01-19,29,24.526,A
1900011234567,2026-01-19,30,22.698,A
1900011234567,2026-01-19,31,24.428,A
1900011234567,2026-01-19,32,22.195,A
1900011234567,2026-01-19,33,23.436,A
1900011234567,2026-01-19,34,22.362,A
1900011234567,2026-01-19,35,22.264,A
1900011234567,2026-01-19,36,23.767,A
1900011234567,2026-01-19,37,24.304,A
1900011234567,2026-01-19,38,23.197,A
1900011234567,2026-01-19,39,24.032,A
1900011234567,2026-01-19,40,23.06,A
1900011234567,2026-01-19,41,24.908,A
1900011234567,2026-01-19,42,23.284,A
1900011234567,2026-01-19,43,16.762,A
1900011234567,2026-01-19,44,10.09,A
1900011234567,2026-01-19,45,3.662,A
1900011234567,2026-01-19,46,3.729,A
1900011234567,2026-01-19,47,3.884,A
1900011234567,2026-01-19,48,4.003,A
1900011234567,2026-01-20,1,3.822,A
1900011234567,2026-01-20,2,3.745,A
1900011234567,2026-01-20,3,3.95,A
1900011234567,2026-01-20,4,3.79,A
1900011234567,2026-01-20,5,3.812,A
1900011234567,2026-01-20,6,3.949,A
1900011234567,2026-01-20,7,3.928,A
1900011234567,2026-01-20,8,3.621,A
1900011234567,2026-01-20,9,3.952,A
1900011234567,2026-01-20,10,3.797,A
1900011234567,2026-01-20,11,3.776,A
1900011234567,2026-01-20,12,3.653,A
1900011234567,2026-01-20,13,4.061,A
1900011234567,2026-01-20,14,9.952,A
1900011234567,2026-01-20,15,17.558,A
1900011234567,2026-01-20,16,23.59,A
1900011234567,2026-01-20,17,23.426,A
1900011234567,2026-01-20,18,23.711,A
1900011234567,2026-01-20,19,22.971,A
1900011234567,2026-01-20,20,23.219,A
1900011234567,2026-01-20,21,23.974,A
1900011234567,2026-01-20,22,23.873,A
1900011234567,2026-01-20,23,22.441,A
1900011234567,2026-01-20,24,22.928,A
1900011234567,2026-01-20,25,22.648,A
1900011234567,2026-01-20,26,24.173,A
1900011234567,2026-01-20,27,23.969,A
1900011234567,2026-01-20,28,24.828,A
1900011234567,2026-01-20,29,24.223,A
1900011234567,2026-01-20,30,24.699,A
1900011234567,2026-01-20,31,24.658,A
1900011234567,2026-01-20,32,23.634,A
1900011234567,2026-01-20,33,23.037,A
1900011234567,2026-01-20,34,24.212,A
1900011234567,2026-01-20,35,23.102,A
1900011234567,2026-01-20,36,23.933,A
1900011234567,2026-01-20,37,24.103,A
1900011234567,2026-01-20,38,24.382,A
1900011234567,2026-01-20,39,24.397,A
1900011234567,2026-01-20,40,24.383,A
1900011234567,2026-01-20,41,24.103,A
1900011234567,2026-01-20,42,23.02,A
1900011234567,2026-01-20,43,17.785,A
1900011234567,2026-01-20,44,10.03,A
1900011234567,2026-01-20,45,3.766,A
1900011234567,2026-01-20,46,3.86,A
1900011234567,2026-01-20,47,3.904,A
1900011234567,2026-01-20,48,3.744,A
1900011234567,2026-01-21,1,3.929,A
1900011234567,2026-01-21,2,4.019,A
1900011234567,2026-01-21,3,4.062,A
1900011234567,2026-01-21,4,3.806,A
1900011234567,2026-01-21,5,3.812,A
1900011234567,2026-01-21,6,4.059,A
1900011234567,2026-01-21,7,3.95,A
1900011234567,2026-01-21,8,3.738,A
1900011234567,2026-01-21,9,3.609,A
1900011234567,2026-01-21,10,3.778,A
1900011234567,2026-01-21,11,3.788,A
1900011234567,2026-01-21,12,3.614,A
1900011234567,2026-01-21,13,3.76,A
1900011234567,2026-01-21,14,10.153,A
1900011234567,2026-01-21,15,16.447,A
1900011234567,2026-01-21,16,24.656,A
1900011234567,2026-01-21,17,23.189,A
1900011234567,2026-01-21,18,22.386,A
1900011234567,2026-01-21,19,24.994,A
1900011234567,2026-01-21,20,23.428,A
1900011234567,2026-01-21,21,22.771,A
1900011234567,2026-01-21,22,22.777,A
1900011234567,2026-01-21,23,22.468,A
1900011234567,2026-01-21,24,24.55,A
1900011234567,2026-01-21,25,23.694,A
1900011234567,2026-01-21,26,22.301,A
1900011234567,2026-01-21,27,22.277,A
1900011234567,2026-01-21,28,22.718,A
1900011234567,2026-01-21,29,24.502,A
1900011234567,2026-01-21,30,24.082,A
1900011234567,2026-01-21,31,23.577,A
1900011234567,2026-01-21,32,23.935,A
1900011234567,2026-01-21,33,22.287,A
1900011234567,2026-01-21,34,22.815,A
1900011234567,2026-01-21,35,24.103,A
1900011234567,2026-01-21,36,23.907,A
1900011234567,2026-01-21,37,22.659,A
1900011234567,2026-01-21,38,23.576,A
1900011234567,2026-01-21,39,23.965,A
1900011234567,2026-01-21,40,22.985,A
1900011234567,2026-01-21,41,23.156,A
1900011234567,2026-01-21,42,22.642,A
1900011234567,2026-01-21,43,16.589,A
1900011234567,2026-01-21,44,10.808,A
1900011234567,2026-01-21,45,3.891,A
1900011234567,2026-01-21,46,3.698,A
1900011234567,2026-01-21,47,3.794,A
1900011234567,2026-01-21,48,3.685,A
1900011234567,2026-01-22,1,3.998,A
1900011234567,2026-01-22,2,3.682,A
1900011234567,2026-01-22,3,3.92,A
1900011234567,2026-01-22,4,3.646,A
1900011234567,2026-01-22,5,4.012,A
1900011234567,2026-01-22,6,3.707,A
1900011234567,2026-01-22,7,3.786,A
1900011234567,2026-01-22,8,3.613,A
1900011234567,2026-01-22,9,3.786,A
1900011234567,2026-01-22,10,3.94,A
1900011234567,2026-01-22,11,4.038,A
1900011234567,2026-01-22,12,3.996,A
1900011234567,2026-01-22,13,3.638,A
1900011234567,2026-01-22,14,10.739,A
1900011234567,2026-01-22,15,17.491,A
1900011234567,2026-01-22,16,24.145,A
1900011234567,2026-01-22,17,23.671,A
1900011234567,2026-01-22,18,23.082,A
1900011234567,2026-01-22,19,24.142,A
1900011234567,2026-01-22,20,23.344,A
1900011234567,2026-01-22,21,23.577,A
1900011234567,2026-01-22,22,24.703,A
1900011234567,2026-01-22,23,24.076,A
1900011234567,2026-01-22,24,24.925,A
1900011234567,2026-01-22,25,23.1,A
1900011234567,2026-01-22,26,24.631,A
1900011234567,2026-01-22,27,22.913,A
1900011234567,2026-01-22,28,24.887,A
1900011234567,2026-01-22,29,22.492,A
1900011234567,2026-01-22,30,24.726,A
1900011234567,2026-01-22,31,24.948,A
1900011234567,2026-01-22,32,23.553,A
1900011234567,2026-01-22,33,24.606,A
1900011234567,2026-01-22,34,23.636,A
1900011234567,2026-01-22,35,22.897,A
1900011234567,2026-01-22,36,24.669,A
1900011234567,2026-01-22,37,23.913,A
1900011234567,2026-01-22,38,24.043,A
1900011234567,2026-01-22,39,24.305,A
1900011234567,2026-01-22,40,22.428,A
1900011234567,2026-01-22,41,23.659,A
1900011234567,2026-01-22,42,23.54,A
1900011234567,2026-01-22,43,17.879,A
1900011234567,2026-01-22,44,10.299,A
1900011234567,2026-01-22,45,3.831,A
1900011234567,2026-01-22,46,3.839,A
1900011234567,2026-01-22,47,3.641,A
1900011234567,2026-01-22,48,3.799,A
1900011234567,2026-01-23,1,3.688,A
1900011234567,2026-01-23,2,4.028,A
1900011234567,2026-01-23,3,3.739,A
1900011234567,2026-01-23,4,3.702,A
1900011234567,2026-01-23,5,3.836,A
1900011234567,2026-01-23,6,4.033,A
1900011234567,2026-01-23,7,3.695,A
1900011234567,2026-01-23,8,3.684,A
1900011234567,2026-01-23,13,3.61,A
1900011234567,2026-01-23,14,10.895,A
1900011234567,2026-01-23,15,17.763,A
1900011234567,2026-01-23,16,23.498,A
1900011234567,2026-01-23,17,23.99,A
1900011234567,2026-01-23,18,24.226,A
1900011234567,2026-01-23,19,24.88,A
1900011234567,2026-01-23,20,23.951,A
1900011234567,2026-01-23,21,24.06,A
1900011234567,2026-01-23,22,23.677,A
1900011234567,2026-01-23,23,24.99,A
1900011234567,2026-01-23,24,22.956,A
1900011234567,2026-01-23,25,22.592,A
1900011234567,2026-01-23,26,24.924,A
1900011234567,2026-01-23,27,22.354,A
1900011234567,2026-01-23,28,24.015,A
1900011234567,2026-01-23,29,24.969,A
1900011234567,2026-01-23,30,24.047,A
1900011234567,2026-01-23,31,23.596,A
1900011234567,2026-01-23,32,23.562,A
1900011234567,2026-01-23,33,23.245,A
1900011234567,2026-01-23,34,24.966,A
1900011234567,2026-01-23,35,23.956,A
1900011234567,2026-01-23,36,23.144,A
1900011234567,2026-01-23,37,24.735,A
1900011234567,2026-01-23,38,22.54,A
1900011234567,2026-01-23,39,23.869,A
1900011234567,2026-01-23,40,22.553,A
1900011234567,2026-01-23,41,23.975,A
1900011234567,2026-01-23,42,22.547,A
1900011234567,2026-01-23,43,16.77,A
1900011234567,2026-01-23,44,10.843,A
1900011234567,2026-01-23,45,4.027,A
1900011234567,2026-01-23,46,4.013,A
1900011234567,2026-01-23,47,3.691,A
1900011234567,2026-01-23,48,3.637,A
1900011234567,2026-01-24,1,3.739,A
1900011234567,2026-01-24,2,3.903,A
1900011234567,2026-01-24,3,3.824,A
1900011234567,2026-01-24,4,3.853,A
1900011234567,2026-01-24,5,4.055,A
1900011234567,2026-01-24,6,3.925,A
1900011234567,2026-01-24,7,3.981,A
1900011234567,2026-01-24,8,4.062,A
1900011234567,2026-01-24,9,3.67,A
1900011234567,2026-01-24,10,3.615,A
1900011234567,2026-01-24,11,3.883,A
1900011234567,2026-01-24,12,3.914,A
1900011234567,2026-01-24,13,3.876,A
1900011234567,2026-01-24,14,3.748,A
1900011234567,2026-01-24,15,3.831,A
1900011234567,2026-01-24,16,3.793,A
1900011234567,2026-01-24,17,8.537,A
1900011234567,2026-01-24,18,8.614,A
1900011234567,2026-01-24,19,7.793,A
1900011234567,2026-01-24,20,7.792,A
1900011234567,2026-01-24,21,8.481,A
1900011234567,2026-01-24,22,8.315,A
1900011234567,2026-01-24,23,8.229,A
1900011234567,2026-01-24,24,8.006,A
1900011234567,2026-01-24,25,8.46,A
1900011234567,2026-01-24,26,7.888,A
1900011234567,2026-01-24,27,8.326,A
1900011234567,2026-01-24,28,7.94,A
1900011234567,2026-01-24,29,8.001,A
1900011234567,2026-01-24,30,8.025,A
1900011234567,2026-01-24,31,8.056,A
1900011234567,2026-01-24,32,8.434,A
1900011234567,2026-01-24,33,3.872,A
1900011234567,2026-01-24,34,3.655,A
1900011234567,2026-01-24,35,3.827,A
1900011234567,2026-01-24,36,3.849,A
1900011234567,2026-01-24,37,3.669,A
1900011234567,2026-01-24,38,3.682,A
1900011234567,2026-01-24,39,3.612,A
1900011234567,2026-01-24,40,3.767,A
1900011234567,2026-01-24,41,3.884,A
1900011234567,2026-01-24,42,3.788,A
1900011234567,2026-01-24,43,3.866,A
1900011234567,2026-01-24,44,3.962,A
1900011234567,2026-01-24,45,3.622,A
1900011234567,2026-01-24,46,4.039,A
1900011234567,2026-01-24,47,3.92,A
1900011234567,2026-01-24,48,3.939,A
1900011234567,2026-01-25,1,4.061,A
1900011234567,2026-01-25,2,3.768,A
1900011234567,2026-01-25,3,3.745,A
1900011234567,2026-01-25,4,4.015,A
1900011234567,2026-01-25,5,3.789,A
1900011234567,2026-01-25,6,3.662,A
1900011234567,2026-01-25,7,3.851,A
1900011234567,2026-01-25,8,3.645,A
1900011234567,2026-01-25,9,3.736,A
1900011234567,2026-01-25,10,3.623,A
1900011234567,2026-01-25,11,3.722,A
1900011234567,2026-01-25,12,3.894,A
1900011234567,2026-01-25,13,3.986,A
1900011234567,2026-01-25,14,3.942,A
1900011234567,2026-01-25,15,3.738,A
1900011234567,2026-01-25,16,3.891,A
1900011234567,2026-01-25,17,8.011,A
1900011234567,2026-01-25,18,8.122,A
1900011234567,2026-01-25,19,8.185,A
1900011234567,2026-01-25,20,8.26,A
1900011234567,2026-01-25,21,8.015,A
1900011234567,2026-01-25,22,8.153,A
1900011234567,2026-01-25,23,8.03,A
1900011234567,2026-01-25,24,7.863,A
1900011234567,2026-01-25,25,8.507,A
1900011234567,2026-01-25,26,8.072,A
1900011234567,2026-01-25,27,7.96,A
1900011234567,2026-01-25,28,8.083,A
1900011234567,2026-01-25,29,7.843,A
1900011234567,2026-01-25,30,8.279,A
1900011234567,2026-01-25,31,8.347,A
1900011234567,2026-01-25,32,7.91,A
1900011234567,2026-01-25,33,3.681,A
1900011234567,2026-01-25,34,3.657,A
1900011234567,2026-01-25,35,4.007,A
1900011234567,2026-01-25,36,3.953,A
1900011234567,2026-01-25,37,3.749,A
1900011234567,2026-01-25,38,3.663,A
1900011234567,2026-01-25,39,3.615,A
1900011234567,2026-01-25,40,3.682,A
1900011234567,2026-01-25,41,3.861,A
1900011234567,2026-01-25,42,4.031,A
1900011234567,2026-01-25,43,3.796,A
1900011234567,2026-01-25,44,3.978,A
1900011234567,2026-01-25,45,3.894,A
1900011234567,2026-01-25,46,3.665,A
1900011234567,2026-01-25,47,3.899,A
1900011234567,2026-01-25,48,3.692,A
1900011234567,2026-01-26,1,3.947,A
1900011234567,2026-01-26,2,3.887,A
1900011234567,2026-01-26,3,3.808,A
1900011234567,2026-01-26,4,3.668,A
1900011234567,2026-01-26,5,3.979,A
1900011234567,2026-01-26,6,3.62,A
1900011234567,2026-01-26,7,3.677,A
1900011234567,2026-01-26,8,4.062,A
1900011234567,2026-01-26,9,4.022,A
1900011234567,2026-01-26,10,4.028,A
1900011234567,2026-01-26,11,4.011,A
1900011234567,2026-01-26,12,4.051,A
1900011234567,2026-01-26,13,3.846,A
1900011234567,2026-01-26,14,10.634,A
1900011234567,2026-01-26,15,17.37,A
1900011234567,2026-01-26,16,22.948,A
1900011234567,2026-01-26,17,23.343,A
1900011234567,2026-01-26,18,23.477,A
1900011234567,2026-01-26,19,23.151,A
1900011234567,2026-01-26,20,24.256,A
1900011234567,2026-01-26,21,22.714,A
1900011234567,2026-01-26,22,22.811,A
1900011234567,2026-01-26,23,24.956,A
1900011234567,2026-01-26,24,23.355,A
1900011234567,2026-01-26,25,23.892,A
1900011234567,2026-01-26,26,22.76,A
1900011234567,2026-01-26,27,24.429,A
1900011234567,2026-01-26,28,24.557,A
1900011234567,2026-01-26,29,23.622,A
1900011234567,2026-01-26,30,24.538,A
1900011234567,2026-01-26,31,23.653,A
1900011234567,2026-01-26,32,22.616,A
1900011234567,2026-01-26,33,24.297,A
1900011234567,2026-01-26,34,23.382,A
1900011234567,2026-01-26,35,22.786,A
1900011234567,2026-01-26,36,23.175,A
1900011234567,2026-01-26,37,24.313,A
1900011234567,2026-01-26,38,22.384,A
1900011234567,2026-01-26,39,22.647,A
1900011234567,2026-01-26,40,22.633,A
1900011234567,2026-01-26,41,24.815,A
1900011234567,2026-01-26,42,23.805,A
1900011234567,2026-01-26,43,17.533,A
1900011234567,2026-01-26,44,10.131,A
1900011234567,2026-01-26,45,3.855,A
1900011234567,2026-01-26,46,3.683,A
1900011234567,2026-01-26,47,4.022,A
1900011234567,2026-01-26,48,3.665,A
1900011234567,2026-01-27,1,4.015,A
1900011234567,2026-01-27,2,3.814,A
1900011234567,2026-01-27,3,3.67,A
1900011234567,2026-01-27,4,3.752,A
1900011234567,2026-01-27,5,3.865,A
1900011234567,2026-01-27,6,3.954,A
1900011234567,2026-01-27,7,3.928,A
1900011234567,2026-01-27,8,3.869,A
1900011234567,2026-01-27,9,4.055,A
1900011234567,2026-01-27,10,3.82,A
1900011234567,2026-01-27,11,3.904,A
1900011234567,2026-01-27,12,4.049,A
1900011234567,2026-01-27,13,3.879,A
1900011234567,2026-01-27,14,9.834,A
1900011234567,2026-01-27,15,17.888,A
1900011234567,2026-01-27,16,23.621,A
1900011234567,2026-01-27,17,23.813,A
1900011234567,2026-01-27,18,24.611,A
1900011234567,2026-01-27,19,22.666,A
1900011234567,2026-01-27,20,23.052,A
1900011234567,2026-01-27,21,23.776,A
1900011234567,2026-01-27,22,23.128,A
1900011234567,2026-01-27,23,23.057,A
1900011234567,2026-01-27,24,24.254,A
1900011234567,2026-01-27,25,24.767,A
1900011234567,2026-01-27,26,24.581,A
1900011234567,2026-01-27,27,24.441,A
1900011234567,2026-01-27,28,22.629,A
1900011234567,2026-01-27,29,22.653,A
1900011234567,2026-01-27,30,22.902,A
1900011234567,2026-01-27,31,23.973,A
1900011234567,2026-01-27,32,22.508,A
1900011234567,2026-01-27,33,24.869,A
1900011234567,2026-01-27,34,22.811,A
1900011234567,2026-01-27,35,25.01,A
1900011234567,2026-01-27,36,24.536,A
1900011234567,2026-01-27,37,22.285,A
1900011234567,2026-01-27,38,24.284,A
1900011234567,2026-01-27,39,24.683,A
1900011234567,2026-01-27,40,22.849,A
1900011234567,2026-01-27,41,22.961,A
1900011234567,2026-01-27,42,22.746,A
1900011234567,2026-01-27,43,17.661,A
1900011234567,2026-01-27,44,10.163,A
1900011234567,2026-01-27,45,3.852,A
1900011234567,2026-01-27,46,4.061,A
1900011234567,2026-01-27,47,3.986,A
1900011234567,2026-01-27,48,3.946,A
1900011234567,2026-01-28,1,3.679,A
1900011234567,2026-01-28,2,3.823,A
1900011234567,2026-01-28,3,3.94,A
1900011234567,2026-01-28,4,3.909,A
1900011234567,2026-01-28,5,3.759,A
1900011234567,2026-01-28,6,3.835,A
1900011234567,2026-01-28,7,3.927,A
1900011234567,2026-01-28,8,3.873,A
1900011234567,2026-01-28,9,3.8,A
1900011234567,2026-01-28,10,3.864,A
1900011234567,2026-01-28,11,3.734,A
1900011234567,2026-01-28,12,3.871,A
1900011234567,2026-01-28,13,3.957,A
1900011234567,2026-01-28,14,10.489,A
1900011234567,2026-01-28,15,17.999,A
1900011234567,2026-01-28,16,23.965,A
1900011234567,2026-01-28,17,23.853,A
1900011234567,2026-01-28,18,23.872,A
1900011234567,2026-01-28,19,24.695,A
1900011234567,2026-01-28,20,24.362,A
1900011234567,2026-01-28,21,24.895,A
1900011234567,2026-01-28,22,23.846,A
1900011234567,2026-01-28,23,24.881,A
1900011234567,2026-01-28,24,24.812,A
1900011234567,2026-01-28,25,24.371,A
1900011234567,2026-01-28,26,24.957,A
1900011234567,2026-01-28,27,22.523,A
1900011234567,2026-01-28,28,22.346,A
1900011234567,2026-01-28,29,23.606,A
1900011234567,2026-01-28,30,23.849,A
1900011234567,2026-01-28,31,24.675,A
1900011234567,2026-01-28,32,23.609,A
1900011234567,2026-01-28,33,24.461,A
1900011234567,2026-01-28,34,24.671,A
1900011234567,2026-01-28,35,23.842,A
1900011234567,2026-01-28,36,22.501,A
1900011234567,2026-01-28,37,22.899,A
1900011234567,2026-01-28,38,22.616,A
1900011234567,2026-01-28,39,22.362,A
1900011234567,2026-01-28,40,24.741,A
1900011234567,2026-01-28,41,23.187,A
1900011234567,2026-01-28,42,24.9,A
1900011234567,2026-01-28,43,16.304,A
1900011234567,2026-01-28,44,10.405,A
1900011234567,2026-01-28,45,3.619,A
1900011234567,2026-01-28,46,3.734,A
1900011234567,2026-01-28,47,3.701,A
1900011234567,2026-01-28,48,4.015,A
1900011234567,2026-01-29,1,3.778,A
1900011234567,2026-01-29,2,3.826,A
1900011234567,2026-01-29,3,3.975,A
1900011234567,2026-01-29,4,3.929,A
1900011234567,2026-01-29,5,3.739,A
1900011234567,2026-01-29,6,4.034,A
1900011234567,2026-01-29,7,3.693,A
1900011234567,2026-01-29,8,3.72,A
1900011234567,2026-01-29,9,3.943,A
1900011234567,2026-01-29,10,3.728,A
1900011234567,2026-01-29,11,4.012,A
1900011234567,2026-01-29,12,3.937,A
1900011234567,2026-01-29,13,3.869,A
1900011234567,2026-01-29,14,10.987,A
1900011234567,2026-01-29,15,16.029,A
1900011234567,2026-01-29,16,22.519,A
1900011234567,2026-01-29,17,24.443,A
1900011234567,2026-01-29,18,23.936,A
1900011234567,2026-01-29,19,22.698,A
1900011234567,2026-01-29,20,24.941,A
1900011234567,2026-01-29,21,24.738,A
1900011234567,2026-01-29,22,22.763,A
1900011234567,2026-01-29,23,23.309,A
1900011234567,2026-01-29,24,23.532,A
1900011234567,2026-01-29,25,24.596,A
1900011234567,2026-01-29,26,24.563,A
1900011234567,2026-01-29,27,24.688,A
1900011234567,2026-01-29,28,24.148,A
1900011234567,2026-01-29,29,24.3,A
1900011234567,2026-01-29,30,22.906,A
1900011234567,2026-01-29,31,24.126,A
1900011234567,2026-01-29,32,23.948,A
1900011234567,2026-01-29,33,24.558,A
1900011234567,2026-01-29,34,23.994,A
1900011234567,2026-01-29,35,24.66,A
1900011234567,2026-01-29,36,23.267,A
1900011234567,2026-01-29,37,24.132,A
1900011234567,2026-01-29,38,22.862,A
1900011234567,2026-01-29,39,24.108,A
1900011234567,2026-01-29,40,23.132,A
1900011234567,2026-01-29,41,24.007,A
1900011234567,2026-01-29,42,22.879,A
1900011234567,2026-01-29,43,17.206,A
1900011234567,2026-01-29,44,10.579,A
1900011234567,2026-01-29,45,4.036,A
1900011234567,2026-01-29,46,3.652,A
1900011234567,2026-01-29,47,3.65,A
1900011234567,2026-01-29,48,3.935,A
1900011234567,2026-01-30,1,3.99,A
1900011234567,2026-01-30,2,3.661,A
1900011234567,2026-01-30,3,3.805,A
1900011234567,2026-01-30,4,3.816,A
1900011234567,2026-01-30,5,3.749,A
1900011234567,2026-01-30,6,4.014,A
1900011234567,2026-01-30,7,3.856,A
1900011234567,2026-01-30,8,3.788,A
1900011234567,2026-01-30,9,3.73,A
1900011234567,2026-01-30,10,3.919,A
1900011234567,2026-01-30,11,3.929,A
1900011234567,2026-01-30,12,3.614,A
1900011234567,2026-01-30,13,3.718,A
1900011234567,2026-01-30,14,10.176,A
1900011234567,2026-01-30,15,17.323,A
1900011234567,2026-01-30,16,23.33,A
1900011234567,2026-01-30,17,23.799,A
1900011234567,2026-01-30,18,23.603,A
1900011234567,2026-01-30,19,24.882,A
1900011234567,2026-01-30,20,24.903,A
1900011234567,2026-01-30,21,23.558,A
1900011234567,2026-01-30,22,24.281,A
1900011234567,2026-01-30,23,23.923,A
1900011234567,2026-01-30,24,22.718,A
1900011234567,2026-01-30,25,23.916,A
1900011234567,2026-01-30,26,22.685,A
1900011234567,2026-01-30,27,22.334,A
1900011234567,2026-01-30,28,24.558,A
1900011234567,2026-01-30,29,24.563,A
1900011234567,2026-01-30,30,23.064,A
1900011234567,2026-01-30,31,24.551,A
1900011234567,2026-01-30,32,24.409,A
1900011234567,2026-01-30,33,23.263,A
1900011234567,2026-01-30,34,24.259,A
1900011234567,2026-01-30,35,24.527,A
1900011234567,2026-01-30,36,23.276,A
1900011234567,2026-01-30,37,24.73,A
1900011234567,2026-01-30,38,24.989,A
1900011234567,2026-01-30,39,22.878,A
1900011234567,2026-01-30,40,24.913,A
1900011234567,2026-01-30,41,24.297,A
1900011234567,2026-01-30,42,22.834,A
1900011234567,2026-01-30,43,17.933,A
1900011234567,2026-01-30,44,10.739,A
1900011234567,2026-01-30,45,3.937,A
1900011234567,2026-01-30,46,3.965,A
1900011234567,2026-01-30,47,3.663,A
1900011234567,2026-01-30,48,3.68,A
1900011234567,2026-01-31,1,3.906,A
1900011234567,2026-01-31,2,3.809,A
1900011234567,2026-01-31,3,3.701,A
1900011234567,2026-01-31,4,3.95,A
1900011234567,2026-01-31,5,3.657,A
1900011234567,2026-01-31,6,3.714,A
1900011234567,2026-01-31,7,3.663,A
1900011234567,2026-01-31,8,3.645,A
1900011234567,2026-01-31,9,3.826,A
1900011234567,2026-01-31,10,3.862,A
1900011234567,2026-01-31,11,3.783,A
1900011234567,2026-01-31,12,3.908,A
1900011234567,2026-01-31,13,3.971,A
1900011234567,2026-01-31,14,3.956,A
1900011234567,2026-01-31,15,3.841,A
1900011234567,2026-01-31,16,4.007,A
1900011234567,2026-01-31,17,8.584,A
1900011234567,2026-01-31,18,8.639,A
1900011234567,2026-01-31,19,8.211,A
1900011234567,2026-01-31,20,8.63,A
1900011234567,2026-01-31,21,7.733,A
1900011234567,2026-01-31,22,8.036,A
1900011234567,2026-01-31,23,8.182,A
1900011234567,2026-01-31,24,7.703,A
1900011234567,2026-01-31,25,8.542,A
1900011234567,2026-01-31,26,7.767,A
1900011234567,2026-01-31,27,8.228,A
1900011234567,2026-01-31,28,8.407,A
1900011234567,2026-01-31,29,8.16,A
1900011234567,2026-01-31,30,7.703,A
1900011234567,2026-01-31,31,8.608,A
1900011234567,2026-01-31,32,7.746,A
1900011234567,2026-01-31,33,3.67,A
1900011234567,2026-01-31,34,3.799,A
1900011234567,2026-01-31,35,3.74,A
1900011234567,2026-01-31,36,4.044,A
1900011234567,2026-01-31,37,3.699,A
1900011234567,2026-01-31,38,3.898,A
1900011234567,2026-01-31,39,3.879,A
1900011234567,2026-01-31,40,3.877,A
1900011234567,2026-01-31,41,3.963,A
1900011234567,2026-01-31,42,3.751,A
1900011234567,2026-01-31,43,3.925,A
1900011234567,2026-01-31,44,3.694,A
1900011234567,2026-01-31,45,3.722,A
1900011234567,2026-01-31,46,3.859,A
1900011234567,2026-01-31,47,3.972,A
1900011234567,2026-01-31,48,3.649,A
1900011234567,2026-02-01,1,4.03,A
1900011234567,2026-02-01,2,3.801,A
1900011234567,2026-02-01,3,3.786,A
1900011234567,2026-02-01,4,3.87,A
1900011234567,2026-02-01,5,3.835,A
1900011234567,2026-02-01,6,3.958,A
1900011234567,2026-02-01,7,3.62,A
1900011234567,2026-02-01,8,3.801,A
1900011234567,2026-02-01,9,4.016,A
1900011234567,2026-02-01,10,3.816,A
1900011234567,2026-02-01,11,3.975,A
1900011234567,2026-02-01,12,3.721,A
1900011234567,2026-02-01,13,3.911,A
1900011234567,2026-02-01,14,3.64,A
1900011234567,2026-02-01,15,3.818,A
1900011234567,2026-02-01,16,3.643,A
1900011234567,2026-02-01,17,8.102,A
1900011234567,2026-02-01,18,7.722,A
1900011234567,2026-02-01,19,8.562,A
1900011234567,2026-02-01,20,8.618,A
1900011234567,2026-02-01,21,8.294,A
1900011234567,2026-02-01,22,7.998,A
1900011234567,2026-02-01,23,8.214,A
1900011234567,2026-02-01,24,8.305,A
1900011234567,2026-02-01,25,8.55,A
1900011234567,2026-02-01,26,7.986,A
1900011234567,2026-02-01,27,8.574,A
1900011234567,2026-02-01,28,8.401,A
1900011234567,2026-02-01,29,8.075,A
1900011234567,2026-02-01,30,8.482,A
1900011234567,2026-02-01,31,7.96,A
1900011234567,2026-02-01,32,7.824,A
1900011234567,2026-02-01,33,3.636,A
1900011234567,2026-02-01,34,3.718,A
1900011234567,2026-02-01,35,3.894,A
1900011234567,2026-02-01,36,3.81,A
1900011234567,2026-02-01,37,4.056,A
1900011234567,2026-02-01,38,3.621,A
1900011234567,2026-02-01,39,3.781,A
1900011234567,2026-02-01,40,3.87,A
1900011234567,2026-02-01,41,3.951,A
1900011234567,2026-02-01,42,3.674,A
1900011234567,2026-02-01,43,4.028,A
1900011234567,2026-02-01,44,3.908,A
1900011234567,2026-02-01,45,4.009,A
1900011234567,2026-02-01,46,3.909,A
1900011234567,2026-02-01,47,3.957,A
1900011234567,2026-02-01,48,3.819,A
1900011234567,2026-02-02,1,3.701,A
1900011234567,2026-02-02,2,3.93,A
1900011234567,2026-02-02,3,3.629,A
1900011234567,2026-02-02,4,3.764,A
1900011234567,2026-02-02,5,3.754,A
1900011234567,2026-02-02,6,3.768,A
1900011234567,2026-02-02,7,3.953,A
1900011234567,2026-02-02,8,3.842,A
1900011234567,2026-02-02,9,4.057,A
1900011234567,2026-02-02,10,3.704,A
1900011234567,2026-02-02,11,3.968,A
1900011234567,2026-02-02,12,3.86,A
1900011234567,2026-02-02,13,3.646,A
1900011234567,2026-02-02,14,11.035,A
1900011234567,2026-02-02,15,16.613,A
1900011234567,2026-02-02,16,22.864,A
1900011234567,2026-02-02,17,22.833,A
1900011234567,2026-02-02,18,24.764,A
1900011234567,2026-02-02,19,22.981,A
1900011234567,2026-02-02,20,24.77,A
1900011234567,2026-02-02,21,23.316,A
1900011234567,2026-02-02,22,24.668,A
1900011234567,2026-02-02,23,22.902,A
1900011234567,2026-02-02,24,22.695,A
1900011234567,2026-02-02,25,24.702,A
1900011234567,2026-02-02,26,22.446,A
1900011234567,2026-02-02,27,24.986,A
1900011234567,2026-02-02,28,22.593,A
1900011234567,2026-02-02,29,23.087,A
1900011234567,2026-02-02,30,24.419,A
1900011234567,2026-02-02,31,23.335,A
1900011234567,2026-02-02,32,24.84,A
1900011234567,2026-02-02,33,23.097,A
1900011234567,2026-02-02,34,23.294,A
1900011234567,2026-02-02,35,22.556,A
1900011234567,2026-02-02,36,24.091,A
1900011234567,2026-02-02,37,23.553,A
1900011234567,2026-02-02,38,24.125,A
1900011234567,2026-02-02,39,23.862,A
1900011234567,2026-02-02,40,24.267,A
1900011234567,2026-02-02,41,23.828,A
1900011234567,2026-02-02,42,22.643,A
1900011234567,2026-02-02,43,16.215,A
1900011234567,2026-02-02,44,11.002,A
1900011234567,2026-02-02,45,4.048,A
1900011234567,2026-02-02,46,3.93,A
1900011234567,2026-02-02,47,3.909,A
1900011234567,2026-02-02,48,4.012,A
1900011234567,2026-02-03,1,3.698,A
1900011234567,2026-02-03,2,4.027,A
1900011234567,2026-02-03,3,3.759,A
1900011234567,2026-02-03,4,3.769,A
1900011234567,2026-02-03,5,3.8,A
1900011234567,2026-02-03,6,3.649,A
1900011234567,2026-02-03,7,4.053,A
1900011234567,2026-02-03,8,3.837,A
1900011234567,2026-02-03,9,3.82,A
1900011234567,2026-02-03,10,3.714,A
1900011234567,2026-02-03,11,4.058,A
1900011234567,2026-02-03,12,3.739,A
1900011234567,2026-02-03,13,3.817,A
1900011234567,2026-02-03,14,10.239,A
1900011234567,2026-02-03,15,17.163,A
1900011234567,2026-02-03,16,23.679,A
1900011234567,2026-02-03,17,24.86,A
1900011234567,2026-02-03,18,23.202,A
1900011234567,2026-02-03,19,24.248,A
1900011234567,2026-02-03,20,23.233,A
1900011234567,2026-02-03,21,23.312,A
1900011234567,2026-02-03,22,24.624,A
1900011234567,2026-02-03,23,23.795,A
1900011234567,2026-02-03,24,23.101,A
1900011234567,2026-02-03,25,24.358,A
1900011234567,2026-02-03,26,22.447,A
1900011234567,2026-02-03,27,24.587,A
1900011234567,2026-02-03,28,22.597,A
1900011234567,2026-02-03,29,24.266,A
1900011234567,2026-02-03,30,22.41,A
1900011234567,2026-02-03,31,23.224,A
1900011234567,2026-02-03,32,24.317,A
1900011234567,2026-02-03,33,22.914,A
1900011234567,2026-02-03,34,22.389,A
1900011234567,2026-02-03,35,22.343,A
1900011234567,2026-02-03,36,23.91,A
1900011234567,2026-02-03,37,24.025,A
1900011234567,2026-02-03,38,22.65,A
1900011234567,2026-02-03,39,22.269,A
1900011234567,2026-02-03,40,23.641,A
1900011234567,2026-02-03,41,23.887,A
1900011234567,2026-02-03,42,24.418,A
1900011234567,2026-02-03,43,17.612,A
1900011234567,2026-02-03,44,9.887,A
1900011234567,2026-02-03,45,3.716,A
1900011234567,2026-02-03,46,3.624,A
1900011234567,2026-02-03,47,3.69,A
1900011234567,2026-02-03,48,3.651,A
1900011234567,2026-02-04,1,4.039,A
1900011234567,2026-02-04,2,3.917,A
1900011234567,2026-02-04,3,3.606,A
1900011234567,2026-02-04,4,3.944,A
1900011234567,2026-02-04,5,3.981,A
1900011234567,2026-02-04,6,3.885,A
1900011234567,2026-02-04,7,3.709,A
1900011234567,2026-02-04,8,3.726,A
1900011234567,2026-02-04,9,3.955,A
1900011234567,2026-02-04,10,3.654,A
1900011234567,2026-02-04,11,3.936,A
1900011234567,2026-02-04,12,4.047,A
1900011234567,2026-02-04,13,3.616,A
1900011234567,2026-02-04,14,10.429,A
1900011234567,2026-02-04,15,17.54,A
1900011234567,2026-02-04,16,24.029,A
1900011234567,2026-02-04,17,24.188,A
1900011234567,2026-02-04,18,23.367,A
1900011234567,2026-02-04,19,23.698,A
1900011234567,2026-02-04,20,22.699,A
1900011234567,2026-02-04,21,24.886,A
1900011234567,2026-02-04,22,24.914,A
1900011234567,2026-02-04,23,22.389,A
1900011234567,2026-02-04,24,22.946,A
1900011234567,2026-02-04,25,23.17,A
1900011234567,2026-02-04,26,24.456,A
1900011234567,2026-02-04,27,23.304,A
1900011234567,2026-02-04,28,22.586,A
1900011234567,2026-02-04,29,23.455,A
1900011234567,2026-02-04,30,23.141,A
1900011234567,2026-02-04,31,23.734,A
1900011234567,2026-02-04,32,22.255,A
1900011234567,2026-02-04,33,23.289,A
1900011234567,2026-02-04,34,23.902,A
1900011234567,2026-02-04,35,24.369,A
1900011234567,2026-02-04,36,23.415,A
1900011234567,2026-02-04,37,23.354,A
1900011234567,2026-02-04,38,23.96,A
1900011234567,2026-02-04,39,23.595,A
1900011234567,2026-02-04,40,22.916,A
1900011234567,2026-02-04,41,24.698,A
1900011234567,2026-02-04,42,24.033,A
1900011234567,2026-02-04,43,16.581,A
1900011234567,2026-02-04,44,9.91,A
1900011234567,2026-02-04,45,3.748,A
1900011234567,2026-02-04,46,3.73,A
1900011234567,2026-02-04,47,3.919,A
1900011234567,2026-02-04,48,4.055,A
1900011234567,2026-02-05,1,3.829,A
1900011234567,2026-02-05,2,4.053,A
1900011234567,2026-02-05,3,3.928,A
1900011234567,2026-02-05,4,3.902,A
1900011234567,2026-02-05,5,3.923,A
1900011234567,2026-02-05,6,3.608,A
1900011234567,2026-02-05,7,3.839,A
1900011234567,2026-02-05,8,3.943,A
1900011234567,2026-02-05,9,4.026,A
1900011234567,2026-02-05,10,3.82,A
1900011234567,2026-02-05,11,3.778,A
1900011234567,2026-02-05,12,3.687,A
1900011234567,2026-02-05,13,4.048,A
1900011234567,2026-02-05,14,10.391,A
1900011234567,2026-02-05,15,16.77,A
1900011234567,2026-02-05,16,24.786,A
1900011234567,2026-02-05,17,22.842,A
1900011234567,2026-02-05,18,23.583,A
1900011234567,2026-02-05,19,23.327,A
1900011234567,2026-02-05,20,24.466,A
1900011234567,2026-02-05,21,22.691,A
1900011234567,2026-02-05,22,24.593,A
1900011234567,2026-02-05,23,23.24,A
1900011234567,2026-02-05,24,23.691,A
1900011234567,2026-02-05,25,23.145,A
1900011234567,2026-02-05,26,22.93,A
1900011234567,2026-02-05,27,23.349,A
1900011234567,2026-02-05,28,22.903,A
1900011234567,2026-02-05,29,22.508,A
1900011234567,2026-02-05,30,24.991,A
1900011234567,2026-02-05,31,24.195,A
1900011234567,2026-02-05,32,23.62,A
1900011234567,2026-02-05,33,24.388,A
1900011234567,2026-02-05,34,22.281,A
1900011234567,2026-02-05,35,22.609,A
1900011234567,2026-02-05,36,22.209,A
1900011234567,2026-02-05,37,23.1,A
1900011234567,2026-02-05,38,23.148,A
1900011234567,2026-02-05,39,24.152,A
1900011234567,2026-02-05,40,22.243,A
1900011234567,2026-02-05,41,23.293,A
1900011234567,2026-02-05,42,23.483,A
1900011234567,2026-02-05,43,16.886,A
1900011234567,2026-02-05,44,10.759,A
1900011234567,2026-02-05,45,3.819,A
1900011234567,2026-02-05,46,3.612,A
1900011234567,2026-02-05,47,3.751,A
1900011234567,2026-02-05,48,3.699,A
1900011234567,2026-02-06,1,3.903,A
1900011234567,2026-02-06,2,4.021,A
1900011234567,2026-02-06,3,3.75,A
1900011234567,2026-02-06,4,3.981,A
1900011234567,2026-02-06,5,3.973,A
1900011234567,2026-02-06,6,4.015,A
1900011234567,2026-02-06,7,3.951,A
1900011234567,2026-02-06,8,3.936,A
1900011234567,2026-02-06,9,3.973,A
1900011234567,2026-02-06,10,3.738,A
1900011234567,2026-02-06,11,3.81,A
1900011234567,2026-02-06,12,4.052,A
1900011234567,2026-02-06,13,4.03,A
1900011234567,2026-02-06,14,10.968,A
1900011234567,2026-02-06,15,16.881,A
1900011234567,2026-02-06,16,24.039,A
1900011234567,2026-02-06,17,23.218,A
1900011234567,2026-02-06,18,24.472,A
1900011234567,2026-02-06,19,24.635,A
1900011234567,2026-02-06,20,24.032,A
1900011234567,2026-02-06,21,23.581,A
1900011234567,2026-02-06,22,24.217,A
1900011234567,2026-02-06,23,22.781,A
1900011234567,2026-02-06,24,22.234,A
1900011234567,2026-02-06,25,24.275,A
1900011234567,2026-02-06,26,24.619,A
1900011234567,2026-02-06,27,22.672,A
1900011234567,2026-02-06,28,23.371,A
1900011234567,2026-02-06,29,23.652,A
1900011234567,2026-02-06,30,22.461,A
1900011234567,2026-02-06,31,24.963,A
1900011234567,2026-02-06,32,24.164,A
1900011234567,2026-02-06,33,22.676,A
1900011234567,2026-02-06,34,23.085,A
1900011234567,2026-02-06,35,22.919,A
1900011234567,2026-02-06,36,22.69,A
1900011234567,2026-02-06,37,22.452,A
1900011234567,2026-02-06,38,23.733,A
1900011234567,2026-02-06,39,23.871,A
1900011234567,2026-02-06,40,23.67,A
1900011234567,2026-02-06,41,24.077,A
1900011234567,2026-02-06,42,22.352,A
1900011234567,2026-02-06,43,16.878,A
1900011234567,2026-02-06,44,10.506,A
1900011234567,2026-02-06,45,3.907,A
1900011234567,2026-02-06,46,3.689,A
1900011234567,2026-02-06,47,3.998,A
1900011234567,2026-02-06,48,3.974,A
1900011234567,2026-02-07,1,3.838,A
1900011234567,2026-02-07,2,3.782,A
1900011234567,2026-02-07,3,3.648,A
1900011234567,2026-02-07,4,3.811,A
1900011234567,2026-02-07,5,4.023,A
1900011234567,2026-02-07,6,3.754,A
1900011234567,2026-02-07,7,3.972,A
1900011234567,2026-02-07,8,3.942,A
1900011234567,2026-02-07,9,3.738,A
1900011234567,2026-02-07,10,3.935,A
1900011234567,2026-02-07,11,3.769,A
1900011234567,2026-02-07,12,3.658,A
1900011234567,2026-02-07,13,3.972,A
1900011234567,2026-02-07,14,3.878,A
1900011234567,2026-02-07,15,3.683,A
1900011234567,2026-02-07,16,3.974,A
1900011234567,2026-02-07,17,8.209,A
1900011234567,2026-02-07,18,8.185,A
1900011234567,2026-02-07,19,8.074,A
1900011234567,2026-02-07,20,7.882,A
1900011234567,2026-02-07,21,8.358,A
1900011234567,2026-02-07,22,8.349,A
1900011234567,2026-02-07,23,8.245,A
1900011234567,2026-02-07,24,7.782,A
1900011234567,2026-02-07,25,8.573,A
1900011234567,2026-02-07,26,8.285,A
1900011234567,2026-02-07,27,7.72,A
1900011234567,2026-02-07,28,8.393,A
1900011234567,2026-02-07,29,8.444,A
1900011234567,2026-02-07,30,8.645,A
1900011234567,2026-02-07,31,8.668,A
1900011234567,2026-02-07,32,7.882,A
1900011234567,2026-02-07,33,3.622,A
1900011234567,2026-02-07,34,3.657,A
1900011234567,2026-02-07,35,4.023,A
1900011234567,2026-02-07,36,3.855,A
1900011234567,2026-02-07,37,3.68,A
1900011234567,2026-02-07,38,3.643,A
1900011234567,2026-02-07,39,3.902,A
1900011234567,2026-02-07,40,3.828,A
1900011234567,2026-02-07,41,3.833,A
1900011234567,2026-02-07,42,3.974,A
1900011234567,2026-02-07,43,4.016,A
1900011234567,2026-02-07,44,3.672,A
1900011234567,2026-02-07,45,3.864,A
1900011234567,2026-02-07,46,3.814,A
1900011234567,2026-02-07,47,3.68,A
1900011234567,2026-02-07,48,3.983,A
1900011234567,2026-02-08,1,3.848,A
1900011234567,2026-02-08,2,3.813,A
1900011234567,2026-02-08,3,4.041,A
1900011234567,2026-02-08,4,3.725,A
1900011234567,2026-02-08,5,3.779,A
1900011234567,2026-02-08,6,4.053,A
1900011234567,2026-02-08,7,3.672,A
1900011234567,2026-02-08,8,4.038,A
1900011234567,2026-02-08,9,3.829,A
1900011234567,2026-02-08,10,3.794,A
1900011234567,2026-02-08,11,3.747,A
1900011234567,2026-02-08,12,3.756,A
1900011234567,2026-02-08,13,3.75,A
1900011234567,2026-02-08,14,3.79,A
1900011234567,2026-02-08,15,3.827,A
1900011234567,2026-02-08,16,3.864,A
1900011234567,2026-02-08,17,8.164,A
1900011234567,2026-02-08,18,8.258,A
1900011234567,2026-02-08,19,8.56,A
1900011234567,2026-02-08,20,8.357,A
1900011234567,2026-02-08,21,8.165,A
1900011234567,2026-02-08,22,7.76,A
1900011234567,2026-02-08,23,8.652,A
1900011234567,2026-02-08,24,8.642,A
1900011234567,2026-02-08,25,8.514,A
1900011234567,2026-02-08,26,7.888,A
1900011234567,2026-02-08,27,7.737,A
1900011234567,2026-02-08,28,7.904,A
1900011234567,2026-02-08,29,8.4,A
1900011234567,2026-02-08,30,7.805,A
1900011234567,2026-02-08,31,7.959,A
1900011234567,2026-02-08,32,8.3,A
1900011234567,2026-02-08,33,3.896,A
1900011234567,2026-02-08,34,3.667,A
1900011234567,2026-02-08,35,4.034,A
1900011234567,2026-02-08,36,3.99,A
1900011234567,2026-02-08,37,3.97,A
1900011234567,2026-02-08,38,3.77,A
1900011234567,2026-02-08,39,4.058,A
1900011234567,2026-02-08,40,3.627,A
1900011234567,2026-02-08,41,3.732,A
1900011234567,2026-02-08,42,4.062,A
1900011234567,2026-02-08,43,3.86,A
1900011234567,2026-02-08,44,3.778,A
1900011234567,2026-02-08,45,3.668,A
1900011234567,2026-02-08,46,3.927,A
1900011234567,2026-02-08,47,3.671,A
1900011234567,2026-02-08,48,4.029,A
1900011234567,2026-02-09,1,3.97,A
1900011234567,2026-02-09,2,3.988,A
1900011234567,2026-02-09,3,3.975,A
1900011234567,2026-02-09,4,3.812,A
1900011234567,2026-02-09,5,3.789,A
1900011234567,2026-02-09,6,3.674,A
1900011234567,2026-02-09,7,3.984,A
1900011234567,2026-02-09,8,3.754,A
1900011234567,2026-02-09,9,3.825,A
1900011234567,2026-02-09,10,4.016,A
1900011234567,2026-02-09,11,3.68,A
1900011234567,2026-02-09,12,4.041,A
1900011234567,2026-02-09,13,3.696,A
1900011234567,2026-02-09,14,10.151,A
1900011234567,2026-02-09,15,17.86,A
1900011234567,2026-02-09,16,22.385,A
1900011234567,2026-02-09,17,24.186,A
1900011234567,2026-02-09,18,22.262,A
1900011234567,2026-02-09,19,22.356,A
1900011234567,2026-02-09,20,22.497,A
1900011234567,2026-02-09,21,24.058,A
1900011234567,2026-02-09,22,22.911,A
1900011234567,2026-02-09,23,22.495,A
1900011234567,2026-02-09,24,22.949,A
1900011234567,2026-02-09,25,24.302,A
1900011234567,2026-02-09,26,24.881,A
1900011234567,2026-02-09,27,23.145,A
1900011234567,2026-02-09,28,22.764,A
1900011234567,2026-02-09,29,23.629,A
1900011234567,2026-02-09,30,24.445,A
1900011234567,2026-02-09,31,22.866,A
1900011234567,2026-02-09,32,24.045,A
1900011234567,2026-02-09,33,22.545,A
1900011234567,2026-02-09,34,22.292,A
1900011234567,2026-02-09,35,23.447,A
1900011234567,2026-02-09,36,24.069,A
1900011234567,2026-02-09,37,23.136,A
1900011234567,2026-02-09,38,24.588,A
1900011234567,2026-02-09,39,22.832,A
1900011234567,2026-02-09,40,23.806,A
1900011234567,2026-02-09,41,22.473,A
1900011234567,2026-02-09,42,24.641,A
1900011234567,2026-02-09,43,16.62,A
1900011234567,2026-02-09,44,10.424,A
1900011234567,2026-02-09,45,3.929,A
1900011234567,2026-02-09,46,3.993,A
1900011234567,2026-02-09,47,3.781,A
1900011234567,2026-02-09,48,3.691,A
1900011234567,2026-02-10,1,3.897,A
1900011234567,2026-02-10,2,4.039,A
1900011234567,2026-02-10,3,3.741,A
1900011234567,2026-02-10,4,3.723,A
1900011234567,2026-02-10,5,3.821,A
1900011234567,2026-02-10,6,3.736,A
1900011234567,2026-02-10,7,3.992,A
1900011234567,2026-02-10,8,3.912,A
1900011234567,2026-02-10,9,3.862,A
1900011234567,2026-02-10,10,3.879,A
1900011234567,2026-02-10,11,3.85,A
1900011234567,2026-02-10,12,3.798,A
1900011234567,2026-02-10,13,4.007,A
1900011234567,2026-02-10,14,10.627,A
1900011234567,2026-02-10,15,17.047,A
1900011234567,2026-02-10,16,23.047,A
1900011234567,2026-02-10,17,22.858,A
1900011234567,2026-02-10,18,23.914,A
1900011234567,2026-02-10,19,24.928,A
1900011234567,2026-02-10,20,22.591,A
1900011234567,2026-02-10,21,24.551,A
1900011234567,2026-02-10,22,24.034,A
1900011234567,2026-02-10,23,22.851,A
1900011234567,2026-02-10,24,24.596,A
1900011234567,2026-02-10,25,23.503,A
1900011234567,2026-02-10,26,23.232,A
1900011234567,2026-02-10,27,22.763,A
1900011234567,2026-02-10,28,22.497,A
1900011234567,2026-02-10,29,22.589,A
1900011234567,2026-02-10,30,24.949,A
1900011234567,2026-02-10,31,23.567,A
1900011234567,2026-02-10,32,23.959,A
1900011234567,2026-02-10,33,23.563,A
1900011234567,2026-02-10,34,23.405,A
1900011234567,2026-02-10,35,24.354,A
1900011234567,2026-02-10,36,24.8,A
1900011234567,2026-02-10,37,22.433,A
1900011234567,2026-02-10,38,24.234,A
1900011234567,2026-02-10,39,24.029,A
1900011234567,2026-02-10,40,22.191,A
1900011234567,2026-02-10,41,24.51,A
1900011234567,2026-02-10,42,22.591,A
1900011234567,2026-02-10,43,16.546,A
1900011234567,2026-02-10,44,10.131,A
1900011234567,2026-02-10,45,3.816,A
1900011234567,2026-02-10,46,3.662,A
1900011234567,2026-02-10,47,3.688,A
1900011234567,2026-02-10,48,3.975,A
1900011234567,2026-02-11,1,3.965,A
1900011234567,2026-02-11,2,3.785,A
1900011234567,2026-02-11,3,3.67,A
1900011234567,2026-02-11,4,4.009,A
1900011234567,2026-02-11,5,3.96,A
1900011234567,2026-02-11,6,3.977,A
1900011234567,2026-02-11,7,3.613,A
1900011234567,2026-02-11,8,3.772,A
1900011234567,2026-02-11,9,3.605,A
1900011234567,2026-02-11,10,3.84,A
1900011234567,2026-02-11,11,3.841,A
1900011234567,2026-02-11,12,4.063,A
1900011234567,2026-02-11,13,3.638,A
1900011234567,2026-02-11,14,10.515,A
1900011234567,2026-02-11,15,16.315,A
1900011234567,2026-02-11,16,24.873,A
1900011234567,2026-02-11,17,23.746,A
1900011234567,2026-02-11,18,24.217,A
1900011234567,2026-02-11,19,23.584,A
1900011234567,2026-02-11,20,24.185,A
1900011234567,2026-02-11,21,24.605,A
1900011234567,2026-02-11,22,23.456,A
1900011234567,2026-02-11,23,23.713,A
1900011234567,2026-02-11,24,24.414,A
1900011234567,2026-02-11,25,23.134,A
1900011234567,2026-02-11,26,24.207,A
1900011234567,2026-02-11,27,22.295,A
1900011234567,2026-02-11,28,23.8,A
1900011234567,2026-02-11,29,24.728,A
1900011234567,2026-02-11,30,24.594,A
1900011234567,2026-02-11,31,25.012,A
1900011234567,2026-02-11,32,23.028,A
1900011234567,2026-02-11,33,24.571,A
1900011234567,2026-02-11,34,22.995,A
1900011234567,2026-02-11,35,23.299,A
1900011234567,2026-02-11,36,23.176,A
1900011234567,2026-02-11,37,24.887,A
1900011234567,2026-02-11,38,24.813,A
1900011234567,2026-02-11,39,22.69,A
1900011234567,2026-02-11,40,24.21,A
1900011234567,2026-02-11,41,22.458,A
1900011234567,2026-02-11,42,23.143,A
1900011234567,2026-02-11,43,17.111,A
1900011234567,2026-02-11,44,10.858,A
1900011234567,2026-02-11,45,3.88,A
1900011234567,2026-02-11,46,3.932,A
1900011234567,2026-02-11,47,3.986,A
1900011234567,2026-02-11,48,3.859,A
1900011234567,2026-02-12,1,3.79,A
1900011234567,2026-02-12,2,3.687,A
1900011234567,2026-02-12,3,3.85,A
1900011234567,2026-02-12,4,3.66,A
1900011234567,2026-02-12,5,4.037,A
1900011234567,2026-02-12,6,4.024,A
1900011234567,2026-02-12,7,3.725,A
1900011234567,2026-02-12,8,3.688,A
1900011234567,2026-02-12,9,3.968,A
1900011234567,2026-02-12,10,3.716,A
1900011234567,2026-02-12,11,3.609,A
1900011234567,2026-02-12,12,3.701,A
1900011234567,2026-02-12,13,4.051,A
1900011234567,2026-02-12,14,10.645,A
1900011234567,2026-02-12,15,16.028,A
1900011234567,2026-02-12,16,24.146,A
1900011234567,2026-02-12,17,22.866,A
1900011234567,2026-02-12,18,24.363,A
1900011234567,2026-02-12,19,23.029,A
1900011234567,2026-02-12,20,22.752,A
1900011234567,2026-02-12,21,23.749,A
1900011234567,2026-02-12,22,24.45,A
1900011234567,2026-02-12,23,23.887,A
1900011234567,2026-02-12,24,22.99,A
1900011234567,2026-02-12,25,24.858,A
1900011234567,2026-02-12,26,22.212,A
1900011234567,2026-02-12,27,23.121,A
1900011234567,2026-02-12,28,24.067,A
1900011234567,2026-02-12,29,24.931,A
1900011234567,2026-02-12,30,24.878,A
1900011234567,2026-02-12,31,24.757,A
1900011234567,2026-02-12,32,24.607,A
1900011234567,2026-02-12,33,24.209,A
1900011234567,2026-02-12,34,22.332,A
1900011234567,2026-02-12,35,24.764,A
1900011234567,2026-02-12,36,22.551,A
1900011234567,2026-02-12,37,22.91,A
1900011234567,2026-02-12,38,23.737,A
1900011234567,2026-02-12,39,23.547,A
1900011234567,2026-02-12,40,24.042,A
1900011234567,2026-02-12,41,24.251,A
1900011234567,2026-02-12,42,23.768,A
1900011234567,2026-02-12,43,17.967,A
1900011234567,2026-02-12,44,9.83,A
1900011234567,2026-02-12,45,3.949,A
1900011234567,2026-02-12,46,3.915,A
1900011234567,2026-02-12,47,3.946,A
1900011234567,2026-02-12,48,3.872,A
1900011234567,2026-02-13,1,3.962,A
1900011234567,2026-02-13,2,4.005,A
1900011234567,2026-02-13,3,3.825,A
1900011234567,2026-02-13,4,3.882,A
1900011234567,2026-02-13,5,3.77,A
1900011234567,2026-02-13,6,3.904,A
1900011234567,2026-02-13,7,3.688,A
1900011234567,2026-02-13,8,3.945,A
1900011234567,2026-02-13,9,3.626,A
1900011234567,2026-02-13,10,3.731,A
1900011234567,2026-02-13,11,3.655,A
1900011234567,2026-02-13,12,3.78,A
1900011234567,2026-02-13,13,3.933,A
1900011234567,2026-02-13,14,10.432,A
1900011234567,2026-02-13,15,17.576,A
1900011234567,2026-02-13,16,25.004,A
1900011234567,2026-02-13,17,23.089,A
1900011234567,2026-02-13,18,22.505,A
1900011234567,2026-02-13,19,23.694,A
1900011234567,2026-02-13,20,22.862,A
1900011234567,2026-02-13,21,22.509,A
1900011234567,2026-02-13,22,22.415,A
1900011234567,2026-02-13,23,24.593,A
1900011234567,2026-02-13,24,22.691,A
1900011234567,2026-02-13,25,23.254,A
1900011234567,2026-02-13,26,23.977,A
1900011234567,2026-02-13,27,24.698,A
1900011234567,2026-02-13,28,23.177,A
1900011234567,2026-02-13,29,22.407,A
1900011234567,2026-02-13,30,24.343,A
1900011234567,2026-02-13,31,23.872,A
1900011234567,2026-02-13,32,23.012,A
1900011234567,2026-02-13,33,23.344,A
1900011234567,2026-02-13,34,23.995,A
1900011234567,2026-02-13,35,24.255,A
1900011234567,2026-02-13,36,23.952,A
1900011234567,2026-02-13,37,24.887,A
1900011234567,2026-02-13,38,24.545,A
1900011234567,2026-02-13,39,24.909,A
1900011234567,2026-02-13,40,23.946,A
1900011234567,2026-02-13,41,23.604,A
1900011234567,2026-02-13,42,22.744,A
1900011234567,2026-02-13,43,17.518,A
1900011234567,2026-02-13,44,10.143,A
1900011234567,2026-02-13,45,3.942,A
1900011234567,2026-02-13,46,3.755,A
1900011234567,2026-02-13,47,3.886,A
1900011234567,2026-02-13,48,3.665,A
1900011234567,2026-02-14,1,3.67,A
1900011234567,2026-02-14,2,4.036,A
1900011234567,2026-02-14,3,3.867,A
1900011234567,2026-02-14,4,4.041,A
1900011234567,2026-02-14,5,3.858,A
1900011234567,2026-02-14,6,3.925,A
1900011234567,2026-02-14,7,3.971,A
1900011234567,2026-02-14,8,4.048,A
1900011234567,2026-02-14,9,3.897,A
1900011234567,2026-02-14,10,3.808,A
1900011234567,2026-02-14,11,4.016,A
1900011234567,2026-02-14,12,3.954,A
1900011234567,2026-02-14,13,4.015,A
1900011234567,2026-02-14,14,3.932,A
1900011234567,2026-02-14,15,3.93,A
1900011234567,2026-02-14,16,3.919,A
1900011234567,2026-02-14,17,8.321,A
1900011234567,2026-02-14,18,8.406,A
1900011234567,2026-02-14,19,8.362,A
1900011234567,2026-02-14,20,8.576,A
1900011234567,2026-02-14,21,7.836,A
1900011234567,2026-02-14,22,8.033,A
1900011234567,2026-02-14,23,7.805,A
1900011234567,2026-02-14,24,8.164,A
1900011234567,2026-02-14,25,7.903,A
1900011234567,2026-02-14,26,8.331,A
1900011234567,2026-02-14,27,8.333,A
1900011234567,2026-02-14,28,8.12,A
1900011234567,2026-02-14,29,8.09,A
1900011234567,2026-02-14,30,8.198,A
1900011234567,2026-02-14,31,8.328,A
1900011234567,2026-02-14,32,8.01,A
1900011234567,2026-02-14,33,4.044,A
1900011234567,2026-02-14,34,3.827,A
1900011234567,2026-02-14,35,3.994,A
1900011234567,2026-02-14,36,3.948,A
1900011234567,2026-02-14,37,3.916,A
1900011234567,2026-02-14,38,3.853,A
1900011234567,2026-02-14,39,3.737,A
1900011234567,2026-02-14,40,3.835,A
1900011234567,2026-02-14,41,3.788,A
1900011234567,2026-02-14,42,3.649,A
1900011234567,2026-02-14,43,3.911,A
1900011234567,2026-02-14,44,3.743,A
1900011234567,2026-02-14,45,3.717,A
1900011234567,2026-02-14,46,3.811,A
1900011234567,2026-02-14,47,3.855,A
1900011234567,2026-02-14,48,3.692,A
1900011234567,2026-02-15,1,3.72,A
1900011234567,2026-02-15,2,3.887,A
1900011234567,2026-02-15,3,3.917,A
1900011234567,2026-02-15,4,3.67,A
1900011234567,2026-02-15,5,3.822,A
1900011234567,2026-02-15,6,3.737,A
1900011234567,2026-02-15,7,3.85,A
1900011234567,2026-02-15,8,4.012,A
1900011234567,2026-02-15,9,4.039,A
1900011234567,2026-02-15,10,4.05,A
1900011234567,2026-02-15,11,3.798,A
1900011234567,2026-02-15,12,3.678,A
1900011234567,2026-02-15,13,3.609,A
1900011234567,2026-02-15,14,3.77,A
1900011234567,2026-02-15,15,3.918,A
1900011234567,2026-02-15,16,4.027,A
1900011234567,2026-02-15,17,7.782,A
1900011234567,2026-02-15,18,7.725,A
1900011234567,2026-02-15,19,7.717,A
1900011234567,2026-02-15,20,8.504,A
1900011234567,2026-02-15,21,8.369,A
1900011234567,2026-02-15,22,8.603,A
1900011234567,2026-02-15,23,8.151,A
1900011234567,2026-02-15,24,8.042,A
1900011234567,2026-02-15,25,8.254,A
1900011234567,2026-02-15,26,7.937,A
1900011234567,2026-02-15,27,8.203,A
1900011234567,2026-02-15,28,8.535,A
1900011234567,2026-02-15,29,8.454,A
1900011234567,2026-02-15,30,8.259,A
1900011234567,2026-02-15,31,8.22,A
1900011234567,2026-02-15,32,7.936,A
1900011234567,2026-02-15,33,4.054,A
1900011234567,2026-02-15,34,3.734,A
1900011234567,2026-02-15,35,3.771,A
1900011234567,2026-02-15,36,3.95,A
1900011234567,2026-02-15,37,3.643,A
1900011234567,2026-02-15,38,3.948,A
1900011234567,2026-02-15,39,3.759,A
1900011234567,2026-02-15,40,3.964,A
1900011234567,2026-02-15,41,3.937,A
1900011234567,2026-02-15,42,3.767,A
1900011234567,2026-02-15,43,3.737,A
1900011234567,2026-02-15,44,3.697,A
1900011234567,2026-02-15,45,3.771,A
1900011234567,2026-02-15,46,4.02,A
1900011234567,2026-02-15,47,3.793,A
1900011234567,2026-02-15,48,3.965,A
1900011234567,2026-02-16,1,3.726,A
1900011234567,2026-02-16,2,3.902,A
1900011234567,2026-02-16,3,3.804,A
1900011234567,2026-02-16,4,4.053,A
1900011234567,2026-02-16,5,3.978,A
1900011234567,2026-02-16,6,4.036,A
1900011234567,2026-02-16,7,4.036,A
1900011234567,2026-02-16,8,3.785,A
1900011234567,2026-02-16,9,3.729,A
1900011234567,2026-02-16,10,3.835,A
1900011234567,2026-02-16,11,3.917,A
1900011234567,2026-02-16,12,3.971,A
1900011234567,2026-02-16,13,3.969,A
1900011234567,2026-02-16,14,10.109,A
1900011234567,2026-02-16,15,17.097,A
1900011234567,2026-02-16,16,23.979,A
1900011234567,2026-02-16,17,23.949,A
1900011234567,2026-02-16,18,23.116,A
1900011234567,2026-02-16,19,23.621,A
1900011234567,2026-02-16,20,22.458,A
1900011234567,2026-02-16,21,22.438,A
1900011234567,2026-02-16,22,23.778,A
1900011234567,2026-02-16,23,22.844,A
1900011234567,2026-02-16,24,24.397,A
1900011234567,2026-02-16,25,22.807,A
1900011234567,2026-02-16,26,22.862,A
1900011234567,2026-02-16,27,23.243,A
1900011234567,2026-02-16,28,22.382,A
1900011234567,2026-02-16,29,23.255,A
1900011234567,2026-02-16,30,22.76,A
1900011234567,2026-02-16,31,24.953,A
1900011234567,2026-02-16,32,22.716,A
1900011234567,2026-02-16,33,24.077,A
1900011234567,2026-02-16,34,22.393,A
1900011234567,2026-02-16,35,22.394,A
1900011234567,2026-02-16,36,23.829,A
1900011234567,2026-02-16,37,23.233,A
1900011234567,2026-02-16,38,24.143,A
1900011234567,2026-02-16,39,23.515,A
1900011234567,2026-02-16,40,22.539,A
1900011234567,2026-02-16,41,24.691,A
1900011234567,2026-02-16,42,23.47,A
1900011234567,2026-02-16,43,17.331,A
1900011234567,2026-02-16,44,10.854,A
1900011234567,2026-02-16,45,3.88,A
1900011234567,2026-02-16,46,3.658,A
1900011234567,2026-02-16,47,3.754,A
1900011234567,2026-02-16,48,3.815,A
1900011234567,2026-02-17,1,4.017,A
1900011234567,2026-02-17,2,4.041,A
1900011234567,2026-02-17,3,3.743,A
1900011234567,2026-02-17,4,3.883,A
1900011234567,2026-02-17,5,3.91,A
1900011234567,2026-02-17,6,3.777,A
1900011234567,2026-02-17,7,3.792,A
1900011234567,2026-02-17,8,3.963,A
1900011234567,2026-02-17,9,4.044,A
1900011234567,2026-02-17,10,3.809,A
1900011234567,2026-02-17,11,4.055,A
1900011234567,2026-02-17,12,3.702,A
1900011234567,2026-02-17,13,3.949,A
1900011234567,2026-02-17,14,10.19,A
1900011234567,2026-02-17,15,16.754,A
1900011234567,2026-02-17,16,23.806,A
1900011234567,2026-02-17,17,22.802,A
1900011234567,2026-02-17,18,23.871,A
1900011234567,2026-02-17,19,23.96,A
1900011234567,2026-02-17,20,23.46,A
1900011234567,2026-02-17,21,22.704,A
1900011234567,2026-02-17,22,22.733,A
1900011234567,2026-02-17,23,23.719,A
1900011234567,2026-02-17,24,24.334,A
1900011234567,2026-02-17,25,24.651,A
1900011234567,2026-02-17,26,23.064,A
1900011234567,2026-02-17,27,23.615,A
1900011234567,2026-02-17,28,24.172,A
1900011234567,2026-02-17,29,23.236,A
1900011234567,2026-02-17,30,24.393,A
1900011234567,2026-02-17,31,24.496,A
1900011234567,2026-02-17,32,24.165,A
1900011234567,2026-02-17,33,24.805,A
1900011234567,2026-02-17,34,22.262,A
1900011234567,2026-02-17,35,23.256,A
1900011234567,2026-02-17,36,23.226,A
1900011234567,2026-02-17,37,23.443,A
1900011234567,2026-02-17,38,22.829,A
1900011234567,2026-02-17,39,24.692,A
1900011234567,2026-02-17,40,23.713,A
1900011234567,2026-02-17,41,23.02,A
1900011234567,2026-02-17,42,24.437,A
1900011234567,2026-02-17,43,16.728,A
1900011234567,2026-02-17,44,9.978,A
1900011234567,2026-02-17,45,4.01,A
1900011234567,2026-02-17,46,4.003,A
1900011234567,2026-02-17,47,3.643,A
1900011234567,2026-02-17,48,3.845,A
1900011234567,2026-02-18,1,4.012,A
1900011234567,2026-02-18,2,3.795,A
1900011234567,2026-02-18,3,3.855,A
1900011234567,2026-02-18,4,3.762,A
1900011234567,2026-02-18,5,3.959,A
1900011234567,2026-02-18,6,3.72,A
1900011234567,2026-02-18,7,4.053,A
1900011234567,2026-02-18,8,3.925,A
1900011234567,2026-02-18,9,3.728,A
1900011234567,2026-02-18,10,3.921,A
1900011234567,2026-02-18,11,3.841,A
1900011234567,2026-02-18,12,3.809,A
1900011234567,2026-02-18,13,3.906,A
1900011234567,2026-02-18,14,10.511,A
1900011234567,2026-02-18,15,17.638,A
1900011234567,2026-02-18,16,23.098,A
1900011234567,2026-02-18,17,23.004,A
1900011234567,2026-02-18,18,22.835,A
1900011234567,2026-02-18,19,23.558,A
1900011234567,2026-02-18,20,22.627,A
1900011234567,2026-02-18,21,22.422,A
1900011234567,2026-02-18,22,24.659,A
1900011234567,2026-02-18,23,22.247,A
1900011234567,2026-02-18,24,22.286,A
1900011234567,2026-02-18,25,22.757,A
1900011234567,2026-02-18,26,23.521,A
1900011234567,2026-02-18,27,22.906,A
1900011234567,2026-02-18,28,22.623,A
1900011234567,2026-02-18,29,22.761,A
1900011234567,2026-02-18,30,24.247,A
1900011234567,2026-02-18,31,22.868,A
1900011234567,2026-02-18,32,23.306,A
1900011234567,2026-02-18,33,24.197,A
1900011234567,2026-02-18,34,23.544,A
1900011234567,2026-02-18,35,24.336,A
1900011234567,2026-02-18,36,24.685,A
1900011234567,2026-02-18,37,23.777,A
1900011234567,2026-02-18,38,24.702,A
1900011234567,2026-02-18,39,23.475,A
1900011234567,2026-02-18,40,24.468,A
1900011234567,2026-02-18,41,24.555,A
1900011234567,2026-02-18,42,24.803,A
1900011234567,2026-02-18,43,17.899,A
1900011234567,2026-02-18,44,10.303,A
1900011234567,2026-02-18,45,3.95,A
1900011234567,2026-02-18,46,3.854,A
1900011234567,2026-02-18,47,3.616,A
1900011234567,2026-02-18,48,3.768,A
1900011234567,2026-02-19,1,3.676,A
1900011234567,2026-02-19,2,3.803,A
1900011234567,2026-02-19,3,3.953,A
1900011234567,2026-02-19,4,3.942,A
1900011234567,2026-02-19,5,3.833,A
1900011234567,2026-02-19,6,3.695,A
1900011234567,2026-02-19,7,4.024,A
1900011234567,2026-02-19,8,3.917,A
1900011234567,2026-02-19,9,3.711,A
1900011234567,2026-02-19,10,3.775,A
1900011234567,2026-02-19,11,4.062,A
1900011234567,2026-02-19,12,3.719,A
1900011234567,2026-02-19,13,3.613,A
1900011234567,2026-02-19,14,10.008,A
1900011234567,2026-02-19,15,16.396,A
1900011234567,2026-02-19,16,24.867,A
1900011234567,2026-02-19,17,22.612,A
1900011234567,2026-02-19,18,24.643,A
1900011234567,2026-02-19,19,22.794,A
1900011234567,2026-02-19,20,23.579,A
1900011234567,2026-02-19,21,24.666,A
1900011234567,2026-02-19,22,24.584,A
1900011234567,2026-02-19,23,24.161,A
1900011234567,2026-02-19,24,24.486,A
1900011234567,2026-02-19,25,23.108,A
1900011234567,2026-02-19,26,23.766,A
1900011234567,2026-02-19,27,24.643,A
1900011234567,2026-02-19,28,24.85,A
1900011234567,2026-02-19,29,24.086,A
1900011234567,2026-02-19,30,22.436,A
1900011234567,2026-02-19,31,22.622,A
1900011234567,2026-02-19,32,23.682,A
1900011234567,2026-02-19,33,22.537,A
1900011234567,2026-02-19,34,22.216,A
1900011234567,2026-02-19,35,23.928,A
1900011234567,2026-02-19,36,24.194,A
1900011234567,2026-02-19,37,24.473,A
1900011234567,2026-02-19,38,22.681,A
1900011234567,2026-02-19,39,24.941,A
1900011234567,2026-02-19,40,23.89,A
1900011234567,2026-02-19,41,24.573,A
1900011234567,2026-02-19,42,24.328,A
1900011234567,2026-02-19,43,17.568,A
1900011234567,2026-02-19,44,10.309,A
1900011234567,2026-02-19,45,3.809,A
1900011234567,2026-02-19,46,4.039,A
1900011234567,2026-02-19,47,3.818,A
1900011234567,2026-02-19,48,3.737,A
1900011234567,2026-02-20,1,3.692,A
1900011234567,2026-02-20,2,4.019,A
1900011234567,2026-02-20,3,3.706,A
1900011234567,2026-02-20,4,3.934,A
1900011234567,2026-02-20,5,3.936,A
1900011234567,2026-02-20,6,3.72,A
1900011234567,2026-02-20,7,3.664,A
1900011234567,2026-02-20,8,3.727,A
1900011234567,2026-02-20,9,3.966,A
1900011234567,2026-02-20,10,3.909,A
1900011234567,2026-02-20,11,3.753,A
1900011234567,2026-02-20,12,3.917,A
1900011234567,2026-02-20,13,3.98,A
1900011234567,2026-02-20,14,10.741,A
1900011234567,2026-02-20,15,16.695,A
1900011234567,2026-02-20,16,24.567,A
1900011234567,2026-02-20,17,22.78,A
1900011234567,2026-02-20,18,22.258,A
1900011234567,2026-02-20,19,24.936,A
1900011234567,2026-02-20,20,22.449,A
1900011234567,2026-02-20,21,24.554,A
1900011234567,2026-02-20,22,22.469,A
1900011234567,2026-02-20,23,24.36,A
1900011234567,2026-02-20,24,24.025,A
1900011234567,2026-02-20,25,22.238,A
1900011234567,2026-02-20,26,24.889,A
1900011234567,2026-02-20,27,24.628,A
1900011234567,2026-02-20,28,23.376,A
1900011234567,2026-02-20,29,22.842,A
1900011234567,2026-02-20,30,22.891,A
1900011234567,2026-02-20,31,23.248,A
1900011234567,2026-02-20,32,24.338,A
1900011234567,2026-02-20,33,23.447,A
1900011234567,2026-02-20,34,24.561,A
1900011234567,2026-02-20,35,23.565,A
1900011234567,2026-02-20,36,24.434,A
1900011234567,2026-02-20,37,23.725,A
1900011234567,2026-02-20,38,23.766,A
1900011234567,2026-02-20,39,24.285,A
1900011234567,2026-02-20,40,22.531,A
1900011234567,2026-02-20,41,23.285,A
1900011234567,2026-02-20,42,22.784,A
1900011234567,2026-02-20,43,16.642,A
1900011234567,2026-02-20,44,10.792,A
1900011234567,2026-02-20,45,3.98,A
1900011234567,2026-02-20,46,3.612,A
1900011234567,2026-02-20,47,3.695,A
1900011234567,2026-02-20,48,4.011,A
1900011234567,2026-02-21,1,3.611,A
1900011234567,2026-02-21,2,3.688,A
1900011234567,2026-02-21,3,3.846,A
1900011234567,2026-02-21,4,3.744,A
1900011234567,2026-02-21,5,3.837,A
1900011234567,2026-02-21,6,3.776,A
1900011234567,2026-02-21,7,3.963,A
1900011234567,2026-02-21,8,3.763,A
1900011234567,2026-02-21,9,3.947,A
1900011234567,2026-02-21,10,3.662,A
1900011234567,2026-02-21,11,3.941,A
1900011234567,2026-02-21,12,3.944,A
1900011234567,2026-02-21,13,3.833,A
1900011234567,2026-02-21,14,3.634,A
1900011234567,2026-02-21,15,3.647,A
1900011234567,2026-02-21,16,3.881,A
1900011234567,2026-02-21,17,7.704,A
1900011234567,2026-02-21,18,8.453,A
1900011234567,2026-02-21,19,7.753,A
1900011234567,2026-02-21,20,7.975,A
1900011234567,2026-02-21,21,8.148,A
1900011234567,2026-02-21,22,7.982,A
1900011234567,2026-02-21,23,7.963,A
1900011234567,2026-02-21,24,8.287,A
1900011234567,2026-02-21,25,8.248,A
1900011234567,2026-02-21,26,8.428,A
1900011234567,2026-02-21,27,8.488,A
1900011234567,2026-02-21,28,8.089,A
1900011234567,2026-02-21,29,8.368,A
1900011234567,2026-02-21,30,8.601,A
1900011234567,2026-02-21,31,7.968,A
1900011234567,2026-02-21,32,8.353,A
1900011234567,2026-02-21,33,4.038,A
1900011234567,2026-02-21,34,3.66,A
1900011234567,2026-02-21,35,3.609,A
1900011234567,2026-02-21,36,3.811,A
1900011234567,2026-02-21,37,3.682,A
1900011234567,2026-02-21,38,3.851,A
1900011234567,2026-02-21,39,3.949,A
1900011234567,2026-02-21,40,3.799,A
1900011234567,2026-02-21,41,3.937,A
1900011234567,2026-02-21,42,3.702,A
1900011234567,2026-02-21,43,3.813,A
1900011234567,2026-02-21,44,3.812,A
1900011234567,2026-02-21,45,3.946,A
1900011234567,2026-02-21,46,4.054,A
1900011234567,2026-02-21,47,3.921,A
1900011234567,2026-02-21,48,3.95,A
1900011234567,2026-02-22,1,3.874,A
1900011234567,2026-02-22,2,4.024,A
1900011234567,2026-02-22,3,4.032,A
1900011234567,2026-02-22,4,3.961,A
1900011234567,2026-02-22,5,3.65,A
1900011234567,2026-02-22,6,3.79,A
1900011234567,2026-02-22,7,3.741,A
1900011234567,2026-02-22,8,3.692,A
1900011234567,2026-02-22,9,3.94,A
1900011234567,2026-02-22,10,4.026,A
1900011234567,2026-02-22,11,4.046,A
1900011234567,2026-02-22,12,3.665,A
1900011234567,2026-02-22,13,3.797,A
1900011234567,2026-02-22,14,3.896,A
1900011234567,2026-02-22,15,3.632,A
1900011234567,2026-02-22,16,4.05,A
1900011234567,2026-02-22,17,8.031,A
1900011234567,2026-02-22,18,8.167,A
1900011234567,2026-02-22,19,8.459,A
1900011234567,2026-02-22,20,8.306,A
1900011234567,2026-02-22,21,7.751,A
1900011234567,2026-02-22,22,7.826,A
1900011234567,2026-02-22,23,7.725,A
1900011234567,2026-02-22,24,8.039,A
1900011234567,2026-02-22,25,8.175,A
1900011234567,2026-02-22,26,7.746,A
1900011234567,2026-02-22,27,7.923,A
1900011234567,2026-02-22,28,8.276,A
1900011234567,2026-02-22,29,8.408,A
1900011234567,2026-02-22,30,8.167,A
1900011234567,2026-02-22,31,7.863,A
1900011234567,2026-02-22,32,7.944,A
1900011234567,2026-02-22,33,3.665,A
1900011234567,2026-02-22,34,4.065,A
1900011234567,2026-02-22,35,3.739,A
1900011234567,2026-02-22,36,3.835,A
1900011234567,2026-02-22,37,3.936,A
1900011234567,2026-02-22,38,4.03,A
1900011234567,2026-02-22,39,3.739,A
1900011234567,2026-02-22,40,3.859,A
1900011234567,2026-02-22,41,3.781,A
1900011234567,2026-02-22,42,4.002,A
1900011234567,2026-02-22,43,4.016,A
1900011234567,2026-02-22,44,3.626,A
1900011234567,2026-02-22,45,3.695,A
1900011234567,2026-02-22,46,3.66,A
1900011234567,2026-02-22,47,4.028,A
1900011234567,2026-02-22,48,3.916,A
1900011234567,2026-02-23,1,3.696,A
1900011234567,2026-02-23,2,3.921,A
1900011234567,2026-02-23,3,3.734,A
1900011234567,2026-02-23,4,3.749,A
1900011234567,2026-02-23,5,3.637,A
1900011234567,2026-02-23,6,3.963,A
1900011234567,2026-02-23,7,3.969,A
1900011234567,2026-02-23,8,3.732,A
1900011234567,2026-02-23,9,3.835,A
1900011234567,2026-02-23,10,3.798,A
1900011234567,2026-02-23,11,4.039,A
1900011234567,2026-02-23,12,3.999,A
1900011234567,2026-02-23,13,3.999,A
1900011234567,2026-02-23,14,10.206,A
1900011234567,2026-02-23,15,17.727,A
1900011234567,2026-02-23,16,23.592,A
1900011234567,2026-02-23,17,24.509,A
1900011234567,2026-02-23,18,24.817,A
1900011234567,2026-02-23,19,22.232,A
1900011234567,2026-02-23,20,22.84,A
1900011234567,2026-02-23,21,23.441,A
1900011234567,2026-02-23,22,22.583,A
1900011234567,2026-02-23,23,24.59,A
1900011234567,2026-02-23,24,24.184,A
1900011234567,2026-02-23,25,25.005,A
1900011234567,2026-02-23,26,24.551,A
1900011234567,2026-02-23,27,23.037,A
1900011234567,2026-02-23,28,24.921,A
1900011234567,2026-02-23,29,23.998,A
1900011234567,2026-02-23,30,23.787,A
1900011234567,2026-02-23,31,24.226,A
1900011234567,2026-02-23,32,24.763,A
1900011234567,2026-02-23,33,23.045,A
1900011234567,2026-02-23,34,23.078,A
1900011234567,2026-02-23,35,23.45,A
1900011234567,2026-02-23,36,24.089,A
1900011234567,2026-02-23,37,23.742,A
1900011234567,2026-02-23,38,23.919,A
1900011234567,2026-02-23,39,22.559,A
1900011234567,2026-02-23,40,24.941,A
1900011234567,2026-02-23,41,23.793,A
1900011234567,2026-02-23,42,24.019,A
1900011234567,2026-02-23,43,17.61,A
1900011234567,2026-02-23,44,10.587,A
1900011234567,2026-02-23,45,3.96,A
1900011234567,2026-02-23,46,3.84,A
1900011234567,2026-02-23,47,3.97,A
1900011234567,2026-02-23,48,3.743,A
1900011234567,2026-02-24,1,3.883,A
1900011234567,2026-02-24,2,3.808,A
1900011234567,2026-02-24,3,3.607,A
1900011234567,2026-02-24,4,3.986,A
1900011234567,2026-02-24,5,3.981,A
1900011234567,2026-02-24,6,3.784,A
1900011234567,2026-02-24,7,3.658,A
1900011234567,2026-02-24,8,3.839,A
1900011234567,2026-02-24,9,3.969,A
1900011234567,2026-02-24,10,3.698,A
1900011234567,2026-02-24,11,4.024,A
1900011234567,2026-02-24,12,3.967,A
1900011234567,2026-02-24,13,3.641,A
1900011234567,2026-02-24,14,11.049,A
1900011234567,2026-02-24,15,17.634,A
1900011234567,2026-02-24,16,24.836,A
1900011234567,2026-02-24,17,23.048,A
1900011234567,2026-02-24,18,24.24,A
1900011234567,2026-02-24,19,23.612,A
1900011234567,2026-02-24,20,24.911,A
1900011234567,2026-02-24,21,23.566,A
1900011234567,2026-02-24,22,22.368,A
1900011234567,2026-02-24,23,22.268,A
1900011234567,2026-02-24,24,22.572,A
1900011234567,2026-02-24,25,24.966,A
1900011234567,2026-02-24,26,24.818,A
1900011234567,2026-02-24,27,24.379,A
1900011234567,2026-02-24,28,24.828,A
1900011234567,2026-02-24,29,24.805,A
1900011234567,2026-02-24,30,24.679,A
1900011234567,2026-02-24,31,23.805,A
1900011234567,2026-02-24,32,24.776,A
1900011234567,2026-02-24,33,24.625,A
1900011234567,2026-02-24,34,24.163,A
1900011234567,2026-02-24,35,23.636,A
1900011234567,2026-02-24,36,23.814,A
1900011234567,2026-02-24,37,23.052,A
1900011234567,2026-02-24,38,24.209,A
1900011234567,2026-02-24,39,23.144,A
1900011234567,2026-02-24,40,23.016,A
1900011234567,2026-02-24,41,24.666,A
1900011234567,2026-02-24,42,24.264,A
1900011234567,2026-02-24,43,16.129,A
1900011234567,2026-02-24,44,10.804,A
1900011234567,2026-02-24,45,4.02,A
1900011234567,2026-02-24,46,3.975,A
1900011234567,2026-02-24,47,3.831,A
1900011234567,2026-02-24,48,3.931,A
1900011234567,2026-02-25,1,3.759,A
1900011234567,2026-02-25,2,3.84,A
1900011234567,2026-02-25,3,3.912,A
1900011234567,2026-02-25,4,4.025,A
1900011234567,2026-02-25,5,3.704,A
1900011234567,2026-02-25,6,3.756,A
1900011234567,2026-02-25,7,3.617,A
1900011234567,2026-02-25,8,3.94,A
1900011234567,2026-02-25,9,4.058,A
1900011234567,2026-02-25,10,3.93,A
1900011234567,2026-02-25,11,3.628,A
1900011234567,2026-02-25,12,3.939,A
1900011234567,2026-02-25,13,3.915,A
1900011234567,2026-02-25,14,9.899,A
1900011234567,2026-02-25,15,16.058,A
1900011234567,2026-02-25,16,22.815,A
1900011234567,2026-02-25,17,22.607,A
1900011234567,2026-02-25,18,23.045,A
1900011234567,2026-02-25,19,23.753,A
1900011234567,2026-02-25,20,24.628,A
1900011234567,2026-02-25,21,23.648,A
1900011234567,2026-02-25,22,22.662,A
1900011234567,2026-02-25,23,22.881,A
1900011234567,2026-02-25,24,24.73,A
1900011234567,2026-02-25,25,24.185,A
1900011234567,2026-02-25,26,24.366,A
1900011234567,2026-02-25,27,24.332,A
1900011234567,2026-02-25,28,23.772,A
1900011234567,2026-02-25,29,22.737,A
1900011234567,2026-02-25,30,22.823,A
1900011234567,2026-02-25,31,24.509,A
1900011234567,2026-02-25,32,22.597,A
1900011234567,2026-02-25,33,23.541,A
1900011234567,2026-02-25,34,24.78,A
1900011234567,2026-02-25,35,22.965,A
1900011234567,2026-02-25,36,24.264,A
1900011234567,2026-02-25,37,24.641,A
1900011234567,2026-02-25,38,22.429,A
1900011234567,2026-02-25,39,24.269,A
1900011234567,2026-02-25,40,23.901,A
1900011234567,2026-02-25,41,23.26,A
1900011234567,2026-02-25,42,24.224,A
1900011234567,2026-02-25,43,17.803,A
1900011234567,2026-02-25,44,10.245,A
1900011234567,2026-02-25,45,4.059,A
1900011234567,2026-02-25,46,3.68,A
1900011234567,2026-02-25,47,3.61,A
1900011234567,2026-02-25,48,3.734,A
1900011234567,2026-02-26,1,3.901,A
1900011234567,2026-02-26,2,4.033,A
1900011234567,2026-02-26,3,3.886,A
1900011234567,2026-02-26,4,3.705,A
1900011234567,2026-02-26,5,3.709,A
1900011234567,2026-02-26,6,3.868,A
1900011234567,2026-02-26,7,3.824,A
1900011234567,2026-02-26,8,3.824,A
1900011234567,2026-02-26,9,3.616,A
1900011234567,2026-02-26,10,3.671,A
1900011234567,2026-02-26,11,3.657,A
1900011234567,2026-02-26,12,3.926,A
1900011234567,2026-02-26,13,4.021,A
1900011234567,2026-02-26,14,10.818,A
1900011234567,2026-02-26,15,16.911,A
1900011234567,2026-02-26,16,23.716,A
1900011234567,2026-02-26,17,22.321,A
1900011234567,2026-02-26,18,23.569,A
1900011234567,2026-02-26,19,23.015,A
1900011234567,2026-02-26,20,23.35,A
1900011234567,2026-02-26,21,24.935,A
1900011234567,2026-02-26,22,23.773,A
1900011234567,2026-02-26,23,23.746,A
1900011234567,2026-02-26,24,22.979,A
1900011234567,2026-02-26,25,22.671,A
1900011234567,2026-02-26,26,24.144,A
1900011234567,2026-02-26,27,24.09,A
1900011234567,2026-02-26,28,23.487,A
1900011234567,2026-02-26,29,23.895,A
1900011234567,2026-02-26,30,22.939,A
1900011234567,2026-02-26,31,23.682,A
1900011234567,2026-02-26,32,24.667,A
1900011234567,2026-02-26,33,24.796,A
1900011234567,2026-02-26,34,25.01,A
1900011234567,2026-02-26,35,22.281,A
1900011234567,2026-02-26,36,24.417,A
1900011234567,2026-02-26,37,23.193,A
1900011234567,2026-02-26,38,23.381,A
1900011234567,2026-02-26,39,22.251,A
1900011234567,2026-02-26,40,24.045,A
1900011234567,2026-02-26,41,24.239,A
1900011234567,2026-02-26,42,24.763,A
1900011234567,2026-02-26,43,17.78,A
1900011234567,2026-02-26,44,10.402,A
1900011234567,2026-02-26,45,3.92,A
1900011234567,2026-02-26,46,3.699,A
1900011234567,2026-02-26,47,3.969,A
1900011234567,2026-02-26,48,3.635,A
1900011234567,2026-02-27,1,3.834,A
1900011234567,2026-02-27,2,4.041,A
1900011234567,2026-02-27,3,3.62,A
1900011234567,2026-02-27,4,3.715,A
1900011234567,2026-02-27,5,4.056,A
1900011234567,2026-02-27,6,3.878,A
1900011234567,2026-02-27,7,3.703,A
1900011234567,2026-02-27,8,4.029,A
1900011234567,2026-02-27,9,3.845,A
1900011234567,2026-02-27,10,4.03,A
1900011234567,2026-02-27,11,3.676,A
1900011234567,2026-02-27,12,3.926,A
1900011234567,2026-02-27,13,4.016,A
1900011234567,2026-02-27,14,9.896,A
1900011234567,2026-02-27,15,16.067,A
1900011234567,2026-02-27,16,23.861,A
1900011234567,2026-02-27,17,23.903,A
1900011234567,2026-02-27,18,23.535,A
1900011234567,2026-02-27,19,24.218,A
1900011234567,2026-02-27,20,22.996,A
1900011234567,2026-02-27,21,24.423,A
1900011234567,2026-02-27,22,23.113,A
1900011234567,2026-02-27,23,24.161,A
1900011234567,2026-02-27,24,24.451,A
1900011234567,2026-02-27,25,23.137,A
1900011234567,2026-02-27,26,24.829,A
1900011234567,2026-02-27,27,24.357,A
1900011234567,2026-02-27,28,22.237,A
1900011234567,2026-02-27,29,24.056,A
1900011234567,2026-02-27,30,23.931,A
1900011234567,2026-02-27,31,24.547,A
1900011234567,2026-02-27,32,23.589,A
1900011234567,2026-02-27,33,23.561,A
1900011234567,2026-02-27,34,22.789,A
1900011234567,2026-02-27,35,22.975,A
1900011234567,2026-02-27,36,24.283,A
1900011234567,2026-02-27,37,23.744,A
1900011234567,2026-02-27,38,24.261,A
1900011234567,2026-02-27,39,24.408,A
1900011234567,2026-02-27,40,22.56,A
1900011234567,2026-02-27,41,22.553,A
1900011234567,2026-02-27,42,23.137,A
1900011234567,2026-02-27,43,16.368,A
1900011234567,2026-02-27,44,9.884,A
1900011234567,2026-02-27,45,3.646,A
1900011234567,2026-02-27,46,3.792,A
1900011234567,2026-02-27,47,3.895,A
1900011234567,2026-02-27,48,3.915,A
1900011234567,2026-02-28,1,3.874,A
1900011234567,2026-02-28,2,4.037,A
1900011234567,2026-02-28,3,4.006,A
1900011234567,2026-02-28,4,3.707,A
1900011234567,2026-02-28,5,3.971,A
1900011234567,2026-02-28,6,3.942,A
1900011234567,2026-02-28,7,3.763,A
1900011234567,2026-02-28,8,3.885,A
1900011234567,2026-02-28,9,3.704,A
1900011234567,2026-02-28,10,3.877,A
1900011234567,2026-02-28,11,3.767,A
1900011234567,2026-02-28,12,3.987,A
1900011234567,2026-02-28,13,3.885,A
1900011234567,2026-02-28,14,3.852,A
1900011234567,2026-02-28,15,3.931,A
1900011234567,2026-02-28,16,4.04,A
1900011234567,2026-02-28,17,8.431,A
1900011234567,2026-02-28,18,8.632,A
1900011234567,2026-02-28,19,8.159,A
1900011234567,2026-02-28,20,7.946,A
1900011234567,2026-02-28,21,8.14,A
1900011234567,2026-02-28,22,8.205,A
1900011234567,2026-02-28,23,8.425,A
1900011234567,2026-02-28,24,7.83,A
1900011234567,2026-02-28,25,7.927,A
1900011234567,2026-02-28,26,7.717,A
1900011234567,2026-02-28,27,8.417,A
1900011234567,2026-02-28,28,8.613,A
1900011234567,2026-02-28,29,7.773,A
1900011234567,2026-02-28,30,7.903,A
1900011234567,2026-02-28,31,7.756,A
1900011234567,2026-02-28,32,8.659,A
1900011234567,2026-02-28,33,3.78,A
1900011234567,2026-02-28,34,3.911,A
1900011234567,2026-02-28,35,3.89,A
1900011234567,2026-02-28,36,3.907,A
1900011234567,2026-02-28,37,3.813,A
1900011234567,2026-02-28,38,3.789,A
1900011234567,2026-02-28,39,3.931,A
1900011234567,2026-02-28,40,4.005,A
1900011234567,2026-02-28,41,3.707,A
1900011234567,2026-02-28,42,3.91,A
1900011234567,2026-02-28,43,4.011,A
1900011234567,2026-02-28,44,3.728,A
1900011234567,2026-02-28,45,3.621,A
1900011234567,2026-02-28,46,3.647,A
1900011234567,2026-02-28,47,3.727,A
1900011234567,2026-02-28,48,3.814,A
1900011234567,2026-03-01,1,3.226,A
1900011234567,2026-03-01,2,3.236,A
1900011234567,2026-03-01,3,3.297,A
1900011234567,2026-03-01,4,3.387,A
1900011234567,2026-03-01,5,3.388,A
1900011234567,2026-03-01,6,3.413,A
1900011234567,2026-03-01,7,3.122,A
1900011234567,2026-03-01,8,3.215,A
1900011234567,2026-03-01,9,3.143,A
1900011234567,2026-03-01,10,3.082,A
1900011234567,2026-03-01,11,3.203,A
1900011234567,2026-03-01,12,3.067,A
1900011234567,2026-03-01,13,3.184,A
1900011234567,2026-03-01,14,3.274,A
1900011234567,2026-03-01,15,3.204,A
1900011234567,2026-03-01,16,3.06,A
1900011234567,2026-03-01,17,6.633,A
1900011234567,2026-03-01,18,6.905,A
1900011234567,2026-03-01,19,6.947,A
1900011234567,2026-03-01,20,7.157,A
1900011234567,2026-03-01,21,7.248,A
1900011234567,2026-03-01,22,7.191,A
1900011234567,2026-03-01,23,6.59,A
1900011234567,2026-03-01,24,7.294,A
1900011234567,2026-03-01,25,6.59,A
1900011234567,2026-03-01,26,6.806,A
1900011234567,2026-03-01,27,7.27,A
1900011234567,2026-03-01,28,6.885,A
1900011234567,2026-03-01,29,6.869,A
1900011234567,2026-03-01,30,6.571,A
1900011234567,2026-03-01,31,7.004,A
1900011234567,2026-03-01,32,6.639,A
1900011234567,2026-03-01,33,3.393,A
1900011234567,2026-03-01,34,3.291,A
1900011234567,2026-03-01,35,3.369,A
1900011234567,2026-03-01,36,3.157,A
1900011234567,2026-03-01,37,3.382,A
1900011234567,2026-03-01,38,3.353,A
1900011234567,2026-03-01,39,3.06,A
1900011234567,2026-03-01,40,3.103,A
1900011234567,2026-03-01,41,3.29,A
1900011234567,2026-03-01,42,3.2,A
1900011234567,2026-03-01,43,3.197,A
1900011234567,2026-03-01,44,3.197,A
1900011234567,2026-03-01,45,3.337,A
1900011234567,2026-03-01,46,3.289,A
1900011234567,2026-03-01,47,3.163,A
1900011234567,2026-03-01,48,3.421,A
1900011234567,2026-03-02,1,3.396,A
1900011234567,2026-03-02,2,3.192,A
1900011234567,2026-03-02,3,3.319,A
1900011234567,2026-03-02,4,3.304,A
1900011234567,2026-03-02,5,3.406,A
1900011234567,2026-03-02,6,3.078,A
1900011234567,2026-03-02,7,3.214,A
1900011234567,2026-03-02,8,3.278,A
1900011234567,2026-03-02,9,3.213,A
1900011234567,2026-03-02,10,3.114,A
1900011234567,2026-03-02,11,3.317,A
1900011234567,2026-03-02,12,3.273,A
1900011234567,2026-03-02,13,3.337,A
1900011234567,2026-03-02,14,9.175,A
1900011234567,2026-03-02,15,15.133,A
1900011234567,2026-03-02,16,20.12,A
1900011234567,2026-03-02,17,19.969,A
1900011234567,2026-03-02,18,18.921,A
1900011234567,2026-03-02,19,20.346,A
1900011234567,2026-03-02,20,20.38,A
1900011234567,2026-03-02,21,20.712,A
1900011234567,2026-03-02,22,20.129,A
1900011234567,2026-03-02,23,20.372,A
1900011234567,2026-03-02,24,20.901,A
1900011234567,2026-03-02,25,20.991,A
1900011234567,2026-03-02,26,20.92,A
1900011234567,2026-03-02,27,20.368,A
1900011234567,2026-03-02,28,20.483,A
1900011234567,2026-03-02,29,19.04,A
1900011234567,2026-03-02,30,20.407,A
1900011234567,2026-03-02,31,21.194,A
1900011234567,2026-03-02,32,20.762,A
1900011234567,2026-03-02,33,19.022,A
1900011234567,2026-03-02,34,19.518,A
1900011234567,2026-03-02,35,19.998,A
1900011234567,2026-03-02,36,19.156,A
1900011234567,2026-03-02,37,19.523,A
1900011234567,2026-03-02,38,18.966,A
1900011234567,2026-03-02,39,20.809,A
1900011234567,2026-03-02,40,19.216,A
1900011234567,2026-03-02,41,20.519,A
1900011234567,2026-03-02,42,21.1,A
1900011234567,2026-03-02,43,15.14,A
1900011234567,2026-03-02,44,8.448,A
1900011234567,2026-03-02,45,3.385,A
1900011234567,2026-03-02,46,3.365,A
1900011234567,2026-03-02,47,3.165,A
1900011234567,2026-03-02,48,3.208,A
1900011234567,2026-03-03,1,3.071,A
1900011234567,2026-03-03,2,3.407,A
1900011234567,2026-03-03,3,3.311,A
1900011234567,2026-03-03,4,3.37,A
1900011234567,2026-03-03,5,3.322,A
1900011234567,2026-03-03,6,3.228,A
1900011234567,2026-03-03,7,3.098,A
1900011234567,2026-03-03,8,3.427,A
1900011234567,2026-03-03,9,3.248,A
1900011234567,2026-03-03,10,3.058,A
1900011234567,2026-03-03,11,3.357,A
1900011234567,2026-03-03,12,3.143,A
1900011234567,2026-03-03,13,3.376,A
1900011234567,2026-03-03,14,8.648,A
1900011234567,2026-03-03,15,13.739,A
1900011234567,2026-03-03,16,18.924,A
1900011234567,2026-03-03,17,19.666,A
1900011234567,2026-03-03,18,20.648,A
1900011234567,2026-03-03,19,20.461,A
1900011234567,2026-03-03,20,18.985,A
1900011234567,2026-03-03,21,18.85,A
1900011234567,2026-03-03,22,19.964,A
1900011234567,2026-03-03,23,20.415,A
1900011234567,2026-03-03,24,19.357,A
1900011234567,2026-03-03,25,19.491,A
1900011234567,2026-03-03,26,20.956,A
1900011234567,2026-03-03,27,20.724,A
1900011234567,2026-03-03,28,20.259,A
1900011234567,2026-03-03,29,18.912,A
1900011234567,2026-03-03,30,20.841,A
1900011234567,2026-03-03,31,19.631,A
1900011234567,2026-03-03,32,19.872,A
1900011234567,2026-03-03,33,19.382,A
1900011234567,2026-03-03,34,20.285,A
1900011234567,2026-03-03,35,20.211,A
1900011234567,2026-03-03,36,19.376,A
1900011234567,2026-03-03,37,20.885,A
1900011234567,2026-03-03,38,20.284,A
1900011234567,2026-03-03,39,19.644,A
1900011234567,2026-03-03,40,20.447,A
1900011234567,2026-03-03,41,21.118,A
1900011234567,2026-03-03,42,18.818,A
1900011234567,2026-03-03,43,14.042,A
1900011234567,2026-03-03,44,8.839,A
1900011234567,2026-03-03,45,3.272,A
1900011234567,2026-03-03,46,3.289,A
1900011234567,2026-03-03,47,3.331,A
1900011234567,2026-03-03,48,3.102,A
1900011234567,2026-03-04,1,3.36,A
1900011234567,2026-03-04,2,3.266,A
1900011234567,2026-03-04,3,3.317,A
1900011234567,2026-03-04,4,3.338,A
1900011234567,2026-03-04,5,3.38,A
1900011234567,2026-03-04,6,3.099,A
1900011234567,2026-03-04,7,3.123,A
1900011234567,2026-03-04,8,3.394,A
1900011234567,2026-03-04,9,3.386,A
1900011234567,2026-03-04,10,3.253,A
1900011234567,2026-03-04,11,3.357,A
1900011234567,2026-03-04,12,3.171,A
1900011234567,2026-03-04,13,3.18,A
1900011234567,2026-03-04,14,8.99,A
1900011234567,2026-03-04,15,14.448,A
1900011234567,2026-03-04,16,19.836,A
1900011234567,2026-03-04,17,20.492,A
1900011234567,2026-03-04,18,19.172,A
1900011234567,2026-03-04,19,19.643,A
1900011234567,2026-03-04,20,20.099,A
1900011234567,2026-03-04,21,20.379,A
1900011234567,2026-03-04,22,20.982,A
1900011234567,2026-03-04,23,20.964,A
1900011234567,2026-03-04,24,20.931,A
1900011234567,2026-03-04,25,20.852,A
1900011234567,2026-03-04,26,19.686,A
1900011234567,2026-03-04,27,19.389,A
1900011234567,2026-03-04,28,19.997,A
1900011234567,2026-03-04,29,19.47,A
1900011234567,2026-03-04,30,20.548,A
1900011234567,2026-03-04,31,21.14,A
1900011234567,2026-03-04,32,21.067,A
1900011234567,2026-03-04,33,19.832,A
1900011234567,2026-03-04,34,21.126,A
1900011234567,2026-03-04,35,20.378,A
1900011234567,2026-03-04,36,20.242,A
1900011234567,2026-03-04,37,20.566,A
1900011234567,2026-03-04,38,19.874,A
1900011234567,2026-03-04,39,20.202,A
1900011234567,2026-03-04,40,21.048,A
1900011234567,2026-03-04,41,20.117,A
1900011234567,2026-03-04,42,21.189,A
1900011234567,2026-03-04,43,14.305,A
1900011234567,2026-03-04,44,9.342,A
1900011234567,2026-03-04,45,3.439,A
1900011234567,2026-03-04,46,3.351,A
1900011234567,2026-03-04,47,3.061,A
1900011234567,2026-03-04,48,3.239,A
1900011234567,2026-03-05,1,3.242,A
1900011234567,2026-03-05,2,3.077,A
1900011234567,2026-03-05,3,3.061,A
1900011234567,2026-03-05,4,3.163,A
1900011234567,2026-03-05,5,3.349,A
1900011234567,2026-03-05,6,3.219,A
1900011234567,2026-03-05,7,3.408,A
1900011234567,2026-03-05,8,3.072,A
1900011234567,2026-03-05,9,3.086,A
1900011234567,2026-03-05,10,3.239,A
1900011234567,2026-03-05,11,3.185,A
1900011234567,2026-03-05,12,3.21,A
1900011234567,2026-03-05,13,3.085,A
1900011234567,2026-03-05,14,8.675,A
1900011234567,2026-03-05,15,14.405,A
1900011234567,2026-03-05,16,20.827,A
1900011234567,2026-03-05,17,20.928,A
1900011234567,2026-03-05,18,19.263,A
1900011234567,2026-03-05,19,20.797,A
1900011234567,2026-03-05,20,19.332,A
1900011234567,2026-03-05,21,20.839,A
1900011234567,2026-03-05,22,19.108,A
1900011234567,2026-03-05,23,19.778,A
1900011234567,2026-03-05,24,20.37,A
1900011234567,2026-03-05,25,20.527,A
1900011234567,2026-03-05,26,19.796,A
1900011234567,2026-03-05,27,19.088,A
1900011234567,2026-03-05,28,19.844,A
1900011234567,2026-03-05,29,19.931,A
1900011234567,2026-03-05,30,20.862,A
1900011234567,2026-03-05,31,19.869,A
1900011234567,2026-03-05,32,20.691,A
1900011234567,2026-03-05,33,19.341,A
1900011234567,2026-03-05,34,20.548,A
1900011234567,2026-03-05,35,20.378,A
1900011234567,2026-03-05,36,19.556,A
1900011234567,2026-03-05,37,20.072,A
1900011234567,2026-03-05,38,20.267,A
1900011234567,2026-03-05,39,21.175,A
1900011234567,2026-03-05,40,18.923,A
1900011234567,2026-03-05,41,20.402,A
1900011234567,2026-03-05,42,21.175,A
1900011234567,2026-03-05,43,14.021,A
1900011234567,2026-03-05,44,8.496,A
1900011234567,2026-03-05,45,3.392,A
1900011234567,2026-03-05,46,3.077,A
1900011234567,2026-03-05,47,3.115,A
1900011234567,2026-03-05,48,3.358,A
1900011234567,2026-03-06,1,3.418,A
1900011234567,2026-03-06,2,3.243,A
1900011234567,2026-03-06,3,3.243,A
1900011234567,2026-03-06,4,3.412,A
1900011234567,2026-03-06,5,3.102,A
1900011234567,2026-03-06,6,3.185,A
1900011234567,2026-03-06,7,3.077,A
1900011234567,2026-03-06,8,3.076,A
1900011234567,2026-03-06,9,3.443,A
1900011234567,2026-03-06,10,3.24,A
1900011234567,2026-03-06,11,3.105,A
1900011234567,2026-03-06,12,3.426,A
1900011234567,2026-03-06,13,3.315,A
1900011234567,2026-03-06,14,8.59,A
1900011234567,2026-03-06,15,15.022,A
1900011234567,2026-03-06,16,20.797,A
1900011234567,2026-03-06,17,19.027,A
1900011234567,2026-03-06,18,19.069,A
1900011234567,2026-03-06,19,19.807,A
1900011234567,2026-03-06,20,20.088,A
1900011234567,2026-03-06,21,19.149,A
1900011234567,2026-03-06,22,21.14,A
1900011234567,2026-03-06,23,19.027,A
1900011234567,2026-03-06,24,20.877,A
1900011234567,2026-03-06,25,20.58,A
1900011234567,2026-03-06,26,20.577,A
1900011234567,2026-03-06,27,19.895,A
1900011234567,2026-03-06,28,19.465,A
1900011234567,2026-03-06,29,19.599,A
1900011234567,2026-03-06,30,20.934,A
1900011234567,2026-03-06,31,19.001,A
1900011234567,2026-03-06,32,19.612,A
1900011234567,2026-03-06,33,19.499,A
1900011234567,2026-03-06,34,18.983,A
1900011234567,2026-03-06,35,21.075,A
1900011234567,2026-03-06,36,19.684,A
1900011234567,2026-03-06,37,19.797,A
1900011234567,2026-03-06,38,19.458,A
1900011234567,2026-03-06,39,20.304,A
1900011234567,2026-03-06,40,19.175,A
1900011234567,2026-03-06,41,19.314,A
1900011234567,2026-03-06,42,20.859,A
1900011234567,2026-03-06,43,13.925,A
1900011234567,2026-03-06,44,8.319,A
1900011234567,2026-03-06,45,3.228,A
1900011234567,2026-03-06,46,3.331,A
1900011234567,2026-03-06,47,3.218,A
1900011234567,2026-03-06,48,3.155,A
1900011234567,2026-03-07,1,3.303,A
1900011234567,2026-03-07,2,3.247,A
1900011234567,2026-03-07,3,3.263,A
1900011234567,2026-03-07,4,3.221,A
1900011234567,2026-03-07,5,3.295,A
1900011234567,2026-03-07,6,3.119,A
1900011234567,2026-03-07,7,3.181,A
1900011234567,2026-03-07,8,3.308,A
1900011234567,2026-03-07,9,3.272,A
1900011234567,2026-03-07,10,3.106,A
1900011234567,2026-03-07,11,3.239,A
1900011234567,2026-03-07,12,3.134,A
1900011234567,2026-03-07,13,3.362,A
1900011234567,2026-03-07,14,3.116,A
1900011234567,2026-03-07,15,3.246,A
1900011234567,2026-03-07,16,3.129,A
1900011234567,2026-03-07,17,6.533,A
1900011234567,2026-03-07,18,6.535,A
1900011234567,2026-03-07,19,6.786,A
1900011234567,2026-03-07,20,6.853,A
1900011234567,2026-03-07,21,7.061,A
1900011234567,2026-03-07,22,7.31,A
1900011234567,2026-03-07,23,6.664,A
1900011234567,2026-03-07,24,6.804,A
1900011234567,2026-03-07,25,7.052,A
1900011234567,2026-03-07,26,6.896,A
1900011234567,2026-03-07,27,6.771,A
1900011234567,2026-03-07,28,6.719,A
1900011234567,2026-03-07,29,6.602,A
1900011234567,2026-03-07,30,6.715,A
1900011234567,2026-03-07,31,7.133,A
1900011234567,2026-03-07,32,7.338,A
1900011234567,2026-03-07,33,3.089,A
1900011234567,2026-03-07,34,3.09,A
1900011234567,2026-03-07,35,3.377,A
1900011234567,2026-03-07,36,3.058,A
1900011234567,2026-03-07,37,3.256,A
1900011234567,2026-03-07,38,3.311,A
1900011234567,2026-03-07,39,3.328,A
1900011234567,2026-03-07,40,3.149,A
1900011234567,2026-03-07,41,3.299,A
1900011234567,2026-03-07,42,3.402,A
1900011234567,2026-03-07,43,3.204,A
1900011234567,2026-03-07,44,3.44,A
1900011234567,2026-03-07,45,3.338,A
1900011234567,2026-03-07,46,3.362,A
1900011234567,2026-03-07,47,3.21,A
1900011234567,2026-03-07,48,3.257,A
1900011234567,2026-03-08,1,3.076,A
1900011234567,2026-03-08,2,3.126,A
1900011234567,2026-03-08,3,3.304,A
1900011234567,2026-03-08,4,3.382,A
1900011234567,2026-03-08,5,3.303,A
1900011234567,2026-03-08,6,3.26,A
1900011234567,2026-03-08,7,3.222,A
1900011234567,2026-03-08,8,3.297,A
1900011234567,2026-03-08,9,3.232,A
1900011234567,2026-03-08,10,3.084,A
1900011234567,2026-03-08,11,3.435,A
1900011234567,2026-03-08,12,3.178,A
1900011234567,2026-03-08,13,3.068,A
1900011234567,2026-03-08,14,3.289,A
1900011234567,2026-03-08,15,3.077,A
1900011234567,2026-03-08,16,3.441,A
1900011234567,2026-03-08,17,6.87,A
1900011234567,2026-03-08,18,6.734,A
1900011234567,2026-03-08,19,6.744,A
1900011234567,2026-03-08,20,6.769,A
1900011234567,2026-03-08,21,6.805,A
1900011234567,2026-03-08,22,7.201,A
1900011234567,2026-03-08,23,7.211,A
1900011234567,2026-03-08,24,6.772,A
1900011234567,2026-03-08,25,6.639,A
1900011234567,2026-03-08,26,7.261,A
1900011234567,2026-03-08,27,7.211,A
1900011234567,2026-03-08,28,7.328,A
1900011234567,2026-03-08,29,7.201,A
1900011234567,2026-03-08,30,7.316,A
1900011234567,2026-03-08,31,6.995,A
1900011234567,2026-03-08,32,7.295,A
1900011234567,2026-03-08,33,3.091,A
1900011234567,2026-03-08,34,3.137,A
1900011234567,2026-03-08,35,3.233,A
1900011234567,2026-03-08,36,3.164,A
1900011234567,2026-03-08,37,3.119,A
1900011234567,2026-03-08,38,3.277,A
1900011234567,2026-03-08,39,3.403,A
1900011234567,2026-03-08,40,3.233,A
1900011234567,2026-03-08,41,3.249,A
1900011234567,2026-03-08,42,3.195,A
1900011234567,2026-03-08,43,3.355,A
1900011234567,2026-03-08,44,3.412,A
1900011234567,2026-03-08,45,3.22,A
1900011234567,2026-03-08,46,3.342,A
1900011234567,2026-03-08,47,3.362,A
1900011234567,2026-03-08,48,3.422,A
1900011234567,2026-03-09,1,3.079,A
1900011234567,2026-03-09,2,3.102,A
1900011234567,2026-03-09,3,3.166,A
1900011234567,2026-03-09,4,3.258,A
1900011234567,2026-03-09,5,3.174,A
1900011234567,2026-03-09,6,3.055,A
1900011234567,2026-03-09,7,3.307,A
1900011234567,2026-03-09,8,3.173,A
1900011234567,2026-03-09,9,3.142,A
1900011234567,2026-03-09,10,3.173,A
1900011234567,2026-03-09,11,3.404,A
1900011234567,2026-03-09,12,3.078,A
1900011234567,2026-03-09,13,3.356,A
1900011234567,2026-03-09,14,8.388,A
1900011234567,2026-03-09,15,13.609,A
1900011234567,2026-03-09,16,18.814,A
1900011234567,2026-03-09,17,21.148,A
1900011234567,2026-03-09,18,19.283,A
1900011234567,2026-03-09,19,19.255,A
1900011234567,2026-03-09,20,20.568,A
1900011234567,2026-03-09,21,20.552,A
1900011234567,2026-03-09,22,20.103,A
1900011234567,2026-03-09,23,20.87,A
1900011234567,2026-03-09,24,21.027,A
1900011234567,2026-03-09,25,19.163,A
1900011234567,2026-03-09,26,19.592,A
1900011234567,2026-03-09,27,19.908,A
1900011234567,2026-03-09,28,18.812,A
1900011234567,2026-03-09,29,20.981,A
1900011234567,2026-03-09,30,19.253,A
1900011234567,2026-03-09,31,19.971,A
1900011234567,2026-03-09,32,20.643,A
1900011234567,2026-03-09,33,18.9,A
1900011234567,2026-03-09,34,19.463,A
1900011234567,2026-03-09,35,20.922,A
1900011234567,2026-03-09,36,18.893,A
1900011234567,2026-03-09,37,19.453,A
1900011234567,2026-03-09,38,21.148,A
1900011234567,2026-03-09,39,19.19,A
1900011234567,2026-03-09,40,20.86,A
1900011234567,2026-03-09,41,19.724,A
1900011234567,2026-03-09,42,21.034,A
1900011234567,2026-03-09,43,15.227,A
1900011234567,2026-03-09,44,9.003,A
1900011234567,2026-03-09,45,3.194,A
1900011234567,2026-03-09,46,3.277,A
1900011234567,2026-03-09,47,3.19,A
1900011234567,2026-03-09,48,3.28,A
1900011234567,2026-03-10,1,3.119,A
1900011234567,2026-03-10,2,3.425,A
1900011234567,2026-03-10,3,3.183,A
1900011234567,2026-03-10,4,3.128,A
1900011234567,2026-03-10,5,3.419,A
1900011234567,2026-03-10,6,3.153,A
1900011234567,2026-03-10,7,3.387,A
1900011234567,2026-03-10,8,3.318,A
1900011234567,2026-03-10,9,3.229,A
1900011234567,2026-03-10,10,3.269,A
1900011234567,2026-03-10,11,3.105,A
1900011234567,2026-03-10,12,3.307,A
1900011234567,2026-03-10,13,3.081,A
1900011234567,2026-03-10,14,8.738,A
1900011234567,2026-03-10,15,15.255,A
1900011234567,2026-03-10,16,19.406,A
1900011234567,2026-03-10,17,21.02,A
1900011234567,2026-03-10,18,19.869,A
1900011234567,2026-03-10,19,20.594,A
1900011234567,2026-03-10,20,19.61,A
1900011234567,2026-03-10,21,20.366,A
1900011234567,2026-03-10,22,19.036,A
1900011234567,2026-03-10,23,20.359,A
1900011234567,2026-03-10,24,19.434,A
1900011234567,2026-03-10,25,20.3,A
1900011234567,2026-03-10,26,19.301,A
1900011234567,2026-03-10,27,19.278,A
1900011234567,2026-03-10,28,19.498,A
1900011234567,2026-03-10,29,21.019,A
1900011234567,2026-03-10,30,20.914,A
1900011234567,2026-03-10,31,19.273,A
1900011234567,2026-03-10,32,20.229,A
1900011234567,2026-03-10,33,21.104,A
1900011234567,2026-03-10,34,20.937,A
1900011234567,2026-03-10,35,20.931,A
1900011234567,2026-03-10,36,20.534,A
1900011234567,2026-03-10,37,20.258,A
1900011234567,2026-03-10,38,18.864,A
1900011234567,2026-03-10,39,20.721,A
1900011234567,2026-03-10,40,20.406,A
1900011234567,2026-03-10,41,20.714,A
1900011234567,2026-03-10,42,19.77,A
1900011234567,2026-03-10,43,15.082,A
1900011234567,2026-03-10,44,8.371,A
1900011234567,2026-03-10,45,3.195,A
1900011234567,2026-03-10,46,3.202,A
1900011234567,2026-03-10,47,3.23,A
1900011234567,2026-03-10,48,3.329,A
1900011234567,2026-03-11,1,3.431,A
1900011234567,2026-03-11,2,3.364,A
1900011234567,2026-03-11,3,3.425,A
1900011234567,2026-03-11,4,3.422,A
1900011234567,2026-03-11,5,3.398,A
1900011234567,2026-03-11,6,3.216,A
1900011234567,2026-03-11,7,3.317,A
1900011234567,2026-03-11,8,3.27,A
1900011234567,2026-03-11,9,3.077,A
1900011234567,2026-03-11,10,3.42,A
1900011234567,2026-03-11,11,3.065,A
1900011234567,2026-03-11,12,3.112,A
1900011234567,2026-03-11,13,3.324,A
1900011234567,2026-03-11,14,8.904,A
1900011234567,2026-03-11,15,14.429,A
1900011234567,2026-03-11,16,20.114,A
1900011234567,2026-03-11,17,20.024,A
1900011234567,2026-03-11,18,18.997,A
1900011234567,2026-03-11,19,19.587,A
1900011234567,2026-03-11,20,18.913,A
1900011234567,2026-03-11,21,19.3,A
1900011234567,2026-03-11,22,19.915,A
1900011234567,2026-03-11,23,19.236,A
1900011234567,2026-03-11,24,20.951,A
1900011234567,2026-03-11,25,19.409,A
1900011234567,2026-03-11,26,18.95,A
1900011234567,2026-03-11,27,19.123,A
1900011234567,2026-03-11,28,20.893,A
1900011234567,2026-03-11,29,20.302,A
1900011234567,2026-03-11,30,19.4,A
1900011234567,2026-03-11,31,19.776,A
1900011234567,2026-03-11,32,18.987,A
1900011234567,2026-03-11,33,20.244,A
1900011234567,2026-03-11,34,20.86,A
1900011234567,2026-03-11,35,19.813,A
1900011234567,2026-03-11,36,19.955,A
1900011234567,2026-03-11,37,20.998,A
1900011234567,2026-03-11,38,20.78,A
1900011234567,2026-03-11,39,19.317,A
1900011234567,2026-03-11,40,20.107,A
1900011234567,2026-03-11,41,21.057,A
1900011234567,2026-03-11,42,20.709,A
1900011234567,2026-03-11,43,13.839,A
1900011234567,2026-03-11,44,9.193,A
1900011234567,2026-03-11,45,3.215,A
1900011234567,2026-03-11,46,3.197,A
1900011234567,2026-03-11,47,3.255,A
1900011234567,2026-03-11,48,3.29,A
1900011234567,2026-03-12,1,3.091,A
1900011234567,2026-03-12,2,3.427,A
1900011234567,2026-03-12,3,3.342,A
1900011234567,2026-03-12,4,3.224,A
1900011234567,2026-03-12,5,3.242,A
1900011234567,2026-03-12,6,3.175,A
1900011234567,2026-03-12,7,3.091,A
1900011234567,2026-03-12,8,3.21,A
1900011234567,2026-03-12,9,3.419,A
1900011234567,2026-03-12,10,3.289,A
1900011234567,2026-03-12,11,3.089,A
1900011234567,2026-03-12,12,3.096,A
1900011234567,2026-03-12,13,3.219,A
1900011234567,2026-03-12,14,8.7,A
1900011234567,2026-03-12,15,15.202,A
1900011234567,2026-03-12,16,20.586,A
1900011234567,2026-03-12,17,20.616,A
1900011234567,2026-03-12,18,19.975,A
1900011234567,2026-03-12,19,19.961,A
1900011234567,2026-03-12,20,19.59,A
1900011234567,2026-03-12,21,20.304,A
1900011234567,2026-03-12,22,20.979,A
1900011234567,2026-03-12,23,21.039,A
1900011234567,2026-03-12,24,20.922,A
1900011234567,2026-03-12,25,19.542,A
1900011234567,2026-03-12,26,20.869,A
1900011234567,2026-03-12,27,19.276,A
1900011234567,2026-03-12,28,20.082,A
1900011234567,2026-03-12,29,20.138,A
1900011234567,2026-03-12,30,20.619,A
1900011234567,2026-03-12,31,21.117,A
1900011234567,2026-03-12,32,21.176,A
1900011234567,2026-03-12,33,19.136,A
1900011234567,2026-03-12,34,20.271,A
1900011234567,2026-03-12,35,18.977,A
1900011234567,2026-03-12,36,18.901,A
1900011234567,2026-03-12,37,19.689,A
1900011234567,2026-03-12,38,20.433,A
1900011234567,2026-03-12,39,19.997,A
1900011234567,2026-03-12,40,21.126,A
1900011234567,2026-03-12,41,19.31,A
1900011234567,2026-03-12,42,20.719,A
1900011234567,2026-03-12,43,14.389,A
1900011234567,2026-03-12,44,9.289,A
1900011234567,2026-03-12,45,3.279,A
1900011234567,2026-03-12,46,3.056,A
1900011234567,2026-03-12,47,3.426,A
1900011234567,2026-03-12,48,3.219,A
1900011234567,2026-03-13,1,3.242,A
1900011234567,2026-03-13,2,3.203,A
1900011234567,2026-03-13,3,3.349,A
1900011234567,2026-03-13,4,3.129,A
1900011234567,2026-03-13,5,3.24,A
1900011234567,2026-03-13,6,3.096,A
1900011234567,2026-03-13,7,3.303,A
1900011234567,2026-03-13,8,3.25,A
1900011234567,2026-03-13,9,3.125,A
1900011234567,2026-03-13,10,3.112,A
1900011234567,2026-03-13,11,3.273,A
1900011234567,2026-03-13,12,3.159,A
1900011234567,2026-03-13,13,3.186,A
1900011234567,2026-03-13,14,8.72,A
1900011234567,2026-03-13,15,15.104,A
1900011234567,2026-03-13,16,20.966,A
1900011234567,2026-03-13,17,20.988,A
1900011234567,2026-03-13,18,21.03,A
1900011234567,2026-03-13,19,21.059,A
1900011234567,2026-03-13,20,19.891,A
1900011234567,2026-03-13,21,19.654,A
1900011234567,2026-03-13,22,18.914,A
1900011234567,2026-03-13,23,19.289,A
1900011234567,2026-03-13,24,20.295,A
1900011234567,2026-03-13,25,19.105,A
1900011234567,2026-03-13,26,20.734,A
1900011234567,2026-03-13,27,20.108,A
1900011234567,2026-03-13,28,20.085,A
1900011234567,2026-03-13,29,19.109,A
1900011234567,2026-03-13,30,20.194,A
1900011234567,2026-03-13,31,19.458,A
1900011234567,2026-03-13,32,18.959,A
1900011234567,2026-03-13,33,19.149,A
1900011234567,2026-03-13,34,18.963,A
1900011234567,2026-03-13,35,20.577,A
1900011234567,2026-03-13,36,20.805,A
1900011234567,2026-03-13,37,19.781,A
1900011234567,2026-03-13,38,21.164,A
1900011234567,2026-03-13,39,20.07,A
1900011234567,2026-03-13,40,20.507,A
1900011234567,2026-03-13,41,20.591,A
1900011234567,2026-03-13,42,19.087,A
1900011234567,2026-03-13,43,14.546,A
1900011234567,2026-03-13,44,9.04,A
1900011234567,2026-03-13,45,3.192,A
1900011234567,2026-03-13,46,3.078,A
1900011234567,2026-03-13,47,3.181,A
1900011234567,2026-03-13,48,3.109,A
1900011234567,2026-03-14,1,3.27,A
1900011234567,2026-03-14,2,3.191,A
1900011234567,2026-03-14,3,3.301,A
1900011234567,2026-03-14,4,3.416,A
1900011234567,2026-03-14,5,3.419,A
1900011234567,2026-03-14,6,3.329,A
1900011234567,2026-03-14,7,3.236,A
1900011234567,2026-03-14,8,3.152,A
1900011234567,2026-03-14,9,3.372,A
1900011234567,2026-03-14,10,3.184,A
1900011234567,2026-03-14,11,3.335,A
1900011234567,2026-03-14,12,3.29,A
1900011234567,2026-03-14,13,3.43,A
1900011234567,2026-03-14,14,3.151,A
1900011234567,2026-03-14,15,3.26,A
1900011234567,2026-03-14,16,3.199,A
1900011234567,2026-03-14,17,7.02,A
1900011234567,2026-03-14,18,6.737,A
1900011234567,2026-03-14,19,6.965,A
1900011234567,2026-03-14,20,7.085,A
1900011234567,2026-03-14,21,7.341,A
1900011234567,2026-03-14,22,6.621,A
1900011234567,2026-03-14,23,7.347,A
1900011234567,2026-03-14,24,6.849,A
1900011234567,2026-03-14,25,7.224,A
1900011234567,2026-03-14,26,7.206,A
1900011234567,2026-03-14,27,6.876,A
1900011234567,2026-03-14,28,7.03,A
1900011234567,2026-03-14,29,6.974,A
1900011234567,2026-03-14,30,6.526,A
1900011234567,2026-03-14,31,7.315,A
1900011234567,2026-03-14,32,6.769,A
1900011234567,2026-03-14,33,3.218,A
1900011234567,2026-03-14,34,3.301,A
1900011234567,2026-03-14,35,3.407,A
1900011234567,2026-03-14,36,3.359,A
1900011234567,2026-03-14,37,3.344,A
1900011234567,2026-03-14,38,3.221,A
1900011234567,2026-03-14,39,3.146,A
1900011234567,2026-03-14,40,3.406,A
1900011234567,2026-03-14,41,3.203,A
1900011234567,2026-03-14,42,3.322,A
1900011234567,2026-03-14,43,3.161,A
1900011234567,2026-03-14,44,3.372,A
1900011234567,2026-03-14,45,3.231,A
1900011234567,2026-03-14,46,3.379,A
1900011234567,2026-03-14,47,3.232,A
1900011234567,2026-03-14,48,3.352,A
1900011234567,2026-03-15,1,3.255,A
1900011234567,2026-03-15,2,3.076,A
1900011234567,2026-03-15,3,3.424,A
1900011234567,2026-03-15,4,3.374,A
1900011234567,2026-03-15,5,3.337,A
1900011234567,2026-03-15,6,3.272,A
1900011234567,2026-03-15,7,3.219,A
1900011234567,2026-03-15,8,3.328,A
1900011234567,2026-03-15,9,3.406,A
1900011234567,2026-03-15,10,3.273,A
1900011234567,2026-03-15,11,3.35,A
1900011234567,2026-03-15,12,3.207,A
1900011234567,2026-03-15,13,3.383,A
1900011234567,2026-03-15,14,3.078,A
1900011234567,2026-03-15,15,3.318,A
1900011234567,2026-03-15,16,3.328,A
1900011234567,2026-03-15,17,6.66,A
1900011234567,2026-03-15,18,7.339,A
1900011234567,2026-03-15,19,6.646,A
1900011234567,2026-03-15,20,6.811,A
1900011234567,2026-03-15,21,7.121,A
1900011234567,2026-03-15,22,6.949,A
1900011234567,2026-03-15,23,7.04,A
1900011234567,2026-03-15,24,6.855,A
1900011234567,2026-03-15,25,6.734,A
1900011234567,2026-03-15,26,6.56,A
1900011234567,2026-03-15,27,6.835,A
1900011234567,2026-03-15,28,6.628,A
1900011234567,2026-03-15,29,6.531,A
1900011234567,2026-03-15,30,6.566,A
1900011234567,2026-03-15,31,7.313,A
1900011234567,2026-03-15,32,7.326,A
1900011234567,2026-03-15,33,3.355,A
1900011234567,2026-03-15,34,3.078,A
1900011234567,2026-03-15,35,3.105,A
1900011234567,2026-03-15,36,3.429,A
1900011234567,2026-03-15,37,3.101,A
1900011234567,2026-03-15,38,3.143,A
1900011234567,2026-03-15,39,3.333,A
1900011234567,2026-03-15,40,3.181,A
1900011234567,2026-03-15,41,3.187,A
1900011234567,2026-03-15,42,3.251,A
1900011234567,2026-03-15,43,3.323,A
1900011234567,2026-03-15,44,3.204,A
1900011234567,2026-03-15,45,3.221,A
1900011234567,2026-03-15,46,3.283,A
1900011234567,2026-03-15,47,3.162,A
1900011234567,2026-03-15,48,3.221,A
1900011234567,2026-03-16,1,3.148,A
1900011234567,2026-03-16,2,3.211,A
1900011234567,2026-03-16,3,3.09,A
1900011234567,2026-03-16,4,3.172,A
1900011234567,2026-03-16,5,3.093,A
1900011234567,2026-03-16,6,3.066,A
1900011234567,2026-03-16,7,3.164,A
1900011234567,2026-03-16,8,3.286,A
1900011234567,2026-03-16,9,3.238,A
1900011234567,2026-03-16,10,3.35,A
1900011234567,2026-03-16,11,3.179,A
1900011234567,2026-03-16,12,3.435,A
1900011234567,2026-03-16,13,3.06,A
1900011234567,2026-03-16,14,8.483,A
1900011234567,2026-03-16,15,14.034,A
1900011234567,2026-03-16,16,20.612,A
1900011234567,2026-03-16,17,20.621,A
1900011234567,2026-03-16,18,20.813,A
1900011234567,2026-03-16,19,20.571,A
1900011234567,2026-03-16,20,20.16,A
1900011234567,2026-03-16,21,20.655,A
1900011234567,2026-03-16,22,21.181,A
1900011234567,2026-03-16,23,18.972,A
1900011234567,2026-03-16,24,20.595,A
1900011234567,2026-03-16,25,20.41,A
1900011234567,2026-03-16,26,20.546,A
1900011234567,2026-03-16,27,20.118,A
1900011234567,2026-03-16,28,18.835,A
1900011234567,2026-03-16,29,19.998,A
1900011234567,2026-03-16,30,20.915,A
1900011234567,2026-03-16,31,19.654,A
1900011234567,2026-03-16,32,20.914,A
1900011234567,2026-03-16,33,20.827,A
1900011234567,2026-03-16,34,21.07,A
1900011234567,2026-03-16,35,19.02,A
1900011234567,2026-03-16,36,20.478,A
1900011234567,2026-03-16,37,18.937,A
1900011234567,2026-03-16,38,19.928,A
1900011234567,2026-03-16,39,20.499,A
1900011234567,2026-03-16,40,21.075,A
1900011234567,2026-03-16,41,20.1,A
1900011234567,2026-03-16,42,20.205,A
1900011234567,2026-03-16,43,15.206,A
1900011234567,2026-03-16,44,9.284,A
1900011234567,2026-03-16,45,3.306,A
1900011234567,2026-03-16,46,3.162,A
1900011234567,2026-03-16,47,3.372,A
1900011234567,2026-03-16,48,3.246,A
1900011234567,2026-03-17,1,3.111,A
1900011234567,2026-03-17,2,3.422,A
1900011234567,2026-03-17,3,3.288,A
1900011234567,2026-03-17,4,3.114,A
1900011234567,2026-03-17,5,3.358,A
1900011234567,2026-03-17,6,3.41,A
1900011234567,2026-03-17,7,3.328,A
1900011234567,2026-03-17,8,3.36,A
1900011234567,2026-03-17,9,3.395,A
1900011234567,2026-03-17,10,3.267,A
1900011234567,2026-03-17,11,3.35,A
1900011234567,2026-03-17,12,3.423,A
1900011234567,2026-03-17,13,3.332,A
1900011234567,2026-03-17,14,8.517,A
1900011234567,2026-03-17,15,14.725,A
1900011234567,2026-03-17,16,20.814,A
1900011234567,2026-03-17,17,20.645,A
1900011234567,2026-03-17,18,19.428,A
1900011234567,2026-03-17,19,20.273,A
1900011234567,2026-03-17,20,20.024,A
1900011234567,2026-03-17,21,20.523,A
1900011234567,2026-03-17,22,19.696,A
1900011234567,2026-03-17,23,19.146,A
1900011234567,2026-03-17,24,19.061,A
1900011234567,2026-03-17,25,20.554,A
1900011234567,2026-03-17,26,19.31,A
1900011234567,2026-03-17,27,20.807,A
1900011234567,2026-03-17,28,20.407,A
1900011234567,2026-03-17,29,19.096,A
1900011234567,2026-03-17,30,19.137,A
1900011234567,2026-03-17,31,19.979,A
1900011234567,2026-03-17,32,20.141,A
1900011234567,2026-03-17,33,19.318,A
1900011234567,2026-03-17,34,19.048,A
1900011234567,2026-03-17,35,20.014,A
1900011234567,2026-03-17,36,20.955,A
1900011234567,2026-03-17,37,20.518,A
1900011234567,2026-03-17,38,20.312,A
1900011234567,2026-03-17,39,20.554,A
1900011234567,2026-03-17,40,21.133,A
1900011234567,2026-03-17,41,19.504,A
1900011234567,2026-03-17,42,18.887,A
1900011234567,2026-03-17,43,14.325,A
1900011234567,2026-03-17,44,8.523,A
1900011234567,2026-03-17,45,3.37,A
1900011234567,2026-03-17,46,3.379,A
1900011234567,2026-03-17,47,3.418,A
1900011234567,2026-03-17,48,3.145,A
1900011234567,2026-03-18,1,3.403,A
1900011234567,2026-03-18,2,3.258,A
1900011234567,2026-03-18,3,3.248,A
1900011234567,2026-03-18,4,3.074,A
1900011234567,2026-03-18,5,3.317,A
1900011234567,2026-03-18,6,3.154,A
1900011234567,2026-03-18,7,3.316,A
1900011234567,2026-03-18,8,3.088,A
1900011234567,2026-03-18,9,3.318,A
1900011234567,2026-03-18,10,3.383,A
1900011234567,2026-03-18,11,3.353,A
1900011234567,2026-03-18,12,3.233,A
1900011234567,2026-03-18,13,3.212,A
1900011234567,2026-03-18,14,9.268,A
1900011234567,2026-03-18,15,15.12,A
1900011234567,2026-03-18,16,20.512,A
1900011234567,2026-03-18,17,19.81,A
1900011234567,2026-03-18,18,20.674,A
1900011234567,2026-03-18,19,18.944,A
1900011234567,2026-03-18,20,19.116,A
1900011234567,2026-03-18,21,19.288,A
1900011234567,2026-03-18,22,20.473,A
1900011234567,2026-03-18,23,19.615,A
1900011234567,2026-03-18,24,19.679,A
1900011234567,2026-03-18,25,21.108,A
1900011234567,2026-03-18,26,18.803,A
1900011234567,2026-03-18,27,19.787,A
1900011234567,2026-03-18,28,19.117,A
1900011234567,2026-03-18,29,20.969,A
1900011234567,2026-03-18,30,20.264,A
1900011234567,2026-03-18,31,19.766,A
1900011234567,2026-03-18,32,19.809,A
1900011234567,2026-03-18,33,18.896,A
1900011234567,2026-03-18,34,20.484,A
1900011234567,2026-03-18,35,19.96,A
1900011234567,2026-03-18,36,18.872,A
1900011234567,2026-03-18,37,19.996,A
1900011234567,2026-03-18,38,19.938,A
1900011234567,2026-03-18,39,19.042,A
1900011234567,2026-03-18,40,19.186,A
1900011234567,2026-03-18,41,20.565,A
1900011234567,2026-03-18,42,19.77,A
1900011234567,2026-03-18,43,13.736,A
1900011234567,2026-03-18,44,8.541,A
1900011234567,2026-03-18,45,3.384,A
1900011234567,2026-03-18,46,3.19,A
1900011234567,2026-03-18,47,3.105,A
1900011234567,2026-03-18,48,3.204,A
1900011234567,2026-03-19,1,3.218,A
1900011234567,2026-03-19,2,3.192,A
1900011234567,2026-03-19,3,3.335,A
1900011234567,2026-03-19,4,3.231,A
1900011234567,2026-03-19,5,3.213,A
1900011234567,2026-03-19,6,3.445,A
1900011234567,2026-03-19,7,3.436,A
1900011234567,2026-03-19,8,3.238,A
1900011234567,2026-03-19,9,3.254,A
1900011234567,2026-03-19,10,3.407,A
1900011234567,2026-03-19,11,3.089,A
1900011234567,2026-03-19,12,3.095,A
1900011234567,2026-03-19,13,3.409,A
1900011234567,2026-03-19,14,9.162,A
1900011234567,2026-03-19,15,15.031,A
1900011234567,2026-03-19,16,18.856,A
1900011234567,2026-03-19,17,21.054,A
1900011234567,2026-03-19,18,19.369,A
1900011234567,2026-03-19,19,19.497,A
1900011234567,2026-03-19,20,19.812,A
1900011234567,2026-03-19,21,19.987,A
1900011234567,2026-03-19,22,20.527,A
1900011234567,2026-03-19,23,19.168,A
1900011234567,2026-03-19,24,20.899,A
1900011234567,2026-03-19,25,20.721,A
1900011234567,2026-03-19,26,18.872,A
1900011234567,2026-03-19,27,19.245,A
1900011234567,2026-03-19,28,20.375,A
1900011234567,2026-03-19,29,19.412,A
1900011234567,2026-03-19,30,20.847,A
1900011234567,2026-03-19,31,20.815,A
1900011234567,2026-03-19,32,19.053,A
1900011234567,2026-03-19,33,19.607,A
1900011234567,2026-03-19,34,20.313,A
1900011234567,2026-03-19,35,19.827,A
1900011234567,2026-03-19,36,19.449,A
1900011234567,2026-03-19,37,21.005,A
1900011234567,2026-03-19,38,19.479,A
1900011234567,2026-03-19,39,18.817,A
1900011234567,2026-03-19,40,20.22,A
1900011234567,2026-03-19,41,18.895,A
1900011234567,2026-03-19,42,21.058,A
1900011234567,2026-03-19,43,14.76,A
1900011234567,2026-03-19,44,8.763,A
1900011234567,2026-03-19,45,3.438,A
1900011234567,2026-03-19,46,3.071,A
1900011234567,2026-03-19,47,3.422,A
1900011234567,2026-03-19,48,3.309,A
1900011234567,2026-03-20,1,3.259,A
1900011234567,2026-03-20,2,3.367,A
1900011234567,2026-03-20,3,3.429,A
1900011234567,2026-03-20,4,3.077,A
1900011234567,2026-03-20,5,3.284,A
1900011234567,2026-03-20,6,3.139,A
1900011234567,2026-03-20,7,3.139,A
1900011234567,2026-03-20,8,3.289,A
1900011234567,2026-03-20,9,3.279,A
1900011234567,2026-03-20,10,3.316,A
1900011234567,2026-03-20,11,3.089,A
1900011234567,2026-03-20,12,3.096,A
1900011234567,2026-03-20,13,3.23,A
1900011234567,2026-03-20,14,8.546,A
1900011234567,2026-03-20,15,14.503,A
1900011234567,2026-03-20,16,19.865,A
1900011234567,2026-03-20,17,19.361,A
1900011234567,2026-03-20,18,19.315,A
1900011234567,2026-03-20,19,21.149,A
1900011234567,2026-03-20,20,20.95,A
1900011234567,2026-03-20,21,20.382,A
1900011234567,2026-03-20,22,20.538,A
1900011234567,2026-03-20,23,19.748,A
1900011234567,2026-03-20,24,20.109,A
1900011234567,2026-03-20,25,19.799,A
1900011234567,2026-03-20,26,19.874,A
1900011234567,2026-03-20,27,20.492,A
1900011234567,2026-03-20,28,19.103,A
1900011234567,2026-03-20,29,19.805,A
1900011234567,2026-03-20,30,19.953,A
1900011234567,2026-03-20,31,19.693,A
1900011234567,2026-03-20,32,20.946,A
1900011234567,2026-03-20,33,20.252,A
1900011234567,2026-03-20,34,19.685,A
1900011234567,2026-03-20,35,19.717,A
1900011234567,2026-03-20,36,21.14,A
1900011234567,2026-03-20,37,19.318,A
1900011234567,2026-03-20,38,21.004,A
1900011234567,2026-03-20,39,21.14,A
1900011234567,2026-03-20,40,20.386,A
1900011234567,2026-03-20,41,19.736,A
1900011234567,2026-03-20,42,20.022,A
1900011234567,2026-03-20,43,14.332,A
1900011234567,2026-03-20,44,8.453,A
1900011234567,2026-03-20,45,3.119,A
1900011234567,2026-03-20,46,3.399,A
1900011234567,2026-03-20,47,3.112,A
1900011234567,2026-03-20,48,3.38,A
1900011234567,2026-03-21,1,3.327,A
1900011234567,2026-03-21,2,3.264,A
1900011234567,2026-03-21,3,3.432,A
1900011234567,2026-03-21,4,3.096,A
1900011234567,2026-03-21,5,3.368,A
1900011234567,2026-03-21,6,3.219,A
1900011234567,2026-03-21,7,3.15,A
1900011234567,2026-03-21,8,3.203,A
1900011234567,2026-03-21,9,3.233,A
1900011234567,2026-03-21,10,3.359,A
1900011234567,2026-03-21,11,3.197,A
1900011234567,2026-03-21,12,3.351,A
1900011234567,2026-03-21,13,3.398,A
1900011234567,2026-03-21,14,3.194,A
1900011234567,2026-03-21,15,3.226,A
1900011234567,2026-03-21,16,3.194,A
1900011234567,2026-03-21,17,7.03,A
1900011234567,2026-03-21,18,6.794,A
1900011234567,2026-03-21,19,6.765,A
1900011234567,2026-03-21,20,6.973,A
1900011234567,2026-03-21,21,7.113,A
1900011234567,2026-03-21,22,7.14,A
1900011234567,2026-03-21,23,6.82,A
1900011234567,2026-03-21,24,7.242,A
1900011234567,2026-03-21,25,7.187,A
1900011234567,2026-03-21,26,6.687,A
1900011234567,2026-03-21,27,6.906,A
1900011234567,2026-03-21,28,6.734,A
1900011234567,2026-03-21,29,6.767,A
1900011234567,2026-03-21,30,6.633,A
1900011234567,2026-03-21,31,6.804,A
1900011234567,2026-03-21,32,7.204,A
1900011234567,2026-03-21,33,3.055,A
1900011234567,2026-03-21,34,3.334,A
1900011234567,2026-03-21,35,3.161,A
1900011234567,2026-03-21,36,3.337,A
1900011234567,2026-03-21,37,3.086,A
1900011234567,2026-03-21,38,3.183,A
1900011234567,2026-03-21,39,3.235,A
1900011234567,2026-03-21,40,3.156,A
1900011234567,2026-03-21,41,3.41,A
1900011234567,2026-03-21,42,3.275,A
1900011234567,2026-03-21,43,3.231,A
1900011234567,2026-03-21,44,3.167,A
1900011234567,2026-03-21,45,3.383,A
1900011234567,2026-03-21,46,3.191,A
1900011234567,2026-03-21,47,3.366,A
1900011234567,2026-03-21,48,3.303,A
1900011234567,2026-03-22,1,3.385,A
1900011234567,2026-03-22,2,3.154,A
1900011234567,2026-03-22,3,3.083,A
1900011234567,2026-03-22,4,3.12,A
1900011234567,2026-03-22,5,3.418,A
1900011234567,2026-03-22,6,3.282,A
1900011234567,2026-03-22,7,3.436,A
1900011234567,2026-03-22,8,3.097,A
1900011234567,2026-03-22,9,3.36,A
1900011234567,2026-03-22,10,3.414,A
1900011234567,2026-03-22,11,3.057,A
1900011234567,2026-03-22,12,3.106,A
1900011234567,2026-03-22,13,3.333,A
1900011234567,2026-03-22,14,3.099,A
1900011234567,2026-03-22,15,3.072,A
1900011234567,2026-03-22,16,3.063,A
1900011234567,2026-03-22,17,7.206,A
1900011234567,2026-03-22,18,7.18,A
1900011234567,2026-03-22,19,6.594,A
1900011234567,2026-03-22,20,7.088,A
1900011234567,2026-03-22,21,7.168,A
1900011234567,2026-03-22,22,7.343,A
1900011234567,2026-03-22,23,7.304,A
1900011234567,2026-03-22,24,6.746,A
1900011234567,2026-03-22,25,7.201,A
1900011234567,2026-03-22,26,7.205,A
1900011234567,2026-03-22,27,7.31,A
1900011234567,2026-03-22,28,6.616,A
1900011234567,2026-03-22,29,6.953,A
1900011234567,2026-03-22,30,6.981,A
1900011234567,2026-03-22,31,7.004,A
1900011234567,2026-03-22,32,6.946,A
1900011234567,2026-03-22,33,3.114,A
1900011234567,2026-03-22,34,3.333,A
1900011234567,2026-03-22,35,3.318,A
1900011234567,2026-03-22,36,3.359,A
1900011234567,2026-03-22,37,3.35,A
1900011234567,2026-03-22,38,3.296,A
1900011234567,2026-03-22,39,3.433,A
1900011234567,2026-03-22,40,3.179,A
1900011234567,2026-03-22,41,3.212,A
1900011234567,2026-03-22,42,3.437,A
1900011234567,2026-03-22,43,3.337,A
1900011234567,2026-03-22,44,3.135,A
1900011234567,2026-03-22,45,3.135,A
1900011234567,2026-03-22,46,3.232,A
1900011234567,2026-03-22,47,3.162,A
1900011234567,2026-03-22,48,3.093,A
1900011234567,2026-03-23,1,3.271,A
1900011234567,2026-03-23,2,3.139,A
1900011234567,2026-03-23,3,3.407,A
1900011234567,2026-03-23,4,3.163,A
1900011234567,2026-03-23,5,3.118,A
1900011234567,2026-03-23,6,3.263,A
1900011234567,2026-03-23,7,3.259,A
1900011234567,2026-03-23,8,3.065,A
1900011234567,2026-03-23,9,3.296,A
1900011234567,2026-03-23,10,3.138,A
1900011234567,2026-03-23,11,3.166,A
1900011234567,2026-03-23,12,3.436,A
1900011234567,2026-03-23,13,3.167,A
1900011234567,2026-03-23,14,8.623,A
1900011234567,2026-03-23,15,13.924,A
1900011234567,2026-03-23,16,19.029,A
1900011234567,2026-03-23,17,20.628,A
1900011234567,2026-03-23,18,21.011,A
1900011234567,2026-03-23,19,19.806,A
1900011234567,2026-03-23,20,21.189,A
1900011234567,2026-03-23,21,20.099,A
1900011234567,2026-03-23,22,19.399,A
1900011234567,2026-03-23,23,19.247,A
1900011234567,2026-03-23,24,19.729,A
1900011234567,2026-03-23,25,20.122,A
1900011234567,2026-03-23,26,18.987,A
1900011234567,2026-03-23,27,18.919,A
1900011234567,2026-03-23,28,20.254,A
1900011234567,2026-03-23,29,18.825,A
1900011234567,2026-03-23,30,19.744,A
1900011234567,2026-03-23,31,20.87,A
1900011234567,2026-03-23,32,19.51,A
1900011234567,2026-03-23,33,20.134,A
1900011234567,2026-03-23,34,20.458,A
1900011234567,2026-03-23,35,20.353,A
1900011234567,2026-03-23,36,20.782,A
1900011234567,2026-03-23,37,19.702,A
1900011234567,2026-03-23,38,19.601,A
1900011234567,2026-03-23,39,21.079,A
1900011234567,2026-03-23,40,19.101,A
1900011234567,2026-03-23,41,19.919,A
1900011234567,2026-03-23,42,18.935,A
1900011234567,2026-03-23,43,13.816,A
1900011234567,2026-03-23,44,9.036,A
1900011234567,2026-03-23,45,3.23,A
1900011234567,2026-03-23,46,3.423,A
1900011234567,2026-03-23,47,3.127,A
1900011234567,2026-03-23,48,3.263,A
1900011234567,2026-03-24,1,3.242,A
1900011234567,2026-03-24,2,3.339,A
1900011234567,2026-03-24,3,3.163,A
1900011234567,2026-03-24,4,3.095,A
1900011234567,2026-03-24,5,3.255,A
1900011234567,2026-03-24,6,3.119,A
1900011234567,2026-03-24,7,3.198,A
1900011234567,2026-03-24,8,3.061,A
1900011234567,2026-03-24,9,3.284,A
1900011234567,2026-03-24,10,3.379,A
1900011234567,2026-03-24,11,3.44,A
1900011234567,2026-03-24,12,3.443,A
1900011234567,2026-03-24,13,3.145,A
1900011234567,2026-03-24,14,8.968,A
1900011234567,2026-03-24,15,13.792,A
1900011234567,2026-03-24,16,20.774,A
1900011234567,2026-03-24,17,20.038,A
1900011234567,2026-03-24,18,19.859,A
1900011234567,2026-03-24,19,19.095,A
1900011234567,2026-03-24,20,18.851,A
1900011234567,2026-03-24,21,20.074,A
1900011234567,2026-03-24,22,18.839,A
1900011234567,2026-03-24,23,19.736,A
1900011234567,2026-03-24,24,20.153,A
1900011234567,2026-03-24,25,20.003,A
1900011234567,2026-03-24,26,20.55,A
1900011234567,2026-03-24,27,20.087,A
1900011234567,2026-03-24,28,19.733,A
1900011234567,2026-03-24,29,18.82,A
1900011234567,2026-03-24,30,21.028,A
1900011234567,2026-03-24,31,19.207,A
1900011234567,2026-03-24,32,20.256,A
1900011234567,2026-03-24,33,19.221,A
1900011234567,2026-03-24,34,20.414,A
1900011234567,2026-03-24,35,20.002,A
1900011234567,2026-03-24,36,19.696,A
1900011234567,2026-03-24,37,19.882,A
1900011234567,2026-03-24,38,20.548,A
1900011234567,2026-03-24,39,19.278,A
1900011234567,2026-03-24,40,21.158,A
1900011234567,2026-03-24,41,19.005,A
1900011234567,2026-03-24,42,21.151,A
1900011234567,2026-03-24,43,14.998,A
1900011234567,2026-03-24,44,8.426,A
1900011234567,2026-03-24,45,3.31,A
1900011234567,2026-03-24,46,3.296,A
1900011234567,2026-03-24,47,3.323,A
1900011234567,2026-03-24,48,3.082,A
1900011234567,2026-03-25,1,3.273,A
1900011234567,2026-03-25,2,3.228,A
1900011234567,2026-03-25,3,3.077,A
1900011234567,2026-03-25,4,3.306,A
1900011234567,2026-03-25,5,3.182,A
1900011234567,2026-03-25,6,3.077,A
1900011234567,2026-03-25,7,3.277,A
1900011234567,2026-03-25,8,3.38,A
1900011234567,2026-03-25,9,3.161,A
1900011234567,2026-03-25,10,3.356,A
1900011234567,2026-03-25,11,3.071,A
1900011234567,2026-03-25,12,3.071,A
1900011234567,2026-03-25,13,3.303,A
1900011234567,2026-03-25,14,8.351,A
1900011234567,2026-03-25,15,14.27,A
1900011234567,2026-03-25,16,20.499,A
1900011234567,2026-03-25,17,19.575,A
1900011234567,2026-03-25,18,19.388,A
1900011234567,2026-03-25,19,20.468,A
1900011234567,2026-03-25,20,19.547,A
1900011234567,2026-03-25,21,19.272,A
1900011234567,2026-03-25,22,20.252,A
1900011234567,2026-03-25,23,19.09,A
1900011234567,2026-03-25,24,20.505,A
1900011234567,2026-03-25,25,19.063,A
1900011234567,2026-03-25,26,19.706,A
1900011234567,2026-03-25,27,19.878,A
1900011234567,2026-03-25,28,19.137,A
1900011234567,2026-03-25,29,20.677,A
1900011234567,2026-03-25,30,19.73,A
1900011234567,2026-03-25,31,19.062,A
1900011234567,2026-03-25,32,20.843,A
1900011234567,2026-03-25,33,20.08,A
1900011234567,2026-03-25,34,20.67,A
1900011234567,2026-03-25,35,20.079,A
1900011234567,2026-03-25,36,20.342,A
1900011234567,2026-03-25,37,20.521,A
1900011234567,2026-03-25,38,19.267,A
1900011234567,2026-03-25,39,18.829,A
1900011234567,2026-03-25,40,19.877,A
1900011234567,2026-03-25,41,19.931,A
1900011234567,2026-03-25,42,20.659,A
1900011234567,2026-03-25,43,14.514,A
1900011234567,2026-03-25,44,9.238,A
1900011234567,2026-03-25,45,3.239,A
1900011234567,2026-03-25,46,3.163,A
1900011234567,2026-03-25,47,3.08,A
1900011234567,2026-03-25,48,3.415,A
1900011234567,2026-03-26,1,3.185,A
1900011234567,2026-03-26,2,3.125,A
1900011234567,2026-03-26,3,3.215,A
1900011234567,2026-03-26,4,3.406,A
1900011234567,2026-03-26,5,3.357,A
1900011234567,2026-03-26,6,3.423,A
1900011234567,2026-03-26,7,3.072,A
1900011234567,2026-03-26,8,3.314,A
1900011234567,2026-03-26,9,3.107,A
1900011234567,2026-03-26,10,3.401,A
1900011234567,2026-03-26,11,3.351,A
1900011234567,2026-03-26,12,3.284,A
1900011234567,2026-03-26,13,3.171,A
1900011234567,2026-03-26,14,8.559,A
1900011234567,2026-03-26,15,13.935,A
1900011234567,2026-03-26,16,20.098,A
1900011234567,2026-03-26,17,20.011,A
1900011234567,2026-03-26,18,20.806,A
1900011234567,2026-03-26,19,20.191,A
1900011234567,2026-03-26,20,19.162,A
1900011234567,2026-03-26,21,20.606,A
1900011234567,2026-03-26,22,19.27,A
1900011234567,2026-03-26,23,19.39,A
1900011234567,2026-03-26,24,20.743,A
1900011234567,2026-03-26,25,20.879,A
1900011234567,2026-03-26,26,19.565,A
1900011234567,2026-03-26,27,20.28,A
1900011234567,2026-03-26,28,20.639,A
1900011234567,2026-03-26,29,20.52,A
1900011234567,2026-03-26,30,19.911,A
1900011234567,2026-03-26,31,18.843,A
1900011234567,2026-03-26,32,19.581,A
1900011234567,2026-03-26,33,19.893,A
1900011234567,2026-03-26,34,19.417,A
1900011234567,2026-03-26,35,19.995,A
1900011234567,2026-03-26,36,19.06,A
1900011234567,2026-03-26,37,20.495,A
1900011234567,2026-03-26,38,20.731,A
1900011234567,2026-03-26,39,20.346,A
1900011234567,2026-03-26,40,18.961,A
1900011234567,2026-03-26,41,20.238,A
1900011234567,2026-03-26,42,19.834,A
1900011234567,2026-03-26,43,13.849,A
1900011234567,2026-03-26,44,8.409,A
1900011234567,2026-03-26,45,3.162,A
1900011234567,2026-03-26,46,3.318,A
1900011234567,2026-03-26,47,3.4,A
1900011234567,2026-03-26,48,3.43,A
1900011234567,2026-03-27,1,3.229,A
1900011234567,2026-03-27,2,3.324,A
1900011234567,2026-03-27,3,3.154,A
1900011234567,2026-03-27,4,3.105,A
1900011234567,2026-03-27,5,3.209,A
1900011234567,2026-03-27,6,3.244,A
1900011234567,2026-03-27,7,3.335,A
1900011234567,2026-03-27,8,3.418,A
1900011234567,2026-03-27,9,3.065,A
1900011234567,2026-03-27,10,3.34,A
1900011234567,2026-03-27,11,3.204,A
1900011234567,2026-03-27,12,3.057,A
1900011234567,2026-03-27,13,3.269,A
1900011234567,2026-03-27,14,8.898,A
1900011234567,2026-03-27,15,15.031,A
1900011234567,2026-03-27,16,20.624,A
1900011234567,2026-03-27,17,20.349,A
1900011234567,2026-03-27,18,19.213,A
1900011234567,2026-03-27,19,19.3,A
1900011234567,2026-03-27,20,20.3,A
1900011234567,2026-03-27,21,19.721,A
1900011234567,2026-03-27,22,18.899,A
1900011234567,2026-03-27,23,19.134,A
1900011234567,2026-03-27,24,20.408,A
1900011234567,2026-03-27,25,20.508,A
1900011234567,2026-03-27,26,20.01,A
1900011234567,2026-03-27,27,19.689,A
1900011234567,2026-03-27,28,21.18,A
1900011234567,2026-03-27,29,19.131,A
1900011234567,2026-03-27,30,19.125,A
1900011234567,2026-03-27,31,18.999,A
1900011234567,2026-03-27,32,21.042,A
1900011234567,2026-03-27,33,19.833,A
1900011234567,2026-03-27,34,19.903,A
1900011234567,2026-03-27,35,19.956,A
1900011234567,2026-03-27,36,21.157,A
1900011234567,2026-03-27,37,20.052,A
1900011234567,2026-03-27,38,20.792,A
1900011234567,2026-03-27,39,18.809,A
1900011234567,2026-03-27,40,19.177,A
1900011234567,2026-03-27,41,18.863,A
1900011234567,2026-03-27,42,19.062,A
1900011234567,2026-03-27,43,14.643,A
1900011234567,2026-03-27,44,9.36,A
1900011234567,2026-03-27,45,3.173,A
1900011234567,2026-03-27,46,3.085,A
1900011234567,2026-03-27,47,3.085,A
1900011234567,2026-03-27,48,3.237,A
1900011234567,2026-03-28,1,3.074,A
1900011234567,2026-03-28,2,3.068,A
1900011234567,2026-03-28,3,3.127,A
1900011234567,2026-03-28,4,3.167,A
1900011234567,2026-03-28,5,3.406,A
1900011234567,2026-03-28,6,3.361,A
1900011234567,2026-03-28,7,3.356,A
1900011234567,2026-03-28,8,3.082,A
1900011234567,2026-03-28,9,3.237,A
1900011234567,2026-03-28,10,3.417,A
1900011234567,2026-03-28,11,3.192,A
1900011234567,2026-03-28,12,3.296,A
1900011234567,2026-03-28,13,3.109,A
1900011234567,2026-03-28,14,3.306,A
1900011234567,2026-03-28,15,3.161,A
1900011234567,2026-03-28,16,3.222,A
1900011234567,2026-03-28,17,7.278,A
1900011234567,2026-03-28,18,6.567,A
1900011234567,2026-03-28,19,6.952,A
1900011234567,2026-03-28,20,6.927,A
1900011234567,2026-03-28,21,7.13,A
1900011234567,2026-03-28,22,7.235,A
1900011234567,2026-03-28,23,6.68,A
1900011234567,2026-03-28,24,6.651,A
1900011234567,2026-03-28,25,6.82,A
1900011234567,2026-03-28,26,7.072,A
1900011234567,2026-03-28,27,7.104,A
1900011234567,2026-03-28,28,6.816,A
1900011234567,2026-03-28,29,6.72,A
1900011234567,2026-03-28,30,7.258,A
1900011234567,2026-03-28,31,7.178,A
1900011234567,2026-03-28,32,6.997,A
1900011234567,2026-03-28,33,3.376,A
1900011234567,2026-03-28,34,3.114,A
1900011234567,2026-03-28,35,3.082,A
1900011234567,2026-03-28,36,3.165,A
1900011234567,2026-03-28,37,3.218,A
1900011234567,2026-03-28,38,3.242,A
1900011234567,2026-03-28,39,3.1,A
1900011234567,2026-03-28,40,3.062,A
1900011234567,2026-03-28,41,3.131,A
1900011234567,2026-03-28,42,3.271,A
1900011234567,2026-03-28,43,3.344,A
1900011234567,2026-03-28,44,3.289,A
1900011234567,2026-03-28,45,3.286,A
1900011234567,2026-03-28,46,3.273,A
1900011234567,2026-03-28,47,3.165,A
1900011234567,2026-03-28,48,3.306,A
1900011234567,2026-03-29,1,3.441,A
1900011234567,2026-03-29,2,3.306,A
1900011234567,2026-03-29,3,3.428,A
1900011234567,2026-03-29,4,3.435,A
1900011234567,2026-03-29,5,3.061,A
1900011234567,2026-03-29,6,3.264,A
1900011234567,2026-03-29,7,3.172,A
1900011234567,2026-03-29,8,3.239,A
1900011234567,2026-03-29,9,3.092,A
1900011234567,2026-03-29,10,3.41,A
1900011234567,2026-03-29,11,3.357,A
1900011234567,2026-03-29,12,3.179,A
1900011234567,2026-03-29,13,3.232,A
1900011234567,2026-03-29,14,3.28,A
1900011234567,2026-03-29,15,3.278,A
1900011234567,2026-03-29,16,3.136,A
1900011234567,2026-03-29,17,6.766,A
1900011234567,2026-03-29,18,6.521,A
1900011234567,2026-03-29,19,6.627,A
1900011234567,2026-03-29,20,6.848,A
1900011234567,2026-03-29,21,6.885,A
1900011234567,2026-03-29,22,7.284,A
1900011234567,2026-03-29,23,6.904,A
1900011234567,2026-03-29,24,6.622,A
1900011234567,2026-03-29,25,7.07,A
1900011234567,2026-03-29,26,6.744,A
1900011234567,2026-03-29,27,6.94,A
1900011234567,2026-03-29,28,6.675,A
1900011234567,2026-03-29,29,6.986,A
1900011234567,2026-03-29,30,6.677,A
1900011234567,2026-03-29,31,6.959,A
1900011234567,2026-03-29,32,3.061,A
1900011234567,2026-03-29,33,3.222,A
1900011234567,2026-03-29,34,3.292,A
1900011234567,2026-03-29,35,3.366,A
1900011234567,2026-03-29,36,3.095,A
1900011234567,2026-03-29,37,3.237,A
1900011234567,2026-03-29,38,3.364,A
1900011234567,2026-03-29,39,3.347,A
1900011234567,2026-03-29,40,3.189,A
1900011234567,2026-03-29,41,3.311,A
1900011234567,2026-03-29,42,3.306,A
1900011234567,2026-03-29,43,3.276,A
1900011234567,2026-03-29,44,3.135,A
1900011234567,2026-03-29,45,3.083,A
1900011234567,2026-03-29,46,3.07,A
1900011234567,2026-03-30,1,3.421,A
1900011234567,2026-03-30,2,3.081,A
1900011234567,2026-03-30,3,3.428,A
1900011234567,2026-03-30,4,3.327,A
1900011234567,2026-03-30,5,3.18,A
1900011234567,2026-03-30,6,3.261,A
1900011234567,2026-03-30,7,3.319,A
1900011234567,2026-03-30,8,3.193,A
1900011234567,2026-03-30,9,3.131,A
1900011234567,2026-03-30,10,3.365,A
1900011234567,2026-03-30,11,3.173,A
1900011234567,2026-03-30,12,3.206,A
1900011234567,2026-03-30,13,3.387,A
1900011234567,2026-03-30,14,9.184,A
1900011234567,2026-03-30,15,14.231,A
1900011234567,2026-03-30,16,20.842,A
1900011234567,2026-03-30,17,19.24,A
1900011234567,2026-03-30,18,19.731,A
1900011234567,2026-03-30,19,19.563,A
1900011234567,2026-03-30,20,21.154,A
1900011234567,2026-03-30,21,19.058,A
1900011234567,2026-03-30,22,20.916,A
1900011234567,2026-03-30,23,19.945,A
1900011234567,2026-03-30,24,20.645,A
1900011234567,2026-03-30,25,20.593,A
1900011234567,2026-03-30,26,19.221,A
1900011234567,2026-03-30,27,19.913,A
1900011234567,2026-03-30,28,20.951,A
1900011234567,2026-03-30,29,19.568,A
1900011234567,2026-03-30,30,19.437,A
1900011234567,2026-03-30,31,18.886,A
1900011234567,2026-03-30,32,19.651,A
1900011234567,2026-03-30,33,19.478,A
1900011234567,2026-03-30,34,18.986,A
1900011234567,2026-03-30,35,19.154,A
1900011234567,2026-03-30,36,18.867,A
1900011234567,2026-03-30,37,19.434,A
1900011234567,2026-03-30,38,20.192,A
1900011234567,2026-03-30,39,20.542,A
1900011234567,2026-03-30,40,19.79,A
1900011234567,2026-03-30,41,20.393,A
1900011234567,2026-03-30,42,21.127,A
1900011234567,2026-03-30,43,14.635,A
1900011234567,2026-03-30,44,9.201,A
1900011234567,2026-03-30,45,3.212,A
1900011234567,2026-03-30,46,3.397,A
1900011234567,2026-03-30,47,3.397,A
1900011234567,2026-03-30,48,3.178,A
1900011234567,2026-03-31,1,3.23,A
1900011234567,2026-03-31,2,3.085,A
1900011234567,2026-03-31,3,3.109,A
1900011234567,2026-03-31,4,3.076,A
1900011234567,2026-03-31,5,3.109,A
1900011234567,2026-03-31,6,3.373,A
1900011234567,2026-03-31,7,3.29,A
1900011234567,2026-03-31,8,3.377,A
1900011234567,2026-03-31,9,3.151,A
1900011234567,2026-03-31,10,3.18,A
1900011234567,2026-03-31,11,3.15,A
1900011234567,2026-03-31,12,3.137,A
1900011234567,2026-03-31,13,3.442,A
1900011234567,2026-03-31,14,8.326,A
1900011234567,2026-03-31,15,14.616,A
1900011234567,2026-03-31,16,20.9,A
1900011234567,2026-03-31,17,20.843,A
1900011234567,2026-03-31,18,20.004,A
1900011234567,2026-03-31,19,20.201,A
1900011234567,2026-03-31,20,18.801,A
1900011234567,2026-03-31,21,19.787,A
1900011234567,2026-03-31,22,20.776,A
1900011234567,2026-03-31,23,20.273,A
1900011234567,2026-03-31,24,19.468,A
1900011234567,2026-03-31,25,18.837,A
1900011234567,2026-03-31,26,21.11,A
1900011234567,2026-03-31,27,19.765,A
1900011234567,2026-03-31,28,18.934,A
1900011234567,2026-03-31,29,19.259,A
1900011234567,2026-03-31,30,19.417,A
1900011234567,2026-03-31,31,19.667,A
1900011234567,2026-03-31,32,21.103,A
1900011234567,2026-03-31,33,18.871,A
1900011234567,2026-03-31,34,20.889,A
1900011234567,2026-03-31,35,20.792,A
1900011234567,2026-03-31,36,19.558,A
1900011234567,2026-03-31,37,20.727,A
1900011234567,2026-03-31,38,19.609,A
1900011234567,2026-03-31,39,21.113,A
1900011234567,2026-03-31,40,20.979,A
1900011234567,2026-03-31,41,20.355,A
1900011234567,2026-03-31,42,20.824,A
1900011234567,2026-03-31,43,14.923,A
1900011234567,2026-03-31,44,8.83,A
1900011234567,2026-03-31,45,3.244,A
1900011234567,2026-03-31,46,3.268,A
1900011234567,2026-03-31,47,3.381,A
1900011234567,2026-03-31,48,3.348,A
1900011234567,2026-02-03,22,24.624,A
1900011234567,2026-02-03,23,33.313,E
